Subplot a,,,,,,Subplot b,,,,,,Subplot c,,,,,,Subplot d,,,,,,Subplot e,,,,,,Subplot f
Data,,Ellipse Parameters,,,,Data,,Ellipse Parameters,,,,Data,,Ellipse Parameters,,,,Data,,Ellipse Parameters,,,,Data,,Ellipse Parameters,,,,Data,,Ellipse Parameters
"N_rel,1","N_rel,2","N_rel,1 = N_1,0 + V_1,0 / 2 * cos(phi)",,,,"N_rel,1","N_rel,2","N_rel,1 = N_1,0 + V_1,0 / 2 * cos(phi)",,,,"N_rel,1","N_rel,2","N_rel,1 = N_1,0 + V_1,0 / 2 * cos(phi)",,,,"N_rel,1","N_rel,2","N_rel,1 = N_1,0 + V_1,0 / 2 * cos(phi)",,,,"N_rel,1","N_rel,2","N_rel,1 = N_1,0 + V_1,0 / 2 * cos(phi)",,,,"N_rel,1","N_rel,2","N_rel,1 = N_1,0 + V_1,0 / 2 * cos(phi)",,
0.51680000000000004,0.45960000000000001,"N_rel,2 = N_2.0 + V_2,0 / 2 * cos(phi + pi + Deltaphi)",,,,0.73629999999999995,0.33850000000000002,"N_rel,2 = N_2.0 + V_2,0 / 2 * cos(phi + pi + Deltaphi)",,,,0.39560000000000001,0.85329999999999995,"N_rel,2 = N_2.0 + V_2,0 / 2 * cos(phi + pi + Deltaphi)",,,,0.51680000000000004,0.45960000000000001,"N_rel,2 = N_2.0 + V_2,0 / 2 * cos(phi + pi + Deltaphi)",,,,0.68669999999999998,0.36780000000000002,"N_rel,2 = N_2.0 + V_2,0 / 2 * cos(phi + pi + Deltaphi)",,,,0.5464,0.51119999999999999,"N_rel,2 = N_2.0 + V_2,0 / 2 * cos(phi + pi + Deltaphi)"
0.75570000000000004,0.2046,,,,,0.69820000000000004,0.22570000000000001,,,,,0.70960000000000001,9.8900000000000002E-2,,,,,0.75570000000000004,0.2046,,,,,0.37769999999999998,0.62960000000000005,,,,,0.49330000000000002,0.50039999999999996
0.70420000000000005,0.31619999999999998,"N_1,0",0.47877199999999998,,,0.67190000000000005,0.37659999999999999,"N_1,0",0.53227899999999995,,,0.19570000000000001,0.8085,"N_1,0",0.47984100000000002,,,0.70420000000000005,0.31619999999999998,"N_1,0",0.52665899999999999,,,0.58260000000000001,0.52839999999999998,"N_1,0",0.50105200000000005,,,0.50139999999999996,0.56269999999999998,"N_1,0",0.48223300000000002
0.50560000000000005,0.54490000000000005,lower bound,0.45902300000000001,,,0.75380000000000003,0.2571,lower bound,0.50609800000000005,,,0.48249999999999998,0.23830000000000001,lower bound,0.463009,,,0.50560000000000005,0.54490000000000005,lower bound,0.51248700000000003,,,0.59379999999999999,0.45900000000000002,lower bound,0.49843799999999999,,,0.4924,0.57640000000000002,lower bound,0.46530100000000002
0.6925,0.41839999999999999,upper bound,0.48438599999999998,,,0.4017,0.66539999999999999,upper bound,0.535717,,,0.16020000000000001,0.80320000000000003,upper bound,0.49035400000000001,,,0.6925,0.41839999999999999,upper bound,0.53094300000000005,,,0.54020000000000001,0.45810000000000001,upper bound,0.52068099999999995,,,0.45490000000000003,0.56910000000000005,upper bound,0.49367
0.59630000000000005,0.43630000000000002,,,,,0.71340000000000003,0.34060000000000001,,,,,0.91810000000000003,8.9399999999999993E-2,,,,,0.59630000000000005,0.43630000000000002,,,,,0.3871,0.64459999999999995,,,,,0.4602,0.59040000000000004
0.75109999999999999,0.25280000000000002,"N_2,0",0.48970000000000002,,,0.58660000000000001,0.39119999999999999,"N_2,0",0.49296499999999999,,,0.41739999999999999,0.6512,"N_2,0",0.48834899999999998,,,0.75109999999999999,0.25280000000000002,"N_2,0",0.48166100000000001,,,0.36559999999999998,0.69320000000000004,"N_2,0",0.53601900000000002,,,0.43669999999999998,0.61970000000000003,"N_2,0",0.57123199999999996
0.33660000000000001,0.65910000000000002,lower bound,0.47778900000000002,,,0.50270000000000004,0.48,lower bound,0.49025200000000002,,,0.58750000000000002,0.51170000000000004,lower bound,0.47608299999999998,,,0.33660000000000001,0.65910000000000002,lower bound,0.48146499999999998,,,0.38740000000000002,0.56699999999999995,lower bound,0.52046700000000001,,,0.46389999999999998,0.48720000000000002,lower bound,0.54047800000000001
0.63900000000000001,0.39179999999999998,upper bound,0.50412500000000005,,,0.73429999999999995,0.32219999999999999,upper bound,0.51460600000000001,,,0.56859999999999999,0.35589999999999999,upper bound,0.49369400000000002,,,0.63900000000000001,0.39179999999999998,upper bound,0.50658199999999998,,,0.56899999999999995,0.45889999999999997,upper bound,0.53975600000000001,,,0.46989999999999998,0.64080000000000004,upper bound,0.57826100000000002
0.46829999999999999,0.63859999999999995,,,,,0.61860000000000004,0.44009999999999999,,,,,0.33500000000000002,0.6321,,,,,0.46829999999999999,0.63859999999999995,,,,,0.4,0.55379999999999996,,,,,0.42209999999999998,0.57869999999999999
0.48309999999999997,0.54700000000000004,"V_1,0",0.52467799999999998,,,0.43030000000000002,0.59899999999999998,"V_1,0",0.59599999999999997,,,0.80269999999999997,0.26169999999999999,"V_1,0",0.71420799999999995,,,0.48309999999999997,0.54700000000000004,"V_1,0",0.52796399999999999,,,0.44259999999999999,0.59209999999999996,"V_1,0",0.33486399999999999,,,0.48749999999999999,0.48980000000000001,"V_1,0",0.28697600000000001
0.62780000000000002,0.38679999999999998,lower bound,0.48078599999999999,,,0.2606,0.69869999999999999,lower bound,0.54161999999999999,,,0.69820000000000004,0.3246,lower bound,0.66895400000000005,,,0.62780000000000002,0.38679999999999998,lower bound,0.49521799999999999,,,0.62560000000000004,0.49320000000000003,lower bound,0.31346200000000002,,,0.45579999999999998,0.64280000000000004,lower bound,0.22057599999999999
0.2949,0.78200000000000003,upper bound,0.53723200000000004,,,0.69430000000000003,0.27929999999999999,upper bound,0.60802199999999995,,,0.50419999999999998,0.57969999999999999,upper bound,0.74154799999999998,,,0.2949,0.78200000000000003,upper bound,0.53346199999999999,,,0.38679999999999998,0.62819999999999998,upper bound,0.36359399999999997,,,0.56259999999999999,0.53639999999999999,upper bound,0.282692
0.27879999999999999,0.6613,,,,,0.76970000000000005,0.28089999999999998,,,,,0.85429999999999995,6.13E-2,,,,,0.27879999999999999,0.6613,,,,,0.39029999999999998,0.5494,,,,,0.43940000000000001,0.52759999999999996
0.38069999999999998,0.69030000000000002,"V_2,0",0.67461000000000004,,,0.23899999999999999,0.75449999999999995,"V_2,0",0.58199199999999995,,,0.43459999999999999,0.24310000000000001,"V_2,0",0.89985400000000004,,,0.38069999999999998,0.69030000000000002,"V_2,0",0.59214,,,0.45169999999999999,0.50970000000000004,"V_2,0",0.24717800000000001,,,0.42,0.69330000000000003,"V_2,0",0.32512400000000002
0.43059999999999998,0.59530000000000005,lower bound,0.62793200000000005,,,0.61980000000000002,0.40239999999999998,lower bound,0.53856000000000004,,,0.26960000000000001,0.95379999999999998,lower bound,0.880714,,,0.43059999999999998,0.59530000000000005,lower bound,0.527084,,,0.40639999999999998,0.629,lower bound,0.224408,,,0.4214,0.60389999999999999,lower bound,0.239208
0.46839999999999998,0.54930000000000001,upper bound,0.67784599999999995,,,0.42120000000000002,0.65620000000000001,upper bound,0.58276399999999995,,,0.47210000000000002,0.25840000000000002,upper bound,0.91507000000000005,,,0.46839999999999998,0.54930000000000001,upper bound,0.59713799999999995,,,0.66059999999999997,0.43530000000000002,upper bound,0.28700599999999998,,,0.56379999999999997,0.49209999999999998,upper bound,0.31881799999999999
0.25369999999999998,0.72350000000000003,,,,,0.64390000000000003,0.49280000000000002,,,,,0.68059999999999998,0.159,,,,,0.25369999999999998,0.72350000000000003,,,,,0.69020000000000004,0.43659999999999999,,,,,0.55000000000000004,0.47020000000000001
0.41899999999999998,0.54559999999999997,Deltaphi,-0.1673,,,0.74990000000000001,0.47070000000000001,Deltaphi,-0.1492,,,0.42209999999999998,0.79420000000000002,Deltaphi,-0.4718,,,0.41899999999999998,0.54559999999999997,Deltaphi,-0.18690000000000001,,,0.59570000000000001,0.52949999999999997,Deltaphi,-0.39639999999999997,,,0.41339999999999999,0.63180000000000003,Deltaphi,-0.2243
0.57540000000000002,0.48630000000000001,lower bound,-0.19320000000000001,,,0.27300000000000002,0.69930000000000003,lower bound,-0.18190000000000001,,,0.69069999999999998,7.2300000000000003E-2,lower bound,-0.51519999999999999,,,0.57540000000000002,0.48630000000000001,lower bound,-0.19889999999999999,,,0.46329999999999999,0.61729999999999996,lower bound,-0.44479999999999997,,,0.52629999999999999,0.53049999999999997,lower bound,-0.32850000000000001
0.51690000000000003,0.39589999999999997,upper bound,0,,,0.69089999999999996,0.3296,upper bound,0,,,6.6100000000000006E-2,0.94920000000000004,upper bound,0,,,0.51690000000000003,0.39589999999999997,upper bound,0,,,0.4345,0.55079999999999996,upper bound,0,,,0.40760000000000002,0.65190000000000003,upper bound,0
0.42570000000000002,0.68379999999999996,,,,,0.66620000000000001,0.38100000000000001,,,,,0.28820000000000001,0.50129999999999997,,,,,0.42570000000000002,0.68379999999999996,,,,,0.4289,0.53569999999999995,,,,,0.50600000000000001,0.56559999999999999
0.40060000000000001,0.5786,,,,,0.79500000000000004,0.29530000000000001,,,,,0.54330000000000001,0.92810000000000004,,,,,0.40060000000000001,0.5786,,,,,0.39739999999999998,0.55479999999999996,,,,,0.38179999999999997,0.66800000000000004
0.68679999999999997,0.45500000000000002,,,,,0.71679999999999999,0.4052,,,,,0.2208,0.2999,,,,,0.68679999999999997,0.45500000000000002,,,,,0.61329999999999996,0.54600000000000004,,,,,0.42270000000000002,0.64480000000000004
0.31290000000000001,0.76939999999999997,,,,,0.38109999999999999,0.67030000000000001,,,,,0.504,0.39700000000000002,,,,,0.31290000000000001,0.76939999999999997,,,,,0.53500000000000003,0.48499999999999999,,,,,0.47749999999999998,0.56899999999999995
0.41339999999999999,0.55330000000000001,,,,,0.83120000000000005,0.22120000000000001,,,,,0.4844,0.6855,,,,,0.41339999999999999,0.55330000000000001,,,,,0.65,0.44569999999999999,,,,,0.3548,0.65169999999999995
0.48070000000000002,0.4073,,,,,0.77580000000000005,0.24979999999999999,,,,,0.49209999999999998,0.1082,,,,,0.48070000000000002,0.4073,,,,,0.32450000000000001,0.59760000000000002,,,,,0.55579999999999996,0.47410000000000002
0.33910000000000001,0.67589999999999995,,,,,0.74109999999999998,0.25729999999999997,,,,,0.63480000000000003,5.6000000000000001E-2,,,,,0.33910000000000001,0.67589999999999995,,,,,0.37730000000000002,0.65239999999999998,,,,,0.47610000000000002,0.56920000000000004
0.34949999999999998,0.62109999999999999,,,,,0.69840000000000002,0.34839999999999999,,,,,0.44040000000000001,0.58169999999999999,,,,,0.34949999999999998,0.62109999999999999,,,,,0.67600000000000005,0.44840000000000002,,,,,0.59519999999999995,0.45490000000000003
0.58579999999999999,0.4214,,,,,0.34329999999999999,0.73360000000000003,,,,,0.1633,0.89710000000000001,,,,,0.58579999999999999,0.4214,,,,,0.5736,0.46450000000000002,,,,,0.48670000000000002,0.53849999999999998
0.51119999999999999,0.52170000000000005,,,,,0.38490000000000002,0.70440000000000003,,,,,0.28710000000000002,0.56859999999999999,,,,,0.51119999999999999,0.52170000000000005,,,,,0.60399999999999998,0.4274,,,,,0.5403,0.45269999999999999
0.47149999999999997,0.64170000000000005,,,,,0.3266,0.57010000000000005,,,,,0.20330000000000001,0.66930000000000001,,,,,0.47149999999999997,0.64170000000000005,,,,,0.36249999999999999,0.69140000000000001,,,,,0.41020000000000001,0.57569999999999999
0.59009999999999996,0.33950000000000002,,,,,0.3674,0.61760000000000004,,,,,0.32990000000000003,0.52429999999999999,,,,,0.59009999999999996,0.33950000000000002,,,,,0.36530000000000001,0.57189999999999996,,,,,0.35370000000000001,0.61750000000000005
0.56159999999999999,0.50529999999999997,,,,,0.3327,0.62460000000000004,,,,,0.2155,0.7288,,,,,0.56159999999999999,0.50529999999999997,,,,,0.56940000000000002,0.4587,,,,,0.498,0.50880000000000003
0.28060000000000002,0.67430000000000001,,,,,0.53690000000000004,0.4919,,,,,0.84460000000000002,8.3000000000000004E-2,,,,,0.28060000000000002,0.67430000000000001,,,,,0.44350000000000001,0.51890000000000003,,,,,0.47099999999999997,0.57550000000000001
0.76549999999999996,0.2417,,,,,0.39100000000000001,0.79390000000000005,,,,,0.62770000000000004,0.41739999999999999,,,,,0.76549999999999996,0.2417,,,,,0.4929,0.51039999999999996,,,,,0.58430000000000004,0.43509999999999999
0.27139999999999997,0.76729999999999998,,,,,0.6139,0.37390000000000001,,,,,0.5696,8.2500000000000004E-2,,,,,0.27139999999999997,0.76729999999999998,,,,,0.43590000000000001,0.64829999999999999,,,,,0.54479999999999995,0.44340000000000002
0.66700000000000004,0.37390000000000001,,,,,0.72960000000000003,0.2082,,,,,0.2324,0.86860000000000004,,,,,0.66700000000000004,0.37390000000000001,,,,,0.5181,0.49559999999999998,,,,,0.43469999999999998,0.64829999999999999
0.44569999999999999,0.59560000000000002,,,,,0.45,0.55889999999999995,,,,,0.34039999999999998,0.21709999999999999,,,,,0.44569999999999999,0.59560000000000002,,,,,0.43280000000000002,0.60489999999999999,,,,,0.4425,0.60240000000000005
0.5746,0.45390000000000003,,,,,0.32379999999999998,0.6915,,,,,0.19670000000000001,0.57930000000000004,,,,,0.5746,0.45390000000000003,,,,,0.36070000000000002,0.55279999999999996,,,,,0.52449999999999997,0.50129999999999997
0.69350000000000001,0.35120000000000001,,,,,0.70750000000000002,0.24379999999999999,,,,,0.54569999999999996,0.32229999999999998,,,,,0.69350000000000001,0.35120000000000001,,,,,0.41660000000000003,0.58840000000000003,,,,,0.5121,0.53559999999999997
0.54010000000000002,0.4088,,,,,0.35170000000000001,0.63449999999999995,,,,,0.41949999999999998,0.62439999999999996,,,,,0.54010000000000002,0.4088,,,,,0.44679999999999997,0.59460000000000002,,,,,0.4264,0.60650000000000004
0.78080000000000005,0.19420000000000001,,,,,0.3654,0.79979999999999996,,,,,0.53559999999999997,0.26090000000000002,,,,,0.78080000000000005,0.19420000000000001,,,,,0.42470000000000002,0.64839999999999998,,,,,0.54910000000000003,0.50209999999999999
0.64710000000000001,0.377,,,,,0.35199999999999998,0.68899999999999995,,,,,0.49580000000000002,0.63060000000000005,,,,,0.64710000000000001,0.377,,,,,0.44400000000000001,0.63170000000000004,,,,,0.48359999999999997,0.53979999999999995
0.7248,0.3085,,,,,0.37130000000000002,0.63360000000000005,,,,,0.6341,0.49440000000000001,,,,,0.7248,0.3085,,,,,0.64380000000000004,0.41089999999999999,,,,,0.40989999999999999,0.62309999999999999
0.63519999999999999,0.40310000000000001,,,,,0.57830000000000004,0.44109999999999999,,,,,0.54200000000000004,0.9335,,,,,0.63519999999999999,0.40310000000000001,,,,,0.41339999999999999,0.63849999999999996,,,,,0.36940000000000001,0.71730000000000005
0.50939999999999996,0.39610000000000001,,,,,0.26579999999999998,0.76790000000000003,,,,,0.67169999999999996,0.30580000000000002,,,,,0.50939999999999996,0.39610000000000001,,,,,0.61319999999999997,0.46400000000000002,,,,,0.57220000000000004,0.49719999999999998
0.59799999999999998,0.39910000000000001,,,,,0.67910000000000004,0.2079,,,,,0.80720000000000003,8.4099999999999994E-2,,,,,0.59799999999999998,0.39910000000000001,,,,,0.59399999999999997,0.55720000000000003,,,,,0.5081,0.52910000000000001
0.6633,0.32240000000000002,,,,,0.26319999999999999,0.82650000000000001,,,,,0.78859999999999997,6.9199999999999998E-2,,,,,0.6633,0.32240000000000002,,,,,0.37030000000000002,0.63080000000000003,,,,,0.4299,0.57599999999999996
0.64729999999999999,0.43280000000000002,,,,,0.2112,0.65269999999999995,,,,,0.52110000000000001,0.4128,,,,,0.64729999999999999,0.43280000000000002,,,,,0.52270000000000005,0.47049999999999997,,,,,0.34429999999999999,0.72940000000000005
0.4657,0.54179999999999995,,,,,0.18079999999999999,0.71709999999999996,,,,,0.1303,0.57279999999999998,,,,,0.4657,0.54179999999999995,,,,,0.6089,0.37090000000000001,,,,,0.61880000000000002,0.54420000000000002
0.53420000000000001,0.49780000000000002,,,,,0.61660000000000004,0.3821,,,,,0.91200000000000003,0.12230000000000001,,,,,0.53420000000000001,0.49780000000000002,,,,,0.60070000000000001,0.44419999999999998,,,,,0.47539999999999999,0.58350000000000002
0.54330000000000001,0.55220000000000002,,,,,0.60609999999999997,0.30309999999999998,,,,,0.48130000000000001,0.62909999999999999,,,,,0.54330000000000001,0.55220000000000002,,,,,0.40899999999999997,0.63549999999999995,,,,,0.47970000000000002,0.56850000000000001
0.55459999999999998,0.43790000000000001,,,,,0.74960000000000004,0.28499999999999998,,,,,0.59689999999999999,0.5887,,,,,0.55459999999999998,0.43790000000000001,,,,,0.37,0.59299999999999997,,,,,0.63090000000000002,0.42570000000000002
0.67900000000000005,0.36899999999999999,,,,,0.24909999999999999,0.76770000000000005,,,,,0.73180000000000001,0.40339999999999998,,,,,0.67900000000000005,0.36899999999999999,,,,,0.42280000000000001,0.59540000000000004,,,,,0.36859999999999998,0.59030000000000005
0.44850000000000001,0.61550000000000005,,,,,0.37680000000000002,0.62050000000000005,,,,,0.37780000000000002,0.82869999999999999,,,,,0.44850000000000001,0.61550000000000005,,,,,0.63139999999999996,0.49590000000000001,,,,,0.52210000000000001,0.51490000000000002
0.53080000000000005,0.46550000000000002,,,,,0.77949999999999997,0.34860000000000002,,,,,0.25869999999999999,0.87429999999999997,,,,,0.53080000000000005,0.46550000000000002,,,,,0.59689999999999999,0.40749999999999997,,,,,0.56240000000000001,0.55969999999999998
0.4819,0.49320000000000003,,,,,0.71719999999999995,0.3155,,,,,0.35310000000000002,0.71560000000000001,,,,,0.4819,0.49320000000000003,,,,,0.34200000000000003,0.65539999999999998,,,,,0.39950000000000002,0.63949999999999996
0.45789999999999997,0.60360000000000003,,,,,0.2024,0.74529999999999996,,,,,0.71309999999999996,0.42109999999999997,,,,,0.45789999999999997,0.60360000000000003,,,,,0.62480000000000002,0.48259999999999997,,,,,0.59730000000000005,0.33979999999999999
0.69159999999999999,0.34100000000000003,,,,,0.52910000000000001,0.52090000000000003,,,,,0.40529999999999999,0.15540000000000001,,,,,0.69159999999999999,0.34100000000000003,,,,,0.4506,0.60240000000000005,,,,,0.53859999999999997,0.58279999999999998
0.48180000000000001,0.51690000000000003,,,,,0.36049999999999999,0.63949999999999996,,,,,0.39900000000000002,0.22639999999999999,,,,,0.48180000000000001,0.51690000000000003,,,,,0.54949999999999999,0.52710000000000001,,,,,0.47670000000000001,0.61280000000000001
0.53029999999999999,0.63419999999999999,,,,,0.61339999999999995,0.36730000000000002,,,,,0.79659999999999997,5.8400000000000001E-2,,,,,0.53029999999999999,0.63419999999999999,,,,,0.4047,0.57920000000000005,,,,,0.502,0.52159999999999995
0.55610000000000004,0.49969999999999998,,,,,0.50329999999999997,0.52049999999999996,,,,,0.3604,0.92430000000000001,,,,,0.55610000000000004,0.49969999999999998,,,,,0.41560000000000002,0.63939999999999997,,,,,0.51200000000000001,0.47389999999999999
0.68640000000000001,0.21709999999999999,,,,,0.3972,0.62019999999999997,,,,,0.4773,0.46929999999999999,,,,,0.68640000000000001,0.21709999999999999,,,,,0.41860000000000003,0.6744,,,,,0.43969999999999998,0.54879999999999995
,,,,,,0.2697,0.75719999999999998,,,,,0.19789999999999999,0.4768,,,,,,,,,,,0.63370000000000004,0.44840000000000002,,,,,0.51739999999999997,0.44990000000000002
,,,,,,,,,,,,0.48509999999999998,0.30270000000000002,,,,,,,,,,,0.39439999999999997,0.61760000000000004,,,,,0.39019999999999999,0.61119999999999997
,,,,,,,,,,,,0.67049999999999998,0.2888,,,,,,,,,,,,,,,,,0.49630000000000002,0.58609999999999995
,,,,,,,,,,,,0.25259999999999999,0.89300000000000002
,,,,,,,,,,,,0.1414,0.47349999999999998
,,,,,,,,,,,,0.69569999999999999,0.2319
,,,,,,,,,,,,0.14330000000000001,0.54339999999999999
,,,,,,,,,,,,0.65710000000000002,0.1017
,,,,,,,,,,,,0.22420000000000001,0.64180000000000004
,,,,,,,,,,,,0.78939999999999999,6.3600000000000004E-2
,,,,,,,,,,,,0.42970000000000003,0.41439999999999999
,,,,,,,,,,,,0.53069999999999995,0.62270000000000003
,,,,,,,,,,,,0.18920000000000001,0.8851
,,,,,,,,,,,,0.73699999999999999,0.39789999999999998
,,,,,,,,,,,,0.26779999999999998,0.45140000000000002
,,,,,,,,,,,,0.40620000000000001,0.34660000000000002
,,,,,,,,,,,,0.63790000000000002,0.35820000000000002
,,,,,,,,,,,,0.1656,0.93579999999999997
,,,,,,,,,,,,0.70089999999999997,8.3599999999999994E-2
,,,,,,,,,,,,0.88349999999999995,0.17369999999999999
,,,,,,,,,,,,0.38850000000000001,0.42599999999999999
,,,,,,,,,,,,0.58730000000000004,0.49009999999999998
,,,,,,,,,,,,0.26690000000000003,0.61040000000000005
,,,,,,,,,,,,0.23630000000000001,0.91869999999999996
,,,,,,,,,,,,0.90310000000000001,0.22090000000000001
,,,,,,,,,,,,0.86529999999999996,0.2099
,,,,,,,,,,,,0.3604,0.89500000000000002
,,,,,,,,,,,,0.7127,0.1351
,,,,,,,,,,,,0.2276,0.68089999999999995
,,,,,,,,,,,,0.1186,0.67010000000000003
,,,,,,,,,,,,0.1114,0.87760000000000005
,,,,,,,,,,,,0.4471,0.64149999999999996
,,,,,,,,,,,,0.71160000000000001,0.39829999999999999
,,,,,,,,,,,,0.39560000000000001,0.5645
,,,,,,,,,,,,0.25259999999999999,0.85850000000000004
,,,,,,,,,,,,0.45700000000000002,0.55220000000000002
,,,,,,,,,,,,0.1547,0.87960000000000005
,,,,,,,,,,,,0.2011,0.45040000000000002
,,,,,,,,,,,,0.6734,0.46179999999999999
,,,,,,,,,,,,0.82609999999999995,6.5799999999999997E-2
,,,,,,,,,,,,0.37109999999999999,0.75139999999999996
,,,,,,,,,,,,0.14929999999999999,0.92459999999999998
,,,,,,,,,,,,0.39539999999999997,0.61919999999999997
,,,,,,,,,,,,0.3039,0.88980000000000004
,,,,,,,,,,,,0.7742,0.2268
,,,,,,,,,,,,0.56620000000000004,0.74060000000000004
,,,,,,,,,,,,0.28199999999999997,0.8891
,,,,,,,,,,,,0.34420000000000001,0.57130000000000003
