group	kind	band	execution_block	filename	bytes	http	last_modified	etag	url
ASA_dataPortal	ASDM_SEMIPASS	6	uid://A002/X8fd70d/X1484	2011.0.00016.SV_uid___A002_X8fd70d_X1484.asdm.sdm.tar	4957810688	200			https://almascience.eso.org/dataPortal/2011.0.00016.SV_uid___A002_X8fd70d_X1484.asdm.sdm.tar
ASA_dataPortal	ASDM_SEMIPASS	6	uid://A002/X8fd70d/X188b	2011.0.00016.SV_uid___A002_X8fd70d_X188b.asdm.sdm.tar	3655892992	200			https://almascience.eso.org/dataPortal/2011.0.00016.SV_uid___A002_X8fd70d_X188b.asdm.sdm.tar
ASA_dataPortal	ASDM_SEMIPASS	6	uid://A002/X907514/X11d6	2011.0.00016.SV_uid___A002_X907514_X11d6.asdm.sdm.tar	6338478080	200			https://almascience.eso.org/dataPortal/2011.0.00016.SV_uid___A002_X907514_X11d6.asdm.sdm.tar
ASA_dataPortal	ASDM_SEMIPASS	4	uid://A002/X91068d/Xa1e	2011.0.00016.SV_uid___A002_X91068d_Xa1e.asdm.sdm.tar	7066663936	200			https://almascience.eso.org/dataPortal/2011.0.00016.SV_uid___A002_X91068d_Xa1e.asdm.sdm.tar
ASA_dataPortal	ASDM_SEMIPASS	4	uid://A002/X91068d/Xc50	2011.0.00016.SV_uid___A002_X91068d_Xc50.asdm.sdm.tar	4931837952	200			https://almascience.eso.org/dataPortal/2011.0.00016.SV_uid___A002_X91068d_Xc50.asdm.sdm.tar
ASA_dataPortal	ASDM_SEMIPASS	4	uid://A002/X91068d/Xead	2011.0.00016.SV_uid___A002_X91068d_Xead.asdm.sdm.tar	6465080320	200			https://almascience.eso.org/dataPortal/2011.0.00016.SV_uid___A002_X91068d_Xead.asdm.sdm.tar
ASA_dataPortal	ASDM_SEMIPASS	4	uid://A002/X915f1c/X5d0	2011.0.00016.SV_uid___A002_X915f1c_X5d0.asdm.sdm.tar	4681423872	200			https://almascience.eso.org/dataPortal/2011.0.00016.SV_uid___A002_X915f1c_X5d0.asdm.sdm.tar
ASA_dataPortal	ASDM_SEMIPASS	6	uid://A002/X915f1c/X8be	2011.0.00016.SV_uid___A002_X915f1c_X8be.asdm.sdm.tar	4954334208	200			https://almascience.eso.org/dataPortal/2011.0.00016.SV_uid___A002_X915f1c_X8be.asdm.sdm.tar
ASA_dataPortal	ASDM_SEMIPASS	6	uid://A002/X916b15/X1716	2011.0.00016.SV_uid___A002_X916b15_X1716.asdm.sdm.tar	5269903360	200			https://almascience.eso.org/dataPortal/2011.0.00016.SV_uid___A002_X916b15_X1716.asdm.sdm.tar
ASA_dataPortal	ASDM_SEMIPASS	7	uid://A002/X91dc9f/X2eb	2011.0.00016.SV_uid___A002_X91dc9f_X2eb.asdm.sdm.tar	10409178112	200			https://almascience.eso.org/dataPortal/2011.0.00016.SV_uid___A002_X91dc9f_X2eb.asdm.sdm.tar
ASA_dataPortal	ASDM_SEMIPASS	7	uid://A002/X91dc9f/X517	2011.0.00016.SV_uid___A002_X91dc9f_X517.asdm.sdm.tar	10653729792	200			https://almascience.eso.org/dataPortal/2011.0.00016.SV_uid___A002_X91dc9f_X517.asdm.sdm.tar
ASA_dataPortal	ASDM_SEMIPASS	7	uid://A002/X91dc9f/Xb6	2011.0.00016.SV_uid___A002_X91dc9f_Xb6.asdm.sdm.tar	12059377664	200			https://almascience.eso.org/dataPortal/2011.0.00016.SV_uid___A002_X91dc9f_Xb6.asdm.sdm.tar
ASA_dataPortal	ASDM_SEMIPASS	7	uid://A002/X91f01f/X5e6	2011.0.00016.SV_uid___A002_X91f01f_X5e6.asdm.sdm.tar	9562237952	200			https://almascience.eso.org/dataPortal/2011.0.00016.SV_uid___A002_X91f01f_X5e6.asdm.sdm.tar
ASA_dataPortal	ASDM_SEMIPASS	7	uid://A002/X91f01f/X812	2011.0.00016.SV_uid___A002_X91f01f_X812.asdm.sdm.tar	9562328064	200			https://almascience.eso.org/dataPortal/2011.0.00016.SV_uid___A002_X91f01f_X812.asdm.sdm.tar
ASA_dataPortal	ASDM_SEMIPASS	7	uid://A002/X920302/X1059	2011.0.00016.SV_uid___A002_X920302_X1059.asdm.sdm.tar	11389420544	200			https://almascience.eso.org/dataPortal/2011.0.00016.SV_uid___A002_X920302_X1059.asdm.sdm.tar
ASA_dataPortal	ASDM_SEMIPASS	7	uid://A002/X920302/X1336	2011.0.00016.SV_uid___A002_X920302_X1336.asdm.sdm.tar	11342030848	200			https://almascience.eso.org/dataPortal/2011.0.00016.SV_uid___A002_X920302_X1336.asdm.sdm.tar
ASA_dataPortal	ASDM_SEMIPASS	7	uid://A002/X920302/X1562	2011.0.00016.SV_uid___A002_X920302_X1562.asdm.sdm.tar	11698390016	200			https://almascience.eso.org/dataPortal/2011.0.00016.SV_uid___A002_X920302_X1562.asdm.sdm.tar
ASA_dataPortal	ASDM_SEMIPASS	7	uid://A002/X920302/Xe29	2011.0.00016.SV_uid___A002_X920302_Xe29.asdm.sdm.tar	11389438976	200			https://almascience.eso.org/dataPortal/2011.0.00016.SV_uid___A002_X920302_Xe29.asdm.sdm.tar
ASA_dataPortal	ASDM_SEMIPASS	6	uid://A002/X923b56/X43c	2011.0.00016.SV_uid___A002_X923b56_X43c.asdm.sdm.tar	10697946112	200			https://almascience.eso.org/dataPortal/2011.0.00016.SV_uid___A002_X923b56_X43c.asdm.sdm.tar
ASA_dataPortal	ASDM_SEMIPASS	6	uid://A002/X923b56/X65f	2011.0.00016.SV_uid___A002_X923b56_X65f.asdm.sdm.tar	10697825280	200			https://almascience.eso.org/dataPortal/2011.0.00016.SV_uid___A002_X923b56_X65f.asdm.sdm.tar
ASA_dataPortal	ASDM_SEMIPASS	4	uid://A002/X924c91/X12c	2011.0.00016.SV_uid___A002_X924c91_X12c.asdm.sdm.tar	15099610112	200			https://almascience.eso.org/dataPortal/2011.0.00016.SV_uid___A002_X924c91_X12c.asdm.sdm.tar
ASA_dataPortal	ASDM_SEMIPASS	4	uid://A002/X924c91/X34f	2011.0.00016.SV_uid___A002_X924c91_X34f.asdm.sdm.tar	15099683840	200			https://almascience.eso.org/dataPortal/2011.0.00016.SV_uid___A002_X924c91_X34f.asdm.sdm.tar
ASA_dataPortal	ASDM_SEMIPASS	4	uid://A002/X924c91/X572	2011.0.00016.SV_uid___A002_X924c91_X572.asdm.sdm.tar	15099720704	200			https://almascience.eso.org/dataPortal/2011.0.00016.SV_uid___A002_X924c91_X572.asdm.sdm.tar
ASA_dataPortal	ASDM_SEMIPASS	4	uid://A002/X924c91/X847	2011.0.00016.SV_uid___A002_X924c91_X847.asdm.sdm.tar	14154798080	200			https://almascience.eso.org/dataPortal/2011.0.00016.SV_uid___A002_X924c91_X847.asdm.sdm.tar
ASA_dataPortal	ASDM_SEMIPASS	4	uid://A002/X924c91/Xa47	2011.0.00016.SV_uid___A002_X924c91_Xa47.asdm.sdm.tar	15247220736	200			https://almascience.eso.org/dataPortal/2011.0.00016.SV_uid___A002_X924c91_Xa47.asdm.sdm.tar
ASA_dataPortal	ASDM_SEMIPASS	7	uid://A002/X925649/Xa99	2011.0.00016.SV_uid___A002_X925649_Xa99.asdm.sdm.tar	8669876224	200			https://almascience.eso.org/dataPortal/2011.0.00016.SV_uid___A002_X925649_Xa99.asdm.sdm.tar
ASA_dataPortal	ASDM_SEMIPASS	7	uid://A002/X925649/Xcc5	2011.0.00016.SV_uid___A002_X925649_Xcc5.asdm.sdm.tar	8551049216	200			https://almascience.eso.org/dataPortal/2011.0.00016.SV_uid___A002_X925649_Xcc5.asdm.sdm.tar
ASA_dataPortal	ASDM_SEMIPASS	6	uid://A002/X92c694/X1099	2011.0.00016.SV_uid___A002_X92c694_X1099.asdm.sdm.tar	9280667648	200			https://almascience.eso.org/dataPortal/2011.0.00016.SV_uid___A002_X92c694_X1099.asdm.sdm.tar
ASA_dataPortal	ASDM_SEMIPASS	6	uid://A002/X92ec61/X1f23	2011.0.00016.SV_uid___A002_X92ec61_X1f23.asdm.sdm.tar	7716950016	200			https://almascience.eso.org/dataPortal/2011.0.00016.SV_uid___A002_X92ec61_X1f23.asdm.sdm.tar
ASA_dataPortal	ASDM_SEMIPASS	4	uid://A002/X93514d/X1634	2011.0.00016.SV_uid___A002_X93514d_X1634.asdm.sdm.tar	16294638592	200			https://almascience.eso.org/dataPortal/2011.0.00016.SV_uid___A002_X93514d_X1634.asdm.sdm.tar
ASA_dataPortal	ASDM_SEMIPASS	4	uid://A002/X93514d/X1857	2011.0.00016.SV_uid___A002_X93514d_X1857.asdm.sdm.tar	16453101568	200			https://almascience.eso.org/dataPortal/2011.0.00016.SV_uid___A002_X93514d_X1857.asdm.sdm.tar
ASA_dataPortal	ASDM_SEMIPASS	4	uid://A002/X93514d/Xfc6	2011.0.00016.SV_uid___A002_X93514d_Xfc6.asdm.sdm.tar	17545526272	200			https://almascience.eso.org/dataPortal/2011.0.00016.SV_uid___A002_X93514d_Xfc6.asdm.sdm.tar
ASA_dataPortal	PIPELINE_PRODUCT			2011.0.00016.SV_2011-06-01_001_of_005.tar	9043149221	200			https://almascience.eso.org/dataPortal/2011.0.00016.SV_2011-06-01_001_of_005.tar
ASA_dataPortal	PIPELINE_PRODUCT			2011.0.00016.SV_2011-06-01_002_of_005.tar	17910	200			https://almascience.eso.org/dataPortal/2011.0.00016.SV_2011-06-01_002_of_005.tar
ASA_dataPortal	PIPELINE_PRODUCT			2011.0.00016.SV_2011-06-01_003_of_005.tar	1212386119	200			https://almascience.eso.org/dataPortal/2011.0.00016.SV_2011-06-01_003_of_005.tar
ASA_dataPortal	PIPELINE_PRODUCT			2011.0.00016.SV_2011-06-01_004_of_005.tar	77538234020	200			https://almascience.eso.org/dataPortal/2011.0.00016.SV_2011-06-01_004_of_005.tar
ASA_dataPortal	PIPELINE_PRODUCT			2011.0.00016.SV_2011-06-01_005_of_005.tar	10240	200			https://almascience.eso.org/dataPortal/2011.0.00016.SV_2011-06-01_005_of_005.tar
ASA_dataPortal	PIPELINE_PRODUCT			2011.0.00016.SV_2011-07-01_001_of_005.tar	44965898587	200			https://almascience.eso.org/dataPortal/2011.0.00016.SV_2011-07-01_001_of_005.tar
ASA_dataPortal	PIPELINE_PRODUCT			2011.0.00016.SV_2011-07-01_002_of_005.tar	13274	200			https://almascience.eso.org/dataPortal/2011.0.00016.SV_2011-07-01_002_of_005.tar
ASA_dataPortal	PIPELINE_PRODUCT			2011.0.00016.SV_2011-07-01_003_of_005.tar	386715687	200			https://almascience.eso.org/dataPortal/2011.0.00016.SV_2011-07-01_003_of_005.tar
ASA_dataPortal	PIPELINE_PRODUCT			2011.0.00016.SV_2011-07-01_004_of_005.tar	34501182039	200			https://almascience.eso.org/dataPortal/2011.0.00016.SV_2011-07-01_004_of_005.tar
ASA_dataPortal	PIPELINE_PRODUCT			2011.0.00016.SV_2011-07-01_005_of_005.tar	10240	200			https://almascience.eso.org/dataPortal/2011.0.00016.SV_2011-07-01_005_of_005.tar
ASA_dataPortal	PIPELINE_PRODUCT			2011.0.00016.SV_2011-08-01_001_of_006.tar	1721222	200			https://almascience.eso.org/dataPortal/2011.0.00016.SV_2011-08-01_001_of_006.tar
ASA_dataPortal	PIPELINE_PRODUCT			2011.0.00016.SV_2011-08-01_002_of_006.tar	86078616365	200			https://almascience.eso.org/dataPortal/2011.0.00016.SV_2011-08-01_002_of_006.tar
ASA_dataPortal	PIPELINE_PRODUCT			2011.0.00016.SV_2011-08-01_003_of_006.tar	13894	200			https://almascience.eso.org/dataPortal/2011.0.00016.SV_2011-08-01_003_of_006.tar
ASA_dataPortal	PIPELINE_PRODUCT			2011.0.00016.SV_2011-08-01_004_of_006.tar	1721222	200			https://almascience.eso.org/dataPortal/2011.0.00016.SV_2011-08-01_004_of_006.tar
ASA_dataPortal	PIPELINE_PRODUCT			2011.0.00016.SV_2011-08-01_005_of_006.tar	1721222	200			https://almascience.eso.org/dataPortal/2011.0.00016.SV_2011-08-01_005_of_006.tar
ASA_dataPortal	PIPELINE_PRODUCT			2011.0.00016.SV_2011-08-01_006_of_006.tar	10240	200			https://almascience.eso.org/dataPortal/2011.0.00016.SV_2011-08-01_006_of_006.tar
SV_portal	SV_SDP81Band4			SDP81_Band4_CalibratedData.tgz	9043149221	200	Mon, 02 Feb 2015 20:16:07 GMT	"""21b0381a5-50e209fd78fc0"""	https://almascience.eso.org/almadata/sciver/SDP81Band4/SDP81_Band4_CalibratedData.tgz
SV_portal	SV_SDP81Band4			SDP81_Band4_CalibrationScripts.tgz	17910	200	Fri, 13 Feb 2015 07:21:11 GMT	"""45f6-50ef314b807c0"""	https://almascience.eso.org/almadata/sciver/SDP81Band4/SDP81_Band4_CalibrationScripts.tgz
SV_portal	SV_SDP81Band4			SDP81_Band4_Readme	3660	200	Fri, 17 Apr 2015 05:38:01 GMT	"""e4c-513e4fbc4c040"""	https://almascience.eso.org/almadata/sciver/SDP81Band4/SDP81_Band4_Readme
SV_portal	SV_SDP81Band4			SDP81_Band4_ReferenceImages_z3.042.tgz	1212386119	200	Fri, 17 Apr 2015 05:38:01 GMT	"""48438b47-513e4fbc4c040"""	https://almascience.eso.org/almadata/sciver/SDP81Band4/SDP81_Band4_ReferenceImages_z3.042.tgz
SV_portal	SV_SDP81Band4			SDP81_Band4_UncalibratedData.tgz	77538234020	200	Mon, 02 Feb 2015 20:50:00 GMT	"""120da38ea4-50e211904ae00"""	https://almascience.eso.org/almadata/sciver/SDP81Band4/SDP81_Band4_UncalibratedData.tgz
SV_portal	SV_SDP81Band6			SDP81_Band6_CalibratedData.tgz	44965898587	200	Mon, 02 Feb 2015 21:21:16 GMT	"""a782d295b-50e2188d62b00"""	https://almascience.eso.org/almadata/sciver/SDP81Band6/SDP81_Band6_CalibratedData.tgz
SV_portal	SV_SDP81Band6			SDP81_Band6_CalibrationScripts.tgz	13274	200	Fri, 13 Feb 2015 07:21:14 GMT	"""33da-50ef314e5ce80"""	https://almascience.eso.org/almadata/sciver/SDP81Band6/SDP81_Band6_CalibrationScripts.tgz
SV_portal	SV_SDP81Band6			SDP81_Band6_Readme	3680	200	Wed, 11 Mar 2015 07:54:21 GMT	"""e60-510fe9334c540"""	https://almascience.eso.org/almadata/sciver/SDP81Band6/SDP81_Band6_Readme
SV_portal	SV_SDP81Band6			SDP81_Band6_ReferenceImages.tgz	386715687	200	Thu, 12 Feb 2015 02:43:35 GMT	"""170cd027-50edb161a43c0"""	https://almascience.eso.org/almadata/sciver/SDP81Band6/SDP81_Band6_ReferenceImages.tgz
SV_portal	SV_SDP81Band6			SDP81_Band6_UncalibratedData.tgz	34501182039	200	Mon, 02 Feb 2015 21:39:55 GMT	"""8086e4257-50e21cb88c0c0"""	https://almascience.eso.org/almadata/sciver/SDP81Band6/SDP81_Band6_UncalibratedData.tgz
SV_portal	SV_SDP81Band7			SDP81_Band6+7_ReferenceImages.tgz	1721222	200	Tue, 17 Feb 2015 10:45:53 GMT	"""1a4386-50f466825fa40"""	https://almascience.eso.org/almadata/sciver/SDP81Band7/SDP81_Band6%2B7_ReferenceImages.tgz
SV_portal	SV_SDP81Band7			SDP81_Band7_CalibratedData.tgz	86078616365	200	Tue, 03 Feb 2015 09:57:56 GMT	"""140aaf732d-50e2c1ae33100"""	https://almascience.eso.org/almadata/sciver/SDP81Band7/SDP81_Band7_CalibratedData.tgz
SV_portal	SV_SDP81Band7			SDP81_Band7_CalibrationScripts.tgz	13894	200	Fri, 13 Feb 2015 07:21:16 GMT	"""3646-50ef315045300"""	https://almascience.eso.org/almadata/sciver/SDP81Band7/SDP81_Band7_CalibrationScripts.tgz
SV_portal	SV_SDP81Band7			SDP81_Band7_Readme	4071	200	Wed, 11 Mar 2015 07:54:21 GMT	"""fe7-510fe9334c540"""	https://almascience.eso.org/almadata/sciver/SDP81Band7/SDP81_Band7_Readme
SV_portal	SV_SDP81Band7			SDP81_Band7_ReferenceImages.tgz	186502606	200	Wed, 11 Feb 2015 18:54:28 GMT	"""b1dcdce-50ed488692100"""	https://almascience.eso.org/almadata/sciver/SDP81Band7/SDP81_Band7_ReferenceImages.tgz
SV_portal	SV_SDP81Band7			SDP81_Band7_UncalibratedData.tgz	58073260485	200	Mon, 02 Feb 2015 22:55:56 GMT	"""d856fa1c5-50e22db641700"""	https://almascience.eso.org/almadata/sciver/SDP81Band7/SDP81_Band7_UncalibratedData.tgz
SV_portal	SV_extras			SDP81_Band6_CalibrationScripts-no_aU.tgz	15737	200	Fri, 19 Mar 2021 08:51:40 GMT	"""3d79-5bddfd310bf00"""	https://almascience.eso.org/almadata/sciver/SDP81Band6/extras/SDP81_Band6_CalibrationScripts-no_aU.tgz
SV_portal	SV_extras	6	uid://A002/X8fd70d/X1484	uid___A002_X8fd70d_X1484.ms.split.cal.tar	9062195200	200	Mon, 15 Mar 2021 21:32:48 GMT	"""21c262000-5bd99fdb9a000"""	https://almascience.eso.org/almadata/sciver/SDP81Band6/extras/uid___A002_X8fd70d_X1484.ms.split.cal.tar
SV_portal	SV_extras	6	uid://A002/X8fd70d/X188b	uid___A002_X8fd70d_X188b.ms.split.cal.tar	6615224320	200	Wed, 17 Mar 2021 19:07:34 GMT	"""18a4c5000-5bdc032034980"""	https://almascience.eso.org/almadata/sciver/SDP81Band6/extras/uid___A002_X8fd70d_X188b.ms.split.cal.tar
SV_portal	SV_extras	6	uid://A002/X907514/X11d6	uid___A002_X907514_X11d6.ms.split.cal.tar	11617638400	200	Wed, 17 Mar 2021 19:19:21 GMT	"""2b4771800-5bdc05c274040"""	https://almascience.eso.org/almadata/sciver/SDP81Band6/extras/uid___A002_X907514_X11d6.ms.split.cal.tar
SV_portal	SV_extras	6	uid://A002/X915f1c/X8be	uid___A002_X915f1c_X8be.ms.split.cal.tar	9061314560	200	Wed, 17 Mar 2021 19:24:48 GMT	"""21c18b000-5bdc06fa4e000"""	https://almascience.eso.org/almadata/sciver/SDP81Band6/extras/uid___A002_X915f1c_X8be.ms.split.cal.tar
SV_portal	SV_extras	6	uid://A002/X916b15/X1716	uid___A002_X916b15_X1716.ms.split.cal.tar	9645168640	200	Wed, 17 Mar 2021 19:29:48 GMT	"""23ee59800-5bdc081868300"""	https://almascience.eso.org/almadata/sciver/SDP81Band6/extras/uid___A002_X916b15_X1716.ms.split.cal.tar
SV_portal	SV_extras	6	uid://A002/X923b56/X43c	uid___A002_X923b56_X43c.ms.split.cal.tar	20861655040	200	Wed, 17 Mar 2021 19:46:52 GMT	"""4db739800-5bdc0be8f8300"""	https://almascience.eso.org/almadata/sciver/SDP81Band6/extras/uid___A002_X923b56_X43c.ms.split.cal.tar
SV_portal	SV_extras	6	uid://A002/X923b56/X65f	uid___A002_X923b56_X65f.ms.split.cal.tar	20861675520	200	Thu, 18 Mar 2021 07:20:45 GMT	"""4db73e800-5bdca7014ad40"""	https://almascience.eso.org/almadata/sciver/SDP81Band6/extras/uid___A002_X923b56_X65f.ms.split.cal.tar
SV_portal	SV_extras	6	uid://A002/X92c694/X1099	uid___A002_X92c694_X1099.ms.split.cal.tar	17572034560	200	Thu, 18 Mar 2021 09:40:27 GMT	"""4175ff800-5bdcc63afd8c0"""	https://almascience.eso.org/almadata/sciver/SDP81Band6/extras/uid___A002_X92c694_X1099.ms.split.cal.tar
SV_portal	SV_extras	6	uid://A002/X92ec61/X1f23	uid___A002_X92ec61_X1f23.ms.split.cal.tar	14564751360	200	Thu, 18 Mar 2021 10:08:02 GMT	"""364207800-5bdccc6552480"""	https://almascience.eso.org/almadata/sciver/SDP81Band6/extras/uid___A002_X92ec61_X1f23.ms.split.cal.tar
