run,period,condition,observable,h,in_i4_grid,n_games,N_anchored,alphabet_K,I_plugin_nats,I_MM_nats,I_MM_clamped_june29_nats,H_R_cond_MM_nats,T_vs_targetperm_nats,T_boot_sd_nats,T_ratio_h_over_h_plus_8,I_MM_own_targetperm_floor_nats,T_vs_own_floor_nats,T_own_ratio_h_over_h_plus_8
power,2016-01,REAL,fromto,8,1,120000,2887248,1792,1.038612,0.954291,0.954291,5.295574,0.818871,0.001326,1.304973,0.135604,0.818687,1.305116
power,2016-01,REAL,fromto,12,1,120000,2887248,1792,0.942331,0.851410,0.851410,5.575694,0.708335,0.001091,1.265985,0.142873,0.708538,1.266014
power,2016-01,REAL,fromto,16,1,120000,2887248,1792,0.872286,0.776229,0.776229,5.802378,0.627500,0.001486,1.249539,0.148938,0.627291,1.249713
power,2016-01,REAL,fromto,20,0,120000,2887248,1792,0.814630,0.714498,0.714498,5.985566,0.559513,0.001186,1.237848,0.154838,0.559661,1.239591
power,2016-01,REAL,fromto,24,1,120000,2887248,1792,0.765102,0.661470,0.661470,6.130884,0.502186,0.001143,1.230173,0.159522,0.501948,1.228727
power,2016-01,REAL,fromto,28,0,120000,2887248,1792,0.721580,0.615254,0.615254,6.245908,0.452004,0.001013,1.221264,0.163766,0.451488,1.220696
power,2016-01,REAL,fromto,32,1,120000,2887248,1792,0.683160,0.574760,0.574760,6.334941,0.408223,0.001065,1.217186,0.166250,0.408510,1.219274
power,2016-01,REAL,fromto,36,0,120000,2887248,1792,0.648820,0.538749,0.538749,6.404031,0.370112,0.001100,1.218339,0.168888,0.369861,1.215747
power,2016-01,REAL,fromto,40,1,120000,2887248,1792,0.616749,0.505477,0.505477,6.457536,0.335383,0.001077,1.215437,0.170433,0.335044,1.211867
power,2016-01,REAL,fromto,44,0,120000,2887248,1792,0.587446,0.475295,0.475295,6.496917,0.303784,0.001036,1.209507,0.171070,0.304225,1.212807
power,2016-01,REAL,fromto,48,1,120000,2887248,1792,0.560354,0.447836,0.447836,6.524321,0.275936,0.001040,1.205534,0.171367,0.276469,1.207015
power,2016-01,REAL,fromto,52,0,120000,2887248,1792,0.535240,0.422701,0.422701,6.541667,0.251163,0.001092,1.200472,0.171857,0.250844,1.202135
power,2016-01,REAL,fromto,56,0,120000,2887248,1792,0.512561,0.400169,0.400169,6.550728,0.228891,0.000993,1.194311,0.171117,0.229052,1.194959
power,2016-01,REAL,fromto,60,0,120000,2887248,1792,0.491109,0.379168,0.379168,6.552556,0.209221,0.001038,1.194003,0.170503,0.208665,1.191994
power,2016-01,REAL,fromto,64,1,120000,2887248,1792,0.472062,0.360773,0.360773,6.547157,0.191651,0.001200,1.196746,0.169091,0.191682,1.194734
power,2016-01,REAL,fromto,68,0,120000,2887248,1792,0.453576,0.343059,0.343059,6.538766,0.175226,0.001015,1.193084,0.168004,0.175056,1.193814
power,2016-01,REAL,fromto,72,0,120000,2887248,1792,0.436243,0.326633,0.326633,6.526592,0.160144,0.000906,1.194955,0.166194,0.160439,1.197951
power,2016-01,REAL,fromto,76,0,120000,2887248,1792,0.419778,0.311117,0.311117,6.511350,0.146868,0.000908,1.199776,0.164481,0.146636,1.193549
power,2016-01,REAL,fromto,80,1,120000,2887248,1792,0.404212,0.296522,0.296522,6.495266,0.134016,0.000977,1.200908,0.162594,0.133928,1.195964
power,2016-01,REAL,fromto,84,0,120000,2887248,1792,0.389988,0.283391,0.283391,6.477382,0.122413,0.001044,1.208215,0.160534,0.122857,1.213815
power,2016-01,REAL,fromto,88,0,120000,2887248,1792,0.376454,0.270757,0.270757,6.461320,0.111596,0.000923,1.218029,0.158774,0.111983,1.220637
power,2016-01,REAL,fromto,92,0,120000,2887248,1792,0.363551,0.258554,0.258554,6.452727,0.101317,0.000997,,0.157338,0.101216,
power,2016-01,REAL,fromto,96,1,120000,2887248,1792,0.353240,0.248058,0.248058,6.461963,0.091620,0.000894,,0.156316,0.091742,
power,2016-01,WITHIN_GAME_SCRAMBLE,fromto,8,1,120000,2887248,1792,0.394080,0.224898,0.224898,6.586348,0.089477,,1.170492,0.211197,0.013701,0.980668
power,2016-01,WITHIN_GAME_SCRAMBLE,fromto,12,1,120000,2887248,1792,0.394768,0.225564,0.225564,6.586617,0.082489,,1.177493,0.211272,0.014292,1.077859
power,2016-01,WITHIN_GAME_SCRAMBLE,fromto,16,1,120000,2887248,1792,0.394379,0.225173,0.225173,6.586845,0.076444,,1.157115,0.211202,0.013971,0.992807
power,2016-01,WITHIN_GAME_SCRAMBLE,fromto,20,0,120000,2887248,1792,0.394260,0.225040,0.225040,6.587012,0.070054,,1.136968,0.211780,0.013259,0.936148
power,2016-01,WITHIN_GAME_SCRAMBLE,fromto,24,1,120000,2887248,1792,0.394556,0.225349,0.225349,6.586793,0.066064,,1.109701,0.211277,0.014072,0.971302
power,2016-01,WITHIN_GAME_SCRAMBLE,fromto,28,0,120000,2887248,1792,0.394094,0.224865,0.224865,6.587365,0.061615,,1.089964,0.210701,0.014164,1.044766
power,2016-01,WITHIN_GAME_SCRAMBLE,fromto,32,1,120000,2887248,1792,0.395184,0.226070,0.226070,6.585832,0.059533,,1.071591,0.211582,0.014488,1.018707
power,2016-01,WITHIN_GAME_SCRAMBLE,fromto,36,0,120000,2887248,1792,0.394378,0.225166,0.225166,6.587207,0.056529,,1.056540,0.211609,0.013557,0.991989
power,2016-01,WITHIN_GAME_SCRAMBLE,fromto,40,1,120000,2887248,1792,0.394865,0.225650,0.225650,6.586538,0.055556,,1.041000,0.211429,0.014222,0.997092
power,2016-01,WITHIN_GAME_SCRAMBLE,fromto,44,0,120000,2887248,1792,0.394280,0.225015,0.225015,6.587596,0.053504,,0.998142,0.211349,0.013666,1.011098
power,2016-01,WITHIN_GAME_SCRAMBLE,fromto,48,1,120000,2887248,1792,0.394496,0.225268,0.225268,6.587229,0.053368,,0.980371,0.211005,0.014263,0.927430
power,2016-01,WITHIN_GAME_SCRAMBLE,fromto,52,0,120000,2887248,1792,0.394391,0.225142,0.225142,6.587191,0.053604,,0.968600,0.211625,0.013516,0.979445
power,2016-01,WITHIN_GAME_SCRAMBLE,fromto,56,0,120000,2887248,1792,0.394933,0.225714,0.225714,6.586398,0.054437,,0.971281,0.210335,0.015379,1.124682
power,2016-01,WITHIN_GAME_SCRAMBLE,fromto,60,0,120000,2887248,1792,0.394385,0.225289,0.225289,6.586358,0.055342,,0.967836,0.211489,0.013800,1.010282
power,2016-01,WITHIN_GAME_SCRAMBLE,fromto,64,1,120000,2887248,1792,0.394374,0.225168,0.225168,6.586260,0.056046,,0.951748,0.211493,0.013674,0.974019
power,2016-01,WITHIN_GAME_SCRAMBLE,fromto,68,0,120000,2887248,1792,0.394253,0.225014,0.225014,6.586786,0.057181,,0.932907,0.211354,0.013660,0.926994
power,2016-01,WITHIN_GAME_SCRAMBLE,fromto,72,0,120000,2887248,1792,0.394505,0.225377,0.225377,6.585672,0.058888,,0.939937,0.211338,0.014039,0.993467
power,2016-01,WITHIN_GAME_SCRAMBLE,fromto,76,0,120000,2887248,1792,0.394534,0.225542,0.225542,6.585025,0.061293,,0.947840,0.210807,0.014735,1.025821
power,2016-01,WITHIN_GAME_SCRAMBLE,fromto,80,1,120000,2887248,1792,0.394415,0.225156,0.225156,6.586251,0.062651,,0.952662,0.211025,0.014131,1.036621
power,2016-01,WITHIN_GAME_SCRAMBLE,fromto,84,0,120000,2887248,1792,0.394744,0.225644,0.225644,6.585886,0.064666,,0.946048,0.211280,0.014365,1.009205
power,2016-01,WITHIN_GAME_SCRAMBLE,fromto,88,0,120000,2887248,1792,0.394095,0.224925,0.224925,6.586634,0.065764,,0.948162,0.211293,0.013632,0.916201
power,2016-01,WITHIN_GAME_SCRAMBLE,fromto,92,0,120000,2887248,1792,0.394727,0.225590,0.225590,6.586341,0.068354,,,0.211357,0.014233,
power,2016-01,WITHIN_GAME_SCRAMBLE,fromto,96,1,120000,2887248,1792,0.394930,0.225797,0.225797,6.585810,0.069359,,,0.210918,0.014879,
power,2016-01,EXACT_TARGET_MARGINAL_PERMUTATION,fromto,8,1,120000,2887248,1792,0.226986,0.135421,0.135421,6.114445,0.000000,,,0.135421,0.000000,
power,2016-01,EXACT_TARGET_MARGINAL_PERMUTATION,fromto,12,1,120000,2887248,1792,0.240641,0.143075,0.143075,6.284029,0.000000,,,0.143075,0.000000,
power,2016-01,EXACT_TARGET_MARGINAL_PERMUTATION,fromto,16,1,120000,2887248,1792,0.251612,0.148729,0.148729,6.429878,0.000000,,,0.148729,0.000000,
power,2016-01,EXACT_TARGET_MARGINAL_PERMUTATION,fromto,20,0,120000,2887248,1792,0.262356,0.154985,0.154985,6.545079,0.000000,,,0.154985,0.000000,
power,2016-01,EXACT_TARGET_MARGINAL_PERMUTATION,fromto,24,1,120000,2887248,1792,0.270335,0.159285,0.159285,6.633070,0.000000,,,0.159285,0.000000,
power,2016-01,EXACT_TARGET_MARGINAL_PERMUTATION,fromto,28,0,120000,2887248,1792,0.277165,0.163250,0.163250,6.697913,0.000000,,,0.163250,0.000000,
power,2016-01,EXACT_TARGET_MARGINAL_PERMUTATION,fromto,32,1,120000,2887248,1792,0.282611,0.166537,0.166537,6.743164,0.000000,,,0.166537,0.000000,
power,2016-01,EXACT_TARGET_MARGINAL_PERMUTATION,fromto,36,0,120000,2887248,1792,0.286338,0.168637,0.168637,6.774143,0.000000,,,0.168637,0.000000,
power,2016-01,EXACT_TARGET_MARGINAL_PERMUTATION,fromto,40,1,120000,2887248,1792,0.288740,0.170094,0.170094,6.792919,0.000000,,,0.170094,0.000000,
power,2016-01,EXACT_TARGET_MARGINAL_PERMUTATION,fromto,44,0,120000,2887248,1792,0.290700,0.171511,0.171511,6.800701,0.000000,,,0.171511,0.000000,
power,2016-01,EXACT_TARGET_MARGINAL_PERMUTATION,fromto,48,1,120000,2887248,1792,0.291180,0.171900,0.171900,6.800257,0.000000,,,0.171900,0.000000,
power,2016-01,EXACT_TARGET_MARGINAL_PERMUTATION,fromto,52,0,120000,2887248,1792,0.290546,0.171538,0.171538,6.792830,0.000000,,,0.171538,0.000000,
power,2016-01,EXACT_TARGET_MARGINAL_PERMUTATION,fromto,56,0,120000,2887248,1792,0.289853,0.171278,0.171278,6.779619,0.000000,,,0.171278,0.000000,
power,2016-01,EXACT_TARGET_MARGINAL_PERMUTATION,fromto,60,0,120000,2887248,1792,0.287695,0.169948,0.169948,6.761777,0.000000,,,0.169948,0.000000,
power,2016-01,EXACT_TARGET_MARGINAL_PERMUTATION,fromto,64,1,120000,2887248,1792,0.285842,0.169122,0.169122,6.738808,0.000000,,,0.169122,0.000000,
power,2016-01,EXACT_TARGET_MARGINAL_PERMUTATION,fromto,68,0,120000,2887248,1792,0.283517,0.167833,0.167833,6.713992,0.000000,,,0.167833,0.000000,
power,2016-01,EXACT_TARGET_MARGINAL_PERMUTATION,fromto,72,0,120000,2887248,1792,0.280866,0.166489,0.166489,6.686735,0.000000,,,0.166489,0.000000,
power,2016-01,EXACT_TARGET_MARGINAL_PERMUTATION,fromto,76,0,120000,2887248,1792,0.277372,0.164249,0.164249,6.658218,0.000000,,,0.164249,0.000000,
power,2016-01,EXACT_TARGET_MARGINAL_PERMUTATION,fromto,80,1,120000,2887248,1792,0.274180,0.162506,0.162506,6.629282,0.000000,,,0.162506,0.000000,
power,2016-01,EXACT_TARGET_MARGINAL_PERMUTATION,fromto,84,0,120000,2887248,1792,0.271194,0.160978,0.160978,6.599795,0.000000,,,0.160978,0.000000,
power,2016-01,EXACT_TARGET_MARGINAL_PERMUTATION,fromto,88,0,120000,2887248,1792,0.268137,0.159161,0.159161,6.572915,0.000000,,,0.159161,0.000000,
power,2016-01,EXACT_TARGET_MARGINAL_PERMUTATION,fromto,92,0,120000,2887248,1792,0.265136,0.157237,0.157237,6.554044,0.000000,,,0.157237,0.000000,
power,2016-01,EXACT_TARGET_MARGINAL_PERMUTATION,fromto,96,1,120000,2887248,1792,0.264249,0.156438,0.156438,6.553583,0.000000,,,0.156438,0.000000,
power,2016-01,PARITY_PRESERVING_WITHIN_GAME_SCRAMBLE,fromto,8,1,120000,2887248,1792,0.522977,0.358379,0.358379,6.454498,0.222958,,1.065823,0.211574,0.146805,1.001736
power,2016-01,PARITY_PRESERVING_WITHIN_GAME_SCRAMBLE,fromto,12,1,120000,2887248,1792,0.522639,0.358087,0.358087,6.454430,0.215011,,1.056507,0.211767,0.146319,0.992275
power,2016-01,PARITY_PRESERVING_WITHIN_GAME_SCRAMBLE,fromto,16,1,120000,2887248,1792,0.522607,0.357918,0.357918,6.454736,0.209189,,1.050783,0.211367,0.146551,0.996192
power,2016-01,PARITY_PRESERVING_WITHIN_GAME_SCRAMBLE,fromto,20,0,120000,2887248,1792,0.523152,0.358497,0.358497,6.453766,0.203511,,1.045842,0.211038,0.147458,1.006275
power,2016-01,PARITY_PRESERVING_WITHIN_GAME_SCRAMBLE,fromto,24,1,120000,2887248,1792,0.522943,0.358364,0.358364,6.453923,0.199079,,1.039737,0.211253,0.147111,1.004088
power,2016-01,PARITY_PRESERVING_WITHIN_GAME_SCRAMBLE,fromto,28,0,120000,2887248,1792,0.522325,0.357841,0.357841,6.453602,0.194591,,1.025255,0.211302,0.146539,0.996079
power,2016-01,PARITY_PRESERVING_WITHIN_GAME_SCRAMBLE,fromto,32,1,120000,2887248,1792,0.522585,0.358007,0.358007,6.453617,0.191471,,1.017518,0.211495,0.146512,0.998101
power,2016-01,PARITY_PRESERVING_WITHIN_GAME_SCRAMBLE,fromto,36,0,120000,2887248,1792,0.523057,0.358435,0.358435,6.453390,0.189798,,1.019427,0.211319,0.147116,1.005989
power,2016-01,PARITY_PRESERVING_WITHIN_GAME_SCRAMBLE,fromto,40,1,120000,2887248,1792,0.522899,0.358268,0.358268,6.453868,0.188174,,1.009394,0.211477,0.146791,1.002541
power,2016-01,PARITY_PRESERVING_WITHIN_GAME_SCRAMBLE,fromto,44,0,120000,2887248,1792,0.522338,0.357692,0.357692,6.454431,0.186181,,0.998606,0.211452,0.146240,0.998292
power,2016-01,PARITY_PRESERVING_WITHIN_GAME_SCRAMBLE,fromto,48,1,120000,2887248,1792,0.522990,0.358323,0.358323,6.453472,0.186423,,0.995387,0.211904,0.146419,0.994424
power,2016-01,PARITY_PRESERVING_WITHIN_GAME_SCRAMBLE,fromto,52,0,120000,2887248,1792,0.522521,0.357978,0.357978,6.454025,0.186441,,0.989254,0.211488,0.146490,0.997052
power,2016-01,PARITY_PRESERVING_WITHIN_GAME_SCRAMBLE,fromto,56,0,120000,2887248,1792,0.523137,0.358565,0.358565,6.453522,0.187287,,0.988909,0.211325,0.147240,0.998985
power,2016-01,PARITY_PRESERVING_WITHIN_GAME_SCRAMBLE,fromto,60,0,120000,2887248,1792,0.522984,0.358414,0.358414,6.453677,0.188466,,0.993047,0.211490,0.146923,1.005077
power,2016-01,PARITY_PRESERVING_WITHIN_GAME_SCRAMBLE,fromto,64,1,120000,2887248,1792,0.523093,0.358509,0.358509,6.453407,0.189387,,0.990424,0.211119,0.147390,1.007305
power,2016-01,PARITY_PRESERVING_WITHIN_GAME_SCRAMBLE,fromto,68,0,120000,2887248,1792,0.522311,0.357619,0.357619,6.454369,0.189786,,0.976479,0.211438,0.146181,0.992841
power,2016-01,PARITY_PRESERVING_WITHIN_GAME_SCRAMBLE,fromto,72,0,120000,2887248,1792,0.522348,0.357708,0.357708,6.454050,0.191218,,0.977849,0.211387,0.146321,0.997142
power,2016-01,PARITY_PRESERVING_WITHIN_GAME_SCRAMBLE,fromto,76,0,120000,2887248,1792,0.523145,0.358606,0.358606,6.453010,0.194357,,0.983347,0.211371,0.147235,0.999942
power,2016-01,PARITY_PRESERVING_WITHIN_GAME_SCRAMBLE,fromto,80,1,120000,2887248,1792,0.522678,0.358056,0.358056,6.454565,0.195550,,0.982407,0.211315,0.146740,1.002041
power,2016-01,PARITY_PRESERVING_WITHIN_GAME_SCRAMBLE,fromto,84,0,120000,2887248,1792,0.523200,0.358627,0.358627,6.453265,0.197648,,0.978835,0.211383,0.147244,0.998640
power,2016-01,PARITY_PRESERVING_WITHIN_GAME_SCRAMBLE,fromto,88,0,120000,2887248,1792,0.522792,0.358213,0.358213,6.453711,0.199052,,0.983677,0.211772,0.146441,0.995629
power,2016-01,PARITY_PRESERVING_WITHIN_GAME_SCRAMBLE,fromto,92,0,120000,2887248,1792,0.523743,0.359159,0.359159,6.452823,0.201922,,,0.211715,0.147444,
power,2016-01,PARITY_PRESERVING_WITHIN_GAME_SCRAMBLE,fromto,96,1,120000,2887248,1792,0.523471,0.358792,0.358792,6.453373,0.202355,,,0.211708,0.147084,
power,2016-01,REAL,san_canon,8,1,120000,2887248,781,0.328143,0.293351,0.293351,5.051241,0.266055,0.001072,1.575071,0.027475,0.265876,1.576498
power,2016-01,REAL,san_canon,12,1,120000,2887248,781,0.269317,0.232906,0.232906,5.272275,0.205059,0.000935,1.434088,0.027779,0.205128,1.436654
power,2016-01,REAL,san_canon,16,1,120000,2887248,781,0.234516,0.197010,0.197010,5.446430,0.168917,0.000911,1.365089,0.028361,0.168650,1.361985
power,2016-01,REAL,san_canon,20,0,120000,2887248,781,0.209979,0.171686,0.171686,5.581448,0.142989,0.000909,1.317449,0.028904,0.142782,1.307964
power,2016-01,REAL,san_canon,24,1,120000,2887248,781,0.191749,0.152867,0.152867,5.682978,0.123740,0.000890,1.277104,0.029040,0.123827,1.277960
power,2016-01,REAL,san_canon,28,0,120000,2887248,781,0.177597,0.138309,0.138309,5.758331,0.108535,0.000844,1.247008,0.029146,0.109163,1.252376
power,2016-01,REAL,san_canon,32,1,120000,2887248,781,0.166195,0.126703,0.126703,5.812197,0.096891,0.000764,1.228266,0.029809,0.096894,1.223553
power,2016-01,REAL,san_canon,36,0,120000,2887248,781,0.156792,0.117140,0.117140,5.849997,0.087036,0.000780,1.221561,0.029975,0.087165,1.225582
power,2016-01,REAL,san_canon,40,1,120000,2887248,781,0.148989,0.109307,0.109307,5.875007,0.078885,0.000690,1.235944,0.030117,0.079191,1.239918
power,2016-01,REAL,san_canon,44,0,120000,2887248,781,0.141292,0.101584,0.101584,5.889800,0.071250,0.000637,1.249780,0.030462,0.071121,1.241591
power,2016-01,REAL,san_canon,48,1,120000,2887248,781,0.133902,0.094332,0.094332,5.895128,0.063825,0.000675,1.250593,0.030464,0.063868,1.255672
power,2016-01,REAL,san_canon,52,0,120000,2887248,781,0.127474,0.088077,0.088077,5.893765,0.057010,0.000646,1.256781,0.030794,0.057282,1.259379
power,2016-01,REAL,san_canon,56,0,120000,2887248,781,0.121070,0.081829,0.081829,5.887412,0.051036,0.000530,1.266733,0.030966,0.050863,1.273803
power,2016-01,REAL,san_canon,60,0,120000,2887248,781,0.115350,0.076364,0.076364,5.876532,0.045362,0.000548,1.265276,0.030880,0.045485,1.267890
power,2016-01,REAL,san_canon,64,1,120000,2887248,781,0.109614,0.070776,0.070776,5.864330,0.040290,0.000508,1.262733,0.030845,0.039930,1.244606
power,2016-01,REAL,san_canon,68,0,120000,2887248,781,0.105229,0.066659,0.066659,5.849772,0.035851,0.000487,1.246865,0.030784,0.035874,1.250294
power,2016-01,REAL,san_canon,72,0,120000,2887248,781,0.101043,0.062705,0.062705,5.835152,0.031907,0.000588,1.242468,0.030623,0.032083,1.254091
power,2016-01,REAL,san_canon,76,0,120000,2887248,781,0.097472,0.059455,0.059455,5.819447,0.028753,0.000564,1.200245,0.030763,0.028693,1.209353
power,2016-01,REAL,san_canon,80,1,120000,2887248,781,0.094072,0.056377,0.056377,5.803348,0.025680,0.000583,1.185413,0.030795,0.025582,1.173057
power,2016-01,REAL,san_canon,84,0,120000,2887248,781,0.091733,0.054479,0.054479,5.784014,0.023956,0.000553,1.175731,0.030753,0.023726,1.174305
power,2016-01,REAL,san_canon,88,0,120000,2887248,781,0.089028,0.052280,0.052280,5.765118,0.021663,0.000493,1.145346,0.030472,0.021808,1.154534
power,2016-01,REAL,san_canon,92,0,120000,2887248,781,0.086690,0.050455,0.050455,5.748991,0.020376,0.000491,,0.030251,0.020204,
power,2016-01,REAL,san_canon,96,1,120000,2887248,781,0.085210,0.048923,0.048923,5.754386,0.018914,0.000487,,0.030033,0.018889,
power,2016-01,WITHIN_GAME_SCRAMBLE,san_canon,8,1,120000,2887248,781,0.109468,0.049760,0.049760,5.911972,0.022464,,1.039443,0.029997,0.019763,1.019582
power,2016-01,WITHIN_GAME_SCRAMBLE,san_canon,12,1,120000,2887248,781,0.109465,0.049763,0.049763,5.912486,0.021916,,1.045497,0.030082,0.019681,1.017568
power,2016-01,WITHIN_GAME_SCRAMBLE,san_canon,16,1,120000,2887248,781,0.109406,0.049706,0.049706,5.911715,0.021612,,1.042232,0.030323,0.019383,0.963990
power,2016-01,WITHIN_GAME_SCRAMBLE,san_canon,20,0,120000,2887248,781,0.109375,0.049659,0.049659,5.912014,0.020962,,1.053401,0.030318,0.019341,1.002789
power,2016-01,WITHIN_GAME_SCRAMBLE,san_canon,24,1,120000,2887248,781,0.109565,0.049863,0.049863,5.912034,0.020736,,1.041872,0.029756,0.020107,1.045005
power,2016-01,WITHIN_GAME_SCRAMBLE,san_canon,28,0,120000,2887248,781,0.109393,0.049673,0.049673,5.912166,0.019900,,1.009103,0.030386,0.019288,0.988893
power,2016-01,WITHIN_GAME_SCRAMBLE,san_canon,32,1,120000,2887248,781,0.109412,0.049714,0.049714,5.911956,0.019903,,1.037796,0.030473,0.019241,0.983684
power,2016-01,WITHIN_GAME_SCRAMBLE,san_canon,36,0,120000,2887248,781,0.109460,0.049824,0.049824,5.911570,0.019720,,1.033080,0.030320,0.019504,1.026456
power,2016-01,WITHIN_GAME_SCRAMBLE,san_canon,40,1,120000,2887248,781,0.109328,0.049601,0.049601,5.911609,0.019178,,0.985613,0.030040,0.019560,0.987601
power,2016-01,WITHIN_GAME_SCRAMBLE,san_canon,44,0,120000,2887248,781,0.109164,0.049422,0.049422,5.911933,0.019089,,1.023541,0.030421,0.019001,0.973907
power,2016-01,WITHIN_GAME_SCRAMBLE,san_canon,48,1,120000,2887248,781,0.109649,0.049964,0.049964,5.911638,0.019458,,1.025493,0.030159,0.019806,1.029847
power,2016-01,WITHIN_GAME_SCRAMBLE,san_canon,52,0,120000,2887248,781,0.109356,0.049716,0.049716,5.911851,0.018650,,0.982527,0.030206,0.019511,0.988433
power,2016-01,WITHIN_GAME_SCRAMBLE,san_canon,56,0,120000,2887248,781,0.109490,0.049767,0.049767,5.911730,0.018974,,0.982548,0.030535,0.019232,0.980544
power,2016-01,WITHIN_GAME_SCRAMBLE,san_canon,60,0,120000,2887248,781,0.109631,0.049984,0.049984,5.910771,0.018981,,1.016297,0.030245,0.019739,1.025769
power,2016-01,WITHIN_GAME_SCRAMBLE,san_canon,64,1,120000,2887248,781,0.109530,0.049797,0.049797,5.911283,0.019311,,1.000801,0.030184,0.019613,0.987440
power,2016-01,WITHIN_GAME_SCRAMBLE,san_canon,68,0,120000,2887248,781,0.109248,0.049484,0.049484,5.911950,0.018677,,0.981508,0.030241,0.019243,0.980273
power,2016-01,WITHIN_GAME_SCRAMBLE,san_canon,72,0,120000,2887248,781,0.109746,0.050094,0.050094,5.910943,0.019296,,1.014390,0.030231,0.019863,1.031087
power,2016-01,WITHIN_GAME_SCRAMBLE,san_canon,76,0,120000,2887248,781,0.109396,0.049731,0.049731,5.911059,0.019029,,0.982705,0.030101,0.019630,1.010510
power,2016-01,WITHIN_GAME_SCRAMBLE,san_canon,80,1,120000,2887248,781,0.109410,0.049719,0.049719,5.911633,0.019022,,0.980790,0.030455,0.019264,0.970594
power,2016-01,WITHIN_GAME_SCRAMBLE,san_canon,84,0,120000,2887248,781,0.109546,0.049887,0.049887,5.911573,0.019364,,0.973393,0.030460,0.019426,0.991791
power,2016-01,WITHIN_GAME_SCRAMBLE,san_canon,88,0,120000,2887248,781,0.109668,0.050012,0.050012,5.911012,0.019395,,0.984151,0.030164,0.019848,1.009222
power,2016-01,WITHIN_GAME_SCRAMBLE,san_canon,92,0,120000,2887248,781,0.109636,0.049973,0.049973,5.911205,0.019893,,,0.030386,0.019587,
power,2016-01,WITHIN_GAME_SCRAMBLE,san_canon,96,1,120000,2887248,781,0.109493,0.049715,0.049715,5.911626,0.019707,,,0.030049,0.019666,
power,2016-01,EXACT_TARGET_MARGINAL_PERMUTATION,san_canon,8,1,120000,2887248,781,0.059796,0.027296,0.027296,5.317296,0.000000,,,0.027296,0.000000,
power,2016-01,EXACT_TARGET_MARGINAL_PERMUTATION,san_canon,12,1,120000,2887248,781,0.062196,0.027847,0.027847,5.477334,0.000000,,,0.027847,0.000000,
power,2016-01,EXACT_TARGET_MARGINAL_PERMUTATION,san_canon,16,1,120000,2887248,781,0.064204,0.028094,0.028094,5.615347,0.000000,,,0.028094,0.000000,
power,2016-01,EXACT_TARGET_MARGINAL_PERMUTATION,san_canon,20,0,120000,2887248,781,0.066263,0.028697,0.028697,5.724437,0.000000,,,0.028697,0.000000,
power,2016-01,EXACT_TARGET_MARGINAL_PERMUTATION,san_canon,24,1,120000,2887248,781,0.067934,0.029127,0.029127,5.806718,0.000000,,,0.029127,0.000000,
power,2016-01,EXACT_TARGET_MARGINAL_PERMUTATION,san_canon,28,0,120000,2887248,781,0.069558,0.029774,0.029774,5.866866,0.000000,,,0.029774,0.000000,
power,2016-01,EXACT_TARGET_MARGINAL_PERMUTATION,san_canon,32,1,120000,2887248,781,0.070388,0.029812,0.029812,5.909089,0.000000,,,0.029812,0.000000,
power,2016-01,EXACT_TARGET_MARGINAL_PERMUTATION,san_canon,36,0,120000,2887248,781,0.071202,0.030104,0.030104,5.937033,0.000000,,,0.030104,0.000000,
power,2016-01,EXACT_TARGET_MARGINAL_PERMUTATION,san_canon,40,1,120000,2887248,781,0.071872,0.030423,0.030423,5.953891,0.000000,,,0.030423,0.000000,
power,2016-01,EXACT_TARGET_MARGINAL_PERMUTATION,san_canon,44,0,120000,2887248,781,0.072011,0.030334,0.030334,5.961050,0.000000,,,0.030334,0.000000,
power,2016-01,EXACT_TARGET_MARGINAL_PERMUTATION,san_canon,48,1,120000,2887248,781,0.072199,0.030507,0.030507,5.958953,0.000000,,,0.030507,0.000000,
power,2016-01,EXACT_TARGET_MARGINAL_PERMUTATION,san_canon,52,0,120000,2887248,781,0.072664,0.031067,0.031067,5.950775,0.000000,,,0.031067,0.000000,
power,2016-01,EXACT_TARGET_MARGINAL_PERMUTATION,san_canon,56,0,120000,2887248,781,0.072346,0.030793,0.030793,5.938448,0.000000,,,0.030793,0.000000,
power,2016-01,EXACT_TARGET_MARGINAL_PERMUTATION,san_canon,60,0,120000,2887248,781,0.072320,0.031002,0.031002,5.921894,0.000000,,,0.031002,0.000000,
power,2016-01,EXACT_TARGET_MARGINAL_PERMUTATION,san_canon,64,1,120000,2887248,781,0.071609,0.030486,0.030486,5.904619,0.000000,,,0.030486,0.000000,
power,2016-01,EXACT_TARGET_MARGINAL_PERMUTATION,san_canon,68,0,120000,2887248,781,0.071599,0.030807,0.030807,5.885623,0.000000,,,0.030807,0.000000,
power,2016-01,EXACT_TARGET_MARGINAL_PERMUTATION,san_canon,72,0,120000,2887248,781,0.071294,0.030799,0.030799,5.867059,0.000000,,,0.030799,0.000000,
power,2016-01,EXACT_TARGET_MARGINAL_PERMUTATION,san_canon,76,0,120000,2887248,781,0.070916,0.030702,0.030702,5.848200,0.000000,,,0.030702,0.000000,
power,2016-01,EXACT_TARGET_MARGINAL_PERMUTATION,san_canon,80,1,120000,2887248,781,0.070561,0.030697,0.030697,5.829028,0.000000,,,0.030697,0.000000,
power,2016-01,EXACT_TARGET_MARGINAL_PERMUTATION,san_canon,84,0,120000,2887248,781,0.070002,0.030523,0.030523,5.807971,0.000000,,,0.030523,0.000000,
power,2016-01,EXACT_TARGET_MARGINAL_PERMUTATION,san_canon,88,0,120000,2887248,781,0.069695,0.030617,0.030617,5.786781,0.000000,,,0.030617,0.000000,
power,2016-01,EXACT_TARGET_MARGINAL_PERMUTATION,san_canon,92,0,120000,2887248,781,0.068733,0.030080,0.030080,5.769366,0.000000,,,0.030080,0.000000,
power,2016-01,EXACT_TARGET_MARGINAL_PERMUTATION,san_canon,96,1,120000,2887248,781,0.068588,0.030008,0.030008,5.773300,0.000000,,,0.030008,0.000000,
power,2016-01,PARITY_PRESERVING_WITHIN_GAME_SCRAMBLE,san_canon,8,1,120000,2887248,781,0.134348,0.075233,0.075233,5.886744,0.047938,,1.020855,0.030468,0.044766,1.002488
power,2016-01,PARITY_PRESERVING_WITHIN_GAME_SCRAMBLE,san_canon,12,1,120000,2887248,781,0.133841,0.074678,0.074678,5.887557,0.046831,,1.017061,0.030244,0.044434,0.987540
power,2016-01,PARITY_PRESERVING_WITHIN_GAME_SCRAMBLE,san_canon,16,1,120000,2887248,781,0.134182,0.075052,0.075052,5.887285,0.046958,,1.019253,0.030398,0.044655,0.993789
power,2016-01,PARITY_PRESERVING_WITHIN_GAME_SCRAMBLE,san_canon,20,0,120000,2887248,781,0.133889,0.074742,0.074742,5.887306,0.046045,,1.020477,0.029747,0.044995,1.011390
power,2016-01,PARITY_PRESERVING_WITHIN_GAME_SCRAMBLE,san_canon,24,1,120000,2887248,781,0.134302,0.075198,0.075198,5.886935,0.046071,,1.019436,0.030264,0.044934,1.003074
power,2016-01,PARITY_PRESERVING_WITHIN_GAME_SCRAMBLE,san_canon,28,0,120000,2887248,781,0.133983,0.074895,0.074895,5.886930,0.045121,,1.002806,0.030407,0.044488,0.996306
power,2016-01,PARITY_PRESERVING_WITHIN_GAME_SCRAMBLE,san_canon,32,1,120000,2887248,781,0.134170,0.075005,0.075005,5.887214,0.045193,,1.021348,0.030208,0.044796,1.009503
power,2016-01,PARITY_PRESERVING_WITHIN_GAME_SCRAMBLE,san_canon,36,0,120000,2887248,781,0.134256,0.075099,0.075099,5.887794,0.044995,,1.003284,0.030446,0.044653,0.991861
power,2016-01,PARITY_PRESERVING_WITHIN_GAME_SCRAMBLE,san_canon,40,1,120000,2887248,781,0.133849,0.074671,0.074671,5.888022,0.044248,,0.993368,0.030297,0.044374,0.987961
power,2016-01,PARITY_PRESERVING_WITHIN_GAME_SCRAMBLE,san_canon,44,0,120000,2887248,781,0.134267,0.075182,0.075182,5.887147,0.044848,,1.019612,0.030162,0.045020,1.000004
power,2016-01,PARITY_PRESERVING_WITHIN_GAME_SCRAMBLE,san_canon,48,1,120000,2887248,781,0.134187,0.075050,0.075050,5.886738,0.044544,,1.002207,0.030135,0.044915,0.995780
power,2016-01,PARITY_PRESERVING_WITHIN_GAME_SCRAMBLE,san_canon,52,0,120000,2887248,781,0.134171,0.075052,0.075052,5.887333,0.043985,,0.995211,0.030032,0.045019,0.991174
power,2016-01,PARITY_PRESERVING_WITHIN_GAME_SCRAMBLE,san_canon,56,0,120000,2887248,781,0.134333,0.075239,0.075239,5.886863,0.044446,,0.997672,0.030133,0.045106,1.006523
power,2016-01,PARITY_PRESERVING_WITHIN_GAME_SCRAMBLE,san_canon,60,0,120000,2887248,781,0.134287,0.075199,0.075199,5.886859,0.044197,,1.011810,0.029779,0.045420,1.023294
power,2016-01,PARITY_PRESERVING_WITHIN_GAME_SCRAMBLE,san_canon,64,1,120000,2887248,781,0.134183,0.075035,0.075035,5.886759,0.044549,,1.011055,0.030222,0.044813,0.998112
power,2016-01,PARITY_PRESERVING_WITHIN_GAME_SCRAMBLE,san_canon,68,0,120000,2887248,781,0.133664,0.074488,0.074488,5.887896,0.043681,,0.988627,0.030102,0.044386,0.991977
power,2016-01,PARITY_PRESERVING_WITHIN_GAME_SCRAMBLE,san_canon,72,0,120000,2887248,781,0.133967,0.074861,0.074861,5.887479,0.044062,,0.993511,0.029963,0.044898,0.998142
power,2016-01,PARITY_PRESERVING_WITHIN_GAME_SCRAMBLE,san_canon,76,0,120000,2887248,781,0.134026,0.074886,0.074886,5.887567,0.044184,,0.992644,0.030140,0.044745,0.998613
power,2016-01,PARITY_PRESERVING_WITHIN_GAME_SCRAMBLE,san_canon,80,1,120000,2887248,781,0.134180,0.075047,0.075047,5.888040,0.044350,,1.002778,0.030065,0.044982,1.014901
power,2016-01,PARITY_PRESERVING_WITHIN_GAME_SCRAMBLE,san_canon,84,0,120000,2887248,781,0.134198,0.075034,0.075034,5.887760,0.044511,,0.991810,0.030227,0.044807,1.004355
power,2016-01,PARITY_PRESERVING_WITHIN_GAME_SCRAMBLE,san_canon,88,0,120000,2887248,781,0.133984,0.074844,0.074844,5.888461,0.044227,,0.984806,0.030523,0.044321,0.993720
power,2016-01,PARITY_PRESERVING_WITHIN_GAME_SCRAMBLE,san_canon,92,0,120000,2887248,781,0.134167,0.074958,0.074958,5.887980,0.044879,,,0.030345,0.044613,
power,2016-01,PARITY_PRESERVING_WITHIN_GAME_SCRAMBLE,san_canon,96,1,120000,2887248,781,0.134101,0.074918,0.074918,5.887814,0.044910,,,0.030317,0.044601,
power,2016-01,REAL,san_matkey,8,1,120000,2887248,84323,2.508781,2.476979,2.476979,3.011665,2.057623,,1.407353,0.418674,2.058305,1.407152
power,2016-01,REAL,san_matkey,12,1,120000,2887248,84323,2.243651,2.199748,2.199748,3.952828,1.715221,,1.358879,0.483634,1.716115,1.359399
power,2016-01,REAL,san_matkey,16,1,120000,2887248,84323,2.068693,2.014259,2.014259,4.743391,1.462052,,1.331486,0.551515,1.462745,1.332441
power,2016-01,REAL,san_matkey,20,0,120000,2887248,84323,1.946308,1.882951,1.882951,5.405492,1.262233,,1.320834,0.620544,1.262407,1.320849
power,2016-01,REAL,san_matkey,24,1,120000,2887248,84323,1.854387,1.783864,1.783864,5.953239,1.098060,,1.314898,0.686071,1.097793,1.315686
power,2016-01,REAL,san_matkey,28,0,120000,2887248,84323,1.778340,1.702230,1.702230,6.400583,0.955633,,1.312489,0.746476,0.955754,1.313125
power,2016-01,REAL,san_matkey,32,1,120000,2887248,84323,1.711122,1.631093,1.631093,6.757154,0.835091,,1.309349,0.796705,0.834389,1.309679
power,2016-01,REAL,san_matkey,36,0,120000,2887248,84323,1.648204,1.565649,1.565649,7.031167,0.728107,,1.291803,0.837801,0.727847,1.290396
power,2016-01,REAL,san_matkey,40,1,120000,2887248,84323,1.587475,1.503588,1.503588,7.228025,0.637791,,1.263993,0.866494,0.637094,1.261200
power,2016-01,REAL,san_matkey,44,0,120000,2887248,84323,1.529133,1.444965,1.444965,7.352460,0.563636,,1.232967,0.880915,0.564050,1.233258
power,2016-01,REAL,san_matkey,48,1,120000,2887248,84323,1.471729,1.388101,1.388101,7.415727,0.504584,,1.200737,0.882952,0.505149,1.201105
power,2016-01,REAL,san_matkey,52,0,120000,2887248,84323,1.415782,1.333070,1.333070,7.430871,0.457138,,1.172571,0.875704,0.457366,1.172270
power,2016-01,REAL,san_matkey,56,0,120000,2887248,84323,1.360914,1.279584,1.279584,7.409024,0.420229,,1.149598,0.859013,0.420570,1.149618
power,2016-01,REAL,san_matkey,60,0,120000,2887248,84323,1.306869,1.227009,1.227009,7.361714,0.389860,,1.129965,0.836856,0.390154,1.128633
power,2016-01,REAL,san_matkey,64,1,120000,2887248,84323,1.254516,1.176444,1.176444,7.297675,0.365544,,1.124754,0.810610,0.365835,1.126753
power,2016-01,REAL,san_matkey,68,0,120000,2887248,84323,1.202675,1.126388,1.126388,7.224586,0.345019,,1.130630,0.780702,0.345687,1.132839
power,2016-01,REAL,san_matkey,72,0,120000,2887248,84323,1.150922,1.076555,1.076555,7.147503,0.324999,,1.132698,0.751875,0.324681,1.125469
power,2016-01,REAL,san_matkey,76,0,120000,2887248,84323,1.099802,1.027424,1.027424,7.069491,0.305157,,1.129170,0.722273,0.305151,1.125845
power,2016-01,REAL,san_matkey,80,1,120000,2887248,84323,1.050548,0.980484,0.980484,6.990423,0.286925,,1.129734,0.691999,0.288485,1.134253
power,2016-01,REAL,san_matkey,84,0,120000,2887248,84323,1.002902,0.935195,0.935195,6.911272,0.270249,,1.136453,0.664153,0.271042,1.137344
power,2016-01,REAL,san_matkey,88,0,120000,2887248,84323,0.958202,0.892881,0.892881,6.832979,0.253976,,1.150311,0.638542,0.254339,1.150526
power,2016-01,REAL,san_matkey,92,0,120000,2887248,84323,0.916173,0.853179,0.853179,6.755309,0.237800,,,0.614868,0.238311,
power,2016-01,REAL,san_matkey,96,1,120000,2887248,84323,0.874596,0.813733,0.813733,6.676032,0.220789,,,0.592669,0.221063,
power,2016-01,WITHIN_GAME_SCRAMBLE,san_matkey,8,1,120000,2887248,84323,2.603600,2.380804,2.380804,5.435854,1.961448,,1.072673,1.818284,0.562520,1.000005
power,2016-01,WITHIN_GAME_SCRAMBLE,san_matkey,12,1,120000,2887248,84323,2.605092,2.382363,2.382363,5.435043,1.897836,,1.078351,1.817988,0.564375,1.000674
power,2016-01,WITHIN_GAME_SCRAMBLE,san_matkey,16,1,120000,2887248,84323,2.603525,2.380768,2.380768,5.435891,1.828561,,1.078475,1.818252,0.562517,0.996896
power,2016-01,WITHIN_GAME_SCRAMBLE,san_matkey,20,0,120000,2887248,84323,2.603356,2.380661,2.380661,5.434581,1.759943,,1.077645,1.816666,0.563994,0.999902
power,2016-01,WITHIN_GAME_SCRAMBLE,san_matkey,24,1,120000,2887248,84323,2.604082,2.381310,2.381310,5.434693,1.695506,,1.070197,1.817042,0.564268,0.999078
power,2016-01,WITHIN_GAME_SCRAMBLE,san_matkey,28,0,120000,2887248,84323,2.602449,2.379734,2.379734,5.435863,1.633137,,1.059242,1.815685,0.564050,1.002610
power,2016-01,WITHIN_GAME_SCRAMBLE,san_matkey,32,1,120000,2887248,84323,2.602937,2.380295,2.380295,5.434115,1.584293,,1.044739,1.815506,0.564789,0.998619
power,2016-01,WITHIN_GAME_SCRAMBLE,san_matkey,36,0,120000,2887248,84323,2.602086,2.379338,2.379338,5.435917,1.541797,,1.027827,1.816758,0.562581,0.996294
power,2016-01,WITHIN_GAME_SCRAMBLE,san_matkey,40,1,120000,2887248,84323,2.604809,2.382245,2.382245,5.434556,1.516448,,1.012038,1.816676,0.565569,1.002040
power,2016-01,WITHIN_GAME_SCRAMBLE,san_matkey,44,0,120000,2887248,84323,2.604116,2.381384,2.381384,5.435769,1.500055,,0.996250,1.816710,0.564674,1.000432
power,2016-01,WITHIN_GAME_SCRAMBLE,san_matkey,48,1,120000,2887248,84323,2.604616,2.381928,2.381928,5.436185,1.498411,,0.984167,1.817510,0.564418,1.000687
power,2016-01,WITHIN_GAME_SCRAMBLE,san_matkey,52,0,120000,2887248,84323,2.604438,2.381633,2.381633,5.436341,1.505701,,0.975119,1.817203,0.564430,1.000026
power,2016-01,WITHIN_GAME_SCRAMBLE,san_matkey,56,0,120000,2887248,84323,2.604607,2.381872,2.381872,5.436087,1.522518,,0.969451,1.817842,0.564031,0.998025
power,2016-01,WITHIN_GAME_SCRAMBLE,san_matkey,60,0,120000,2887248,84323,2.603967,2.381269,2.381269,5.436394,1.544120,,0.964855,1.816854,0.564415,1.002290
power,2016-01,WITHIN_GAME_SCRAMBLE,san_matkey,64,1,120000,2887248,84323,2.604171,2.381394,2.381394,5.437001,1.570494,,0.962341,1.816248,0.565147,0.999468
power,2016-01,WITHIN_GAME_SCRAMBLE,san_matkey,68,0,120000,2887248,84323,2.604476,2.381733,2.381733,5.437008,1.600364,,0.964717,1.818608,0.563126,0.997440
power,2016-01,WITHIN_GAME_SCRAMBLE,san_matkey,72,0,120000,2887248,84323,2.606187,2.383508,2.383508,5.435051,1.631952,,0.966781,1.818060,0.565448,1.001779
power,2016-01,WITHIN_GAME_SCRAMBLE,san_matkey,76,0,120000,2887248,84323,2.603854,2.381162,2.381162,5.435260,1.658895,,0.966897,1.816591,0.564571,1.002419
power,2016-01,WITHIN_GAME_SCRAMBLE,san_matkey,80,1,120000,2887248,84323,2.604175,2.381586,2.381586,5.435285,1.688026,,0.968595,1.817142,0.564444,1.000994
power,2016-01,WITHIN_GAME_SCRAMBLE,san_matkey,84,0,120000,2887248,84323,2.603368,2.380636,2.380636,5.434932,1.715691,,0.970967,1.817428,0.563208,0.995634
power,2016-01,WITHIN_GAME_SCRAMBLE,san_matkey,88,0,120000,2887248,84323,2.604248,2.381663,2.381663,5.434142,1.742757,,0.974644,1.817780,0.563883,0.999571
power,2016-01,WITHIN_GAME_SCRAMBLE,san_matkey,92,0,120000,2887248,84323,2.605019,2.382372,2.382372,5.432969,1.766992,,,1.816694,0.565678,
power,2016-01,WITHIN_GAME_SCRAMBLE,san_matkey,96,1,120000,2887248,84323,2.603612,2.381040,2.381040,5.434949,1.788096,,,1.816915,0.564125,
power,2016-01,EXACT_TARGET_MARGINAL_PERMUTATION,san_matkey,8,1,120000,2887248,84323,0.498997,0.419356,0.419356,5.069288,0.000000,,,0.419356,0.000000,
power,2016-01,EXACT_TARGET_MARGINAL_PERMUTATION,san_matkey,12,1,120000,2887248,84323,0.576147,0.484527,0.484527,5.668049,0.000000,,,0.484527,0.000000,
power,2016-01,EXACT_TARGET_MARGINAL_PERMUTATION,san_matkey,16,1,120000,2887248,84323,0.655796,0.552208,0.552208,6.205443,0.000000,,,0.552208,0.000000,
power,2016-01,EXACT_TARGET_MARGINAL_PERMUTATION,san_matkey,20,0,120000,2887248,84323,0.735644,0.620718,0.620718,6.667725,0.000000,,,0.620718,0.000000,
power,2016-01,EXACT_TARGET_MARGINAL_PERMUTATION,san_matkey,24,1,120000,2887248,84323,0.810822,0.685804,0.685804,7.051298,0.000000,,,0.685804,0.000000,
power,2016-01,EXACT_TARGET_MARGINAL_PERMUTATION,san_matkey,28,0,120000,2887248,84323,0.880344,0.746597,0.746597,7.356216,0.000000,,,0.746597,0.000000,
power,2016-01,EXACT_TARGET_MARGINAL_PERMUTATION,san_matkey,32,1,120000,2887248,84323,0.936985,0.796002,0.796002,7.592245,0.000000,,,0.796002,0.000000,
power,2016-01,EXACT_TARGET_MARGINAL_PERMUTATION,san_matkey,36,0,120000,2887248,84323,0.983741,0.837541,0.837541,7.759274,0.000000,,,0.837541,0.000000,
power,2016-01,EXACT_TARGET_MARGINAL_PERMUTATION,san_matkey,40,1,120000,2887248,84323,1.015433,0.865797,0.865797,7.865816,0.000000,,,0.865797,0.000000,
power,2016-01,EXACT_TARGET_MARGINAL_PERMUTATION,san_matkey,44,0,120000,2887248,84323,1.032743,0.881328,0.881328,7.916097,0.000000,,,0.881328,0.000000,
power,2016-01,EXACT_TARGET_MARGINAL_PERMUTATION,san_matkey,48,1,120000,2887248,84323,1.035104,0.883517,0.883517,7.920311,0.000000,,,0.883517,0.000000,
power,2016-01,EXACT_TARGET_MARGINAL_PERMUTATION,san_matkey,52,0,120000,2887248,84323,1.026535,0.875932,0.875932,7.888009,0.000000,,,0.875932,0.000000,
power,2016-01,EXACT_TARGET_MARGINAL_PERMUTATION,san_matkey,56,0,120000,2887248,84323,1.007909,0.859355,0.859355,7.829253,0.000000,,,0.859355,0.000000,
power,2016-01,EXACT_TARGET_MARGINAL_PERMUTATION,san_matkey,60,0,120000,2887248,84323,0.983154,0.837149,0.837149,7.751574,0.000000,,,0.837149,0.000000,
power,2016-01,EXACT_TARGET_MARGINAL_PERMUTATION,san_matkey,64,1,120000,2887248,84323,0.953925,0.810900,0.810900,7.663219,0.000000,,,0.810900,0.000000,
power,2016-01,EXACT_TARGET_MARGINAL_PERMUTATION,san_matkey,68,0,120000,2887248,84323,0.921061,0.781369,0.781369,7.569605,0.000000,,,0.781369,0.000000,
power,2016-01,EXACT_TARGET_MARGINAL_PERMUTATION,san_matkey,72,0,120000,2887248,84323,0.887849,0.751556,0.751556,7.472502,0.000000,,,0.751556,0.000000,
power,2016-01,EXACT_TARGET_MARGINAL_PERMUTATION,san_matkey,76,0,120000,2887248,84323,0.855239,0.722267,0.722267,7.374648,0.000000,,,0.722267,0.000000,
power,2016-01,EXACT_TARGET_MARGINAL_PERMUTATION,san_matkey,80,1,120000,2887248,84323,0.823306,0.693559,0.693559,7.277348,0.000000,,,0.693559,0.000000,
power,2016-01,EXACT_TARGET_MARGINAL_PERMUTATION,san_matkey,84,0,120000,2887248,84323,0.791460,0.664946,0.664946,7.181521,0.000000,,,0.664946,0.000000,
power,2016-01,EXACT_TARGET_MARGINAL_PERMUTATION,san_matkey,88,0,120000,2887248,84323,0.762356,0.638906,0.638906,7.086955,0.000000,,,0.638906,0.000000,
power,2016-01,EXACT_TARGET_MARGINAL_PERMUTATION,san_matkey,92,0,120000,2887248,84323,0.735959,0.615379,0.615379,6.993109,0.000000,,,0.615379,0.000000,
power,2016-01,EXACT_TARGET_MARGINAL_PERMUTATION,san_matkey,96,1,120000,2887248,84323,0.710414,0.592944,0.592944,6.896820,0.000000,,,0.592944,0.000000,
power,2016-01,PARITY_PRESERVING_WITHIN_GAME_SCRAMBLE,san_matkey,8,1,120000,2887248,84323,2.693270,2.483091,2.483091,5.333804,2.063734,,1.067894,1.816409,0.666681,0.998668
power,2016-01,PARITY_PRESERVING_WITHIN_GAME_SCRAMBLE,san_matkey,12,1,120000,2887248,84323,2.695187,2.485192,2.485192,5.331711,2.000665,,1.073524,1.816327,0.668865,1.000442
power,2016-01,PARITY_PRESERVING_WITHIN_GAME_SCRAMBLE,san_matkey,16,1,120000,2887248,84323,2.694671,2.484734,2.484734,5.331550,1.932527,,1.074774,1.817164,0.667571,1.000450
power,2016-01,PARITY_PRESERVING_WITHIN_GAME_SCRAMBLE,san_matkey,20,0,120000,2887248,84323,2.694191,2.484360,2.484360,5.332114,1.863643,,1.073020,1.815791,0.668570,1.003845
power,2016-01,PARITY_PRESERVING_WITHIN_GAME_SCRAMBLE,san_matkey,24,1,120000,2887248,84323,2.693789,2.483881,2.483881,5.332572,1.798077,,1.065480,1.816611,0.667270,1.000512
power,2016-01,PARITY_PRESERVING_WITHIN_GAME_SCRAMBLE,san_matkey,28,0,120000,2887248,84323,2.693311,2.483418,2.483418,5.332640,1.736820,,1.053948,1.817409,0.666009,0.995594
power,2016-01,PARITY_PRESERVING_WITHIN_GAME_SCRAMBLE,san_matkey,32,1,120000,2887248,84323,2.693345,2.483577,2.483577,5.332536,1.687575,,1.042104,1.816648,0.666929,0.998458
power,2016-01,PARITY_PRESERVING_WITHIN_GAME_SCRAMBLE,san_matkey,36,0,120000,2887248,84323,2.695329,2.485460,2.485460,5.330970,1.647919,,1.027219,1.816503,0.668957,1.000139
power,2016-01,PARITY_PRESERVING_WITHIN_GAME_SCRAMBLE,san_matkey,40,1,120000,2887248,84323,2.694930,2.485190,2.485190,5.331942,1.619393,,1.010649,1.817231,0.667959,0.999116
power,2016-01,PARITY_PRESERVING_WITHIN_GAME_SCRAMBLE,san_matkey,44,0,120000,2887248,84323,2.695258,2.485580,2.485580,5.331188,1.604252,,0.997264,1.816717,0.668864,1.001836
power,2016-01,PARITY_PRESERVING_WITHIN_GAME_SCRAMBLE,san_matkey,48,1,120000,2887248,84323,2.695634,2.485846,2.485846,5.331192,1.602330,,0.985988,1.817296,0.668550,1.001790
power,2016-01,PARITY_PRESERVING_WITHIN_GAME_SCRAMBLE,san_matkey,52,0,120000,2887248,84323,2.694470,2.484585,2.484585,5.332575,1.608654,,0.976173,1.816948,0.667638,0.997673
power,2016-01,PARITY_PRESERVING_WITHIN_GAME_SCRAMBLE,san_matkey,56,0,120000,2887248,84323,2.694296,2.484456,2.484456,5.332977,1.625101,,0.971244,1.817100,0.667356,0.997446
power,2016-01,PARITY_PRESERVING_WITHIN_GAME_SCRAMBLE,san_matkey,60,0,120000,2887248,84323,2.694787,2.485068,2.485068,5.331032,1.647919,,0.967134,1.815874,0.669195,0.999744
power,2016-01,PARITY_PRESERVING_WITHIN_GAME_SCRAMBLE,san_matkey,64,1,120000,2887248,84323,2.693824,2.484117,2.484117,5.331253,1.673217,,0.966237,1.815053,0.669064,1.000834
power,2016-01,PARITY_PRESERVING_WITHIN_GAME_SCRAMBLE,san_matkey,68,0,120000,2887248,84323,2.694913,2.485290,2.485290,5.329892,1.703921,,0.966830,1.815924,0.669366,1.000708
power,2016-01,PARITY_PRESERVING_WITHIN_GAME_SCRAMBLE,san_matkey,72,0,120000,2887248,84323,2.692802,2.483239,2.483239,5.330596,1.731683,,0.966883,1.814732,0.668507,1.001033
power,2016-01,PARITY_PRESERVING_WITHIN_GAME_SCRAMBLE,san_matkey,76,0,120000,2887248,84323,2.694280,2.484646,2.484646,5.330046,1.762379,,0.968521,1.815753,0.668893,1.001440
power,2016-01,PARITY_PRESERVING_WITHIN_GAME_SCRAMBLE,san_matkey,80,1,120000,2887248,84323,2.694320,2.484554,2.484554,5.331236,1.790995,,0.970325,1.816737,0.667817,0.998626
power,2016-01,PARITY_PRESERVING_WITHIN_GAME_SCRAMBLE,san_matkey,84,0,120000,2887248,84323,2.694347,2.484606,2.484606,5.330341,1.819660,,0.972839,1.816675,0.667931,0.998574
power,2016-01,PARITY_PRESERVING_WITHIN_GAME_SCRAMBLE,san_matkey,88,0,120000,2887248,84323,2.694269,2.484673,2.484673,5.330049,1.845768,,0.975090,1.815938,0.668736,0.998983
power,2016-01,PARITY_PRESERVING_WITHIN_GAME_SCRAMBLE,san_matkey,92,0,120000,2887248,84323,2.695450,2.485843,2.485843,5.329786,1.870463,,,1.816958,0.668885,
power,2016-01,PARITY_PRESERVING_WITHIN_GAME_SCRAMBLE,san_matkey,96,1,120000,2887248,84323,2.695572,2.485864,2.485864,5.330892,1.892920,,,1.816447,0.669416,
power,2016-01,REAL,san_statekey,8,1,120000,2887248,13007250,12.461995,12.767927,12.767927,2.270001,0.267479,,19.360096,12.500543,0.267384,19.317894
power,2016-01,REAL,san_statekey,12,1,120000,2887248,13007250,12.501592,12.814610,12.814610,2.477024,0.064782,,23.162700,12.749801,0.064809,23.223973
power,2016-01,REAL,san_statekey,16,1,120000,2887248,13007250,12.511734,12.827216,12.827216,2.528476,0.013816,,26.860761,12.813374,0.013841,27.047337
power,2016-01,REAL,san_statekey,20,0,120000,2887248,13007250,12.513277,12.829180,12.829180,2.539575,0.002797,,22.411591,12.826390,0.002791,21.791166
power,2016-01,REAL,san_statekey,24,1,120000,2887248,13007250,12.513004,12.828811,12.828811,2.541866,0.000514,,10.616376,12.828299,0.000512,11.889515
power,2016-01,REAL,san_statekey,28,0,120000,2887248,13007250,12.512380,12.827978,12.827978,2.542249,0.000125,,6.021430,12.827850,0.000128,11.919302
power,2016-01,REAL,san_statekey,32,1,120000,2887248,13007250,12.511631,12.826979,12.826979,2.542330,0.000048,,18.539650,12.826936,0.000043,4.614372
power,2016-01,REAL,san_statekey,36,0,120000,2887248,13007250,12.510717,12.825760,12.825760,2.542353,0.000021,,1.948875,12.825749,0.000011,-8.222605
power,2016-01,REAL,san_statekey,40,1,120000,2887248,13007250,12.509778,12.824511,12.824511,2.542354,0.000003,,1.074516,12.824502,0.000009,-3.328282
power,2016-01,REAL,san_statekey,44,0,120000,2887248,13007250,12.508784,12.823190,12.823190,2.542354,0.000011,,-2.236706,12.823192,-0.000001,0.268629
power,2016-01,REAL,san_statekey,48,1,120000,2887248,13007250,12.507660,12.821698,12.821698,2.542354,0.000002,,-0.169209,12.821701,-0.000003,1.883608
power,2016-01,REAL,san_statekey,52,0,120000,2887248,13007250,12.506393,12.820015,12.820015,2.542348,-0.000005,,0.351181,12.820020,-0.000005,0.342740
power,2016-01,REAL,san_statekey,56,0,120000,2887248,13007250,12.505081,12.818277,12.818277,2.542352,-0.000014,,0.793576,12.818278,-0.000001,0.073069
power,2016-01,REAL,san_statekey,60,0,120000,2887248,13007250,12.503681,12.816422,12.816422,2.542345,-0.000014,,0.323728,12.816437,-0.000014,0.327753
power,2016-01,REAL,san_statekey,64,1,120000,2887248,13007250,12.501862,12.814021,12.814021,2.542353,-0.000018,,0.387432,12.814041,-0.000020,0.297788
power,2016-01,REAL,san_statekey,68,0,120000,2887248,13007250,12.499575,12.811024,12.811024,2.542356,-0.000042,,0.494735,12.811067,-0.000043,0.559837
power,2016-01,REAL,san_statekey,72,0,120000,2887248,13007250,12.496384,12.806892,12.806892,2.542358,-0.000047,,0.327236,12.806960,-0.000068,0.526840
power,2016-01,REAL,san_statekey,76,0,120000,2887248,13007250,12.491831,12.801052,12.801052,2.542358,-0.000085,,0.397209,12.801130,-0.000077,0.358507
power,2016-01,REAL,san_statekey,80,1,120000,2887248,13007250,12.485130,12.792557,12.792557,2.542363,-0.000143,,0.439672,12.792687,-0.000130,0.403517
power,2016-01,REAL,san_statekey,84,0,120000,2887248,13007250,12.475224,12.780168,12.780168,2.542360,-0.000213,,0.427327,12.780383,-0.000216,0.382470
power,2016-01,REAL,san_statekey,88,0,120000,2887248,13007250,12.460849,12.762485,12.762485,2.542368,-0.000325,,0.384066,12.762806,-0.000322,0.384275
power,2016-01,REAL,san_statekey,92,0,120000,2887248,13007250,12.440524,12.737798,12.737798,2.542350,-0.000498,,,12.738362,-0.000564,
power,2016-01,REAL,san_statekey,96,1,120000,2887248,13007250,12.411719,12.702685,12.702685,2.542321,-0.000846,,,12.703522,-0.000837,
power,2016-01,WITHIN_GAME_SCRAMBLE,san_statekey,8,1,120000,2887248,13007250,14.154770,14.581096,14.581096,0.396178,2.080648,,1.177051,14.580367,0.000730,1.169627
power,2016-01,WITHIN_GAME_SCRAMBLE,san_statekey,12,1,120000,2887248,13007250,14.155355,14.581745,14.581745,0.396339,1.831918,,1.043937,14.581397,0.000349,0.754723
power,2016-01,WITHIN_GAME_SCRAMBLE,san_statekey,16,1,120000,2887248,13007250,14.154703,14.581079,14.581079,0.396257,1.767679,,1.008684,14.580455,0.000624,1.068808
power,2016-01,WITHIN_GAME_SCRAMBLE,san_statekey,20,0,120000,2887248,13007250,14.154849,14.581199,14.581199,0.396373,1.754816,,1.001129,14.580737,0.000462,0.896177
power,2016-01,WITHIN_GAME_SCRAMBLE,san_statekey,24,1,120000,2887248,13007250,14.154381,14.580757,14.580757,0.396180,1.752460,,0.999379,14.580173,0.000584,0.969810
power,2016-01,WITHIN_GAME_SCRAMBLE,san_statekey,28,0,120000,2887248,13007250,14.154348,14.580690,14.580690,0.396220,1.752837,,0.998923,14.580174,0.000515,1.059722
power,2016-01,WITHIN_GAME_SCRAMBLE,san_statekey,32,1,120000,2887248,13007250,14.154139,14.580479,14.580479,0.396179,1.753548,,0.998527,14.579877,0.000602,1.085350
power,2016-01,WITHIN_GAME_SCRAMBLE,san_statekey,36,0,120000,2887248,13007250,14.154125,14.580466,14.580466,0.396201,1.754726,,0.998803,14.579979,0.000486,1.230554
power,2016-01,WITHIN_GAME_SCRAMBLE,san_statekey,40,1,120000,2887248,13007250,14.154295,14.580644,14.580644,0.396198,1.756135,,0.998103,14.580090,0.000555,0.940647
power,2016-01,WITHIN_GAME_SCRAMBLE,san_statekey,44,0,120000,2887248,13007250,14.153720,14.580009,14.580009,0.396377,1.756829,,0.997471,14.579613,0.000395,0.713444
power,2016-01,WITHIN_GAME_SCRAMBLE,san_statekey,48,1,120000,2887248,13007250,14.154789,14.581168,14.581168,0.396145,1.759473,,0.997809,14.580579,0.000590,1.126831
power,2016-01,WITHIN_GAME_SCRAMBLE,san_statekey,52,0,120000,2887248,13007250,14.154889,14.581302,14.581302,0.396162,1.761282,,0.997363,14.580748,0.000554,0.724683
power,2016-01,WITHIN_GAME_SCRAMBLE,san_statekey,56,0,120000,2887248,13007250,14.155194,14.581627,14.581627,0.396310,1.763336,,0.997633,14.581104,0.000523,1.095479
power,2016-01,WITHIN_GAME_SCRAMBLE,san_statekey,60,0,120000,2887248,13007250,14.155946,14.582375,14.582375,0.396188,1.765939,,0.997654,14.581611,0.000765,1.151148
power,2016-01,WITHIN_GAME_SCRAMBLE,san_statekey,64,1,120000,2887248,13007250,14.155144,14.581559,14.581559,0.396199,1.767521,,0.996462,14.581082,0.000478,0.806339
power,2016-01,WITHIN_GAME_SCRAMBLE,san_statekey,68,0,120000,2887248,13007250,14.154775,14.581157,14.581157,0.396195,1.770092,,0.995072,14.580493,0.000664,2.148674
power,2016-01,WITHIN_GAME_SCRAMBLE,san_statekey,72,0,120000,2887248,13007250,14.154379,14.580735,14.580735,0.396259,1.773796,,0.992158,14.580142,0.000592,1.037799
power,2016-01,WITHIN_GAME_SCRAMBLE,san_statekey,76,0,120000,2887248,13007250,14.153694,14.579994,14.579994,0.396444,1.778857,,0.988725,14.579685,0.000309,0.618888
power,2016-01,WITHIN_GAME_SCRAMBLE,san_statekey,80,1,120000,2887248,13007250,14.154154,14.580516,14.580516,0.396205,1.787816,,0.984125,14.579945,0.000571,1.071874
power,2016-01,WITHIN_GAME_SCRAMBLE,san_statekey,84,0,120000,2887248,13007250,14.153224,14.579524,14.579524,0.396237,1.799143,,0.977333,14.579024,0.000499,0.898668
power,2016-01,WITHIN_GAME_SCRAMBLE,san_statekey,88,0,120000,2887248,13007250,14.153124,14.579466,14.579466,0.396143,1.816656,,0.968630,14.578933,0.000533,1.112193
power,2016-01,WITHIN_GAME_SCRAMBLE,san_statekey,92,0,120000,2887248,13007250,14.152831,14.579166,14.579166,0.396191,1.840870,,,14.578610,0.000556,
power,2016-01,WITHIN_GAME_SCRAMBLE,san_statekey,96,1,120000,2887248,13007250,14.152685,14.579022,14.579022,0.396279,1.875490,,,14.578543,0.000479,
power,2016-01,EXACT_TARGET_MARGINAL_PERMUTATION,san_statekey,8,1,120000,2887248,13007250,12.235169,12.500449,12.500449,2.537480,0.000000,,,12.500449,0.000000,
power,2016-01,EXACT_TARGET_MARGINAL_PERMUTATION,san_statekey,12,1,120000,2887248,13007250,12.449334,12.749828,12.749828,2.541807,0.000000,,,12.749828,0.000000,
power,2016-01,EXACT_TARGET_MARGINAL_PERMUTATION,san_statekey,16,1,120000,2887248,13007250,12.500886,12.813400,12.813400,2.542292,0.000000,,,12.813400,0.000000,
power,2016-01,EXACT_TARGET_MARGINAL_PERMUTATION,san_statekey,20,0,120000,2887248,13007250,12.511116,12.826383,12.826383,2.542372,0.000000,,,12.826383,0.000000,
power,2016-01,EXACT_TARGET_MARGINAL_PERMUTATION,san_statekey,24,1,120000,2887248,13007250,12.512617,12.828297,12.828297,2.542380,0.000000,,,12.828297,0.000000,
power,2016-01,EXACT_TARGET_MARGINAL_PERMUTATION,san_statekey,28,0,120000,2887248,13007250,12.512287,12.827853,12.827853,2.542374,0.000000,,,12.827853,0.000000,
power,2016-01,EXACT_TARGET_MARGINAL_PERMUTATION,san_statekey,32,1,120000,2887248,13007250,12.511595,12.826931,12.826931,2.542379,0.000000,,,12.826931,0.000000,
power,2016-01,EXACT_TARGET_MARGINAL_PERMUTATION,san_statekey,36,0,120000,2887248,13007250,12.510702,12.825739,12.825739,2.542374,0.000000,,,12.825739,0.000000,
power,2016-01,EXACT_TARGET_MARGINAL_PERMUTATION,san_statekey,40,1,120000,2887248,13007250,12.509776,12.824509,12.824509,2.542356,0.000000,,,12.824509,0.000000,
power,2016-01,EXACT_TARGET_MARGINAL_PERMUTATION,san_statekey,44,0,120000,2887248,13007250,12.508776,12.823180,12.823180,2.542365,0.000000,,,12.823180,0.000000,
power,2016-01,EXACT_TARGET_MARGINAL_PERMUTATION,san_statekey,48,1,120000,2887248,13007250,12.507658,12.821695,12.821695,2.542357,0.000000,,,12.821695,0.000000,
power,2016-01,EXACT_TARGET_MARGINAL_PERMUTATION,san_statekey,52,0,120000,2887248,13007250,12.506397,12.820019,12.820019,2.542344,0.000000,,,12.820019,0.000000,
power,2016-01,EXACT_TARGET_MARGINAL_PERMUTATION,san_statekey,56,0,120000,2887248,13007250,12.505092,12.818291,12.818291,2.542337,0.000000,,,12.818291,0.000000,
power,2016-01,EXACT_TARGET_MARGINAL_PERMUTATION,san_statekey,60,0,120000,2887248,13007250,12.503691,12.816436,12.816436,2.542332,0.000000,,,12.816436,0.000000,
power,2016-01,EXACT_TARGET_MARGINAL_PERMUTATION,san_statekey,64,1,120000,2887248,13007250,12.501876,12.814039,12.814039,2.542335,0.000000,,,12.814039,0.000000,
power,2016-01,EXACT_TARGET_MARGINAL_PERMUTATION,san_statekey,68,0,120000,2887248,13007250,12.499606,12.811066,12.811066,2.542315,0.000000,,,12.811066,0.000000,
power,2016-01,EXACT_TARGET_MARGINAL_PERMUTATION,san_statekey,72,0,120000,2887248,13007250,12.496418,12.806939,12.806939,2.542311,0.000000,,,12.806939,0.000000,
power,2016-01,EXACT_TARGET_MARGINAL_PERMUTATION,san_statekey,76,0,120000,2887248,13007250,12.491894,12.801137,12.801137,2.542273,0.000000,,,12.801137,0.000000,
power,2016-01,EXACT_TARGET_MARGINAL_PERMUTATION,san_statekey,80,1,120000,2887248,13007250,12.485235,12.792700,12.792700,2.542220,0.000000,,,12.792700,0.000000,
power,2016-01,EXACT_TARGET_MARGINAL_PERMUTATION,san_statekey,84,0,120000,2887248,13007250,12.475381,12.780380,12.780380,2.542147,0.000000,,,12.780380,0.000000,
power,2016-01,EXACT_TARGET_MARGINAL_PERMUTATION,san_statekey,88,0,120000,2887248,13007250,12.461090,12.762810,12.762810,2.542043,0.000000,,,12.762810,0.000000,
power,2016-01,EXACT_TARGET_MARGINAL_PERMUTATION,san_statekey,92,0,120000,2887248,13007250,12.440895,12.738296,12.738296,2.541852,0.000000,,,12.738296,0.000000,
power,2016-01,EXACT_TARGET_MARGINAL_PERMUTATION,san_statekey,96,1,120000,2887248,13007250,12.412355,12.703531,12.703531,2.541475,0.000000,,,12.703531,0.000000,
power,2016-01,PARITY_PRESERVING_WITHIN_GAME_SCRAMBLE,san_statekey,8,1,120000,2887248,13007250,14.152152,14.578514,14.578514,0.397145,2.078065,,1.177743,14.577699,0.000815,1.206695
power,2016-01,PARITY_PRESERVING_WITHIN_GAME_SCRAMBLE,san_statekey,12,1,120000,2887248,13007250,14.151536,14.577847,14.577847,0.397238,1.828019,,1.043289,14.577045,0.000802,1.175362
power,2016-01,PARITY_PRESERVING_WITHIN_GAME_SCRAMBLE,san_statekey,16,1,120000,2887248,13007250,14.151518,14.577847,14.577847,0.397217,1.764447,,1.007517,14.577171,0.000675,1.127469
power,2016-01,PARITY_PRESERVING_WITHIN_GAME_SCRAMBLE,san_statekey,20,0,120000,2887248,13007250,14.152151,14.578552,14.578552,0.397180,1.752169,,1.000485,14.577870,0.000682,1.186366
power,2016-01,PARITY_PRESERVING_WITHIN_GAME_SCRAMBLE,san_statekey,24,1,120000,2887248,13007250,14.153126,14.579579,14.579579,0.397331,1.751282,,0.999253,14.578980,0.000599,0.682976
power,2016-01,PARITY_PRESERVING_WITHIN_GAME_SCRAMBLE,san_statekey,28,0,120000,2887248,13007250,14.152728,14.579173,14.579173,0.397363,1.751320,,0.998742,14.578598,0.000575,0.975327
power,2016-01,PARITY_PRESERVING_WITHIN_GAME_SCRAMBLE,san_statekey,32,1,120000,2887248,13007250,14.153053,14.579522,14.579522,0.397144,1.752591,,0.998963,14.578645,0.000877,1.190670
power,2016-01,PARITY_PRESERVING_WITHIN_GAME_SCRAMBLE,san_statekey,36,0,120000,2887248,13007250,14.152787,14.579266,14.579266,0.397222,1.753526,,0.998529,14.578676,0.000590,0.847597
power,2016-01,PARITY_PRESERVING_WITHIN_GAME_SCRAMBLE,san_statekey,40,1,120000,2887248,13007250,14.152463,14.578919,14.578919,0.397196,1.754410,,0.998376,14.578182,0.000737,1.019035
power,2016-01,PARITY_PRESERVING_WITHIN_GAME_SCRAMBLE,san_statekey,44,0,120000,2887248,13007250,14.152808,14.579288,14.579288,0.397242,1.756109,,0.997734,14.578593,0.000696,0.802906
power,2016-01,PARITY_PRESERVING_WITHIN_GAME_SCRAMBLE,san_statekey,48,1,120000,2887248,13007250,14.152534,14.578959,14.578959,0.397196,1.757264,,0.997412,14.578237,0.000723,1.142865
power,2016-01,PARITY_PRESERVING_WITHIN_GAME_SCRAMBLE,san_statekey,52,0,120000,2887248,13007250,14.153593,14.580116,14.580116,0.397148,1.760097,,0.998758,14.579250,0.000866,1.365167
power,2016-01,PARITY_PRESERVING_WITHIN_GAME_SCRAMBLE,san_statekey,56,0,120000,2887248,13007250,14.153614,14.580115,14.580115,0.397256,1.761824,,0.998496,14.579482,0.000632,0.863955
power,2016-01,PARITY_PRESERVING_WITHIN_GAME_SCRAMBLE,san_statekey,60,0,120000,2887248,13007250,14.152338,14.578722,14.578722,0.397280,1.762286,,0.996879,14.578087,0.000635,1.018596
power,2016-01,PARITY_PRESERVING_WITHIN_GAME_SCRAMBLE,san_statekey,64,1,120000,2887248,13007250,14.152106,14.578516,14.578516,0.397152,1.764477,,0.995920,14.577784,0.000732,1.081291
power,2016-01,PARITY_PRESERVING_WITHIN_GAME_SCRAMBLE,san_statekey,68,0,120000,2887248,13007250,14.152474,14.578869,14.578869,0.397310,1.767804,,0.994893,14.578246,0.000623,1.188792
power,2016-01,PARITY_PRESERVING_WITHIN_GAME_SCRAMBLE,san_statekey,72,0,120000,2887248,13007250,14.152273,14.578644,14.578644,0.397238,1.771705,,0.991540,14.577967,0.000677,0.989676
power,2016-01,PARITY_PRESERVING_WITHIN_GAME_SCRAMBLE,san_statekey,76,0,120000,2887248,13007250,14.151697,14.578015,14.578015,0.397344,1.776878,,0.988183,14.577491,0.000524,0.765932
power,2016-01,PARITY_PRESERVING_WITHIN_GAME_SCRAMBLE,san_statekey,80,1,120000,2887248,13007250,14.153104,14.579522,14.579522,0.397303,1.786822,,0.983881,14.578838,0.000684,1.060765
power,2016-01,PARITY_PRESERVING_WITHIN_GAME_SCRAMBLE,san_statekey,84,0,120000,2887248,13007250,14.152175,14.578506,14.578506,0.397229,1.798126,,0.976348,14.577822,0.000684,1.323931
power,2016-01,PARITY_PRESERVING_WITHIN_GAME_SCRAMBLE,san_statekey,88,0,120000,2887248,13007250,14.152591,14.578904,14.578904,0.397241,1.816094,,0.967497,14.578259,0.000645,1.246299
power,2016-01,PARITY_PRESERVING_WITHIN_GAME_SCRAMBLE,san_statekey,92,0,120000,2887248,13007250,14.153587,14.579981,14.579981,0.397251,1.841686,,,14.579465,0.000517,
power,2016-01,PARITY_PRESERVING_WITHIN_GAME_SCRAMBLE,san_statekey,96,1,120000,2887248,13007250,14.154215,14.580637,14.580637,0.397338,1.877105,,,14.580119,0.000517,
