recid,family,filename,size_bytes,checksum,availability,https_url,xrootd_uri,cold_uri
776,PYTHIA6,1CD762F1-5F65-E211-BE2B-003048678BAE.root,4007779927,adler32:88cd1d24,online,https://opendata.cern.ch/eos/opendata/cms/MonteCarlo2010/Summer12/QCD_Pt_300to470_TuneZ2star_HFshowerLibrary_7TeV_pythia6/AODSIM/LowPU2010_DR42_PU_S0_START42_V17B-v1/20000/1CD762F1-5F65-E211-BE2B-003048678BAE.root,root://eospublic.cern.ch//eos/opendata/cms/MonteCarlo2010/Summer12/QCD_Pt_300to470_TuneZ2star_HFshowerLibrary_7TeV_pythia6/AODSIM/LowPU2010_DR42_PU_S0_START42_V17B-v1/20000/1CD762F1-5F65-E211-BE2B-003048678BAE.root,https://eosctapublic.cern.ch:8444/eos/ctapublic/archive/opendata/cms/MonteCarlo2010/Summer12/QCD_Pt_300to470_TuneZ2star_HFshowerLibrary_7TeV_pythia6/AODSIM/LowPU2010_DR42_PU_S0_START42_V17B-v1/20000/1CD762F1-5F65-E211-BE2B-003048678BAE.root
776,PYTHIA6,24A6730B-5E65-E211-946B-00261894396D.root,3998631169,adler32:99092bb3,on demand,https://opendata.cern.ch/eos/opendata/cms/MonteCarlo2010/Summer12/QCD_Pt_300to470_TuneZ2star_HFshowerLibrary_7TeV_pythia6/AODSIM/LowPU2010_DR42_PU_S0_START42_V17B-v1/20000/24A6730B-5E65-E211-946B-00261894396D.root,root://eospublic.cern.ch//eos/opendata/cms/MonteCarlo2010/Summer12/QCD_Pt_300to470_TuneZ2star_HFshowerLibrary_7TeV_pythia6/AODSIM/LowPU2010_DR42_PU_S0_START42_V17B-v1/20000/24A6730B-5E65-E211-946B-00261894396D.root,https://eosctapublic.cern.ch:8444/eos/ctapublic/archive/opendata/cms/MonteCarlo2010/Summer12/QCD_Pt_300to470_TuneZ2star_HFshowerLibrary_7TeV_pythia6/AODSIM/LowPU2010_DR42_PU_S0_START42_V17B-v1/20000/24A6730B-5E65-E211-946B-00261894396D.root
776,PYTHIA6,2C603E3A-6165-E211-A5E8-0025905938A4.root,4005845537,adler32:124c4650,on demand,https://opendata.cern.ch/eos/opendata/cms/MonteCarlo2010/Summer12/QCD_Pt_300to470_TuneZ2star_HFshowerLibrary_7TeV_pythia6/AODSIM/LowPU2010_DR42_PU_S0_START42_V17B-v1/20000/2C603E3A-6165-E211-A5E8-0025905938A4.root,root://eospublic.cern.ch//eos/opendata/cms/MonteCarlo2010/Summer12/QCD_Pt_300to470_TuneZ2star_HFshowerLibrary_7TeV_pythia6/AODSIM/LowPU2010_DR42_PU_S0_START42_V17B-v1/20000/2C603E3A-6165-E211-A5E8-0025905938A4.root,https://eosctapublic.cern.ch:8444/eos/ctapublic/archive/opendata/cms/MonteCarlo2010/Summer12/QCD_Pt_300to470_TuneZ2star_HFshowerLibrary_7TeV_pythia6/AODSIM/LowPU2010_DR42_PU_S0_START42_V17B-v1/20000/2C603E3A-6165-E211-A5E8-0025905938A4.root
776,PYTHIA6,34DAC0F1-5E65-E211-A01B-003048679182.root,4010899063,adler32:2d5a998f,on demand,https://opendata.cern.ch/eos/opendata/cms/MonteCarlo2010/Summer12/QCD_Pt_300to470_TuneZ2star_HFshowerLibrary_7TeV_pythia6/AODSIM/LowPU2010_DR42_PU_S0_START42_V17B-v1/20000/34DAC0F1-5E65-E211-A01B-003048679182.root,root://eospublic.cern.ch//eos/opendata/cms/MonteCarlo2010/Summer12/QCD_Pt_300to470_TuneZ2star_HFshowerLibrary_7TeV_pythia6/AODSIM/LowPU2010_DR42_PU_S0_START42_V17B-v1/20000/34DAC0F1-5E65-E211-A01B-003048679182.root,https://eosctapublic.cern.ch:8444/eos/ctapublic/archive/opendata/cms/MonteCarlo2010/Summer12/QCD_Pt_300to470_TuneZ2star_HFshowerLibrary_7TeV_pythia6/AODSIM/LowPU2010_DR42_PU_S0_START42_V17B-v1/20000/34DAC0F1-5E65-E211-A01B-003048679182.root
776,PYTHIA6,3A295634-5A65-E211-B4BD-002618943810.root,4007505107,adler32:fe611d53,on demand,https://opendata.cern.ch/eos/opendata/cms/MonteCarlo2010/Summer12/QCD_Pt_300to470_TuneZ2star_HFshowerLibrary_7TeV_pythia6/AODSIM/LowPU2010_DR42_PU_S0_START42_V17B-v1/20000/3A295634-5A65-E211-B4BD-002618943810.root,root://eospublic.cern.ch//eos/opendata/cms/MonteCarlo2010/Summer12/QCD_Pt_300to470_TuneZ2star_HFshowerLibrary_7TeV_pythia6/AODSIM/LowPU2010_DR42_PU_S0_START42_V17B-v1/20000/3A295634-5A65-E211-B4BD-002618943810.root,https://eosctapublic.cern.ch:8444/eos/ctapublic/archive/opendata/cms/MonteCarlo2010/Summer12/QCD_Pt_300to470_TuneZ2star_HFshowerLibrary_7TeV_pythia6/AODSIM/LowPU2010_DR42_PU_S0_START42_V17B-v1/20000/3A295634-5A65-E211-B4BD-002618943810.root
776,PYTHIA6,3C8DA842-5C65-E211-AB39-003048678BE8.root,2392288131,adler32:860fbb51,on demand,https://opendata.cern.ch/eos/opendata/cms/MonteCarlo2010/Summer12/QCD_Pt_300to470_TuneZ2star_HFshowerLibrary_7TeV_pythia6/AODSIM/LowPU2010_DR42_PU_S0_START42_V17B-v1/20000/3C8DA842-5C65-E211-AB39-003048678BE8.root,root://eospublic.cern.ch//eos/opendata/cms/MonteCarlo2010/Summer12/QCD_Pt_300to470_TuneZ2star_HFshowerLibrary_7TeV_pythia6/AODSIM/LowPU2010_DR42_PU_S0_START42_V17B-v1/20000/3C8DA842-5C65-E211-AB39-003048678BE8.root,https://eosctapublic.cern.ch:8444/eos/ctapublic/archive/opendata/cms/MonteCarlo2010/Summer12/QCD_Pt_300to470_TuneZ2star_HFshowerLibrary_7TeV_pythia6/AODSIM/LowPU2010_DR42_PU_S0_START42_V17B-v1/20000/3C8DA842-5C65-E211-AB39-003048678BE8.root
776,PYTHIA6,407B6E91-4665-E211-BB82-003048FFD754.root,2532892419,adler32:d95110d5,on demand,https://opendata.cern.ch/eos/opendata/cms/MonteCarlo2010/Summer12/QCD_Pt_300to470_TuneZ2star_HFshowerLibrary_7TeV_pythia6/AODSIM/LowPU2010_DR42_PU_S0_START42_V17B-v1/20000/407B6E91-4665-E211-BB82-003048FFD754.root,root://eospublic.cern.ch//eos/opendata/cms/MonteCarlo2010/Summer12/QCD_Pt_300to470_TuneZ2star_HFshowerLibrary_7TeV_pythia6/AODSIM/LowPU2010_DR42_PU_S0_START42_V17B-v1/20000/407B6E91-4665-E211-BB82-003048FFD754.root,https://eosctapublic.cern.ch:8444/eos/ctapublic/archive/opendata/cms/MonteCarlo2010/Summer12/QCD_Pt_300to470_TuneZ2star_HFshowerLibrary_7TeV_pythia6/AODSIM/LowPU2010_DR42_PU_S0_START42_V17B-v1/20000/407B6E91-4665-E211-BB82-003048FFD754.root
776,PYTHIA6,40C3FE8B-5F65-E211-9CE5-0030486792AC.root,4008127048,adler32:d3b0a2b5,on demand,https://opendata.cern.ch/eos/opendata/cms/MonteCarlo2010/Summer12/QCD_Pt_300to470_TuneZ2star_HFshowerLibrary_7TeV_pythia6/AODSIM/LowPU2010_DR42_PU_S0_START42_V17B-v1/20000/40C3FE8B-5F65-E211-9CE5-0030486792AC.root,root://eospublic.cern.ch//eos/opendata/cms/MonteCarlo2010/Summer12/QCD_Pt_300to470_TuneZ2star_HFshowerLibrary_7TeV_pythia6/AODSIM/LowPU2010_DR42_PU_S0_START42_V17B-v1/20000/40C3FE8B-5F65-E211-9CE5-0030486792AC.root,https://eosctapublic.cern.ch:8444/eos/ctapublic/archive/opendata/cms/MonteCarlo2010/Summer12/QCD_Pt_300to470_TuneZ2star_HFshowerLibrary_7TeV_pythia6/AODSIM/LowPU2010_DR42_PU_S0_START42_V17B-v1/20000/40C3FE8B-5F65-E211-9CE5-0030486792AC.root
776,PYTHIA6,40E70314-5E65-E211-B03B-003048678B14.root,4016963245,adler32:f2b9f5ba,on demand,https://opendata.cern.ch/eos/opendata/cms/MonteCarlo2010/Summer12/QCD_Pt_300to470_TuneZ2star_HFshowerLibrary_7TeV_pythia6/AODSIM/LowPU2010_DR42_PU_S0_START42_V17B-v1/20000/40E70314-5E65-E211-B03B-003048678B14.root,root://eospublic.cern.ch//eos/opendata/cms/MonteCarlo2010/Summer12/QCD_Pt_300to470_TuneZ2star_HFshowerLibrary_7TeV_pythia6/AODSIM/LowPU2010_DR42_PU_S0_START42_V17B-v1/20000/40E70314-5E65-E211-B03B-003048678B14.root,https://eosctapublic.cern.ch:8444/eos/ctapublic/archive/opendata/cms/MonteCarlo2010/Summer12/QCD_Pt_300to470_TuneZ2star_HFshowerLibrary_7TeV_pythia6/AODSIM/LowPU2010_DR42_PU_S0_START42_V17B-v1/20000/40E70314-5E65-E211-B03B-003048678B14.root
776,PYTHIA6,46FD8576-5D65-E211-B48B-0026189438BA.root,4001911064,adler32:1a37431f,on demand,https://opendata.cern.ch/eos/opendata/cms/MonteCarlo2010/Summer12/QCD_Pt_300to470_TuneZ2star_HFshowerLibrary_7TeV_pythia6/AODSIM/LowPU2010_DR42_PU_S0_START42_V17B-v1/20000/46FD8576-5D65-E211-B48B-0026189438BA.root,root://eospublic.cern.ch//eos/opendata/cms/MonteCarlo2010/Summer12/QCD_Pt_300to470_TuneZ2star_HFshowerLibrary_7TeV_pythia6/AODSIM/LowPU2010_DR42_PU_S0_START42_V17B-v1/20000/46FD8576-5D65-E211-B48B-0026189438BA.root,https://eosctapublic.cern.ch:8444/eos/ctapublic/archive/opendata/cms/MonteCarlo2010/Summer12/QCD_Pt_300to470_TuneZ2star_HFshowerLibrary_7TeV_pythia6/AODSIM/LowPU2010_DR42_PU_S0_START42_V17B-v1/20000/46FD8576-5D65-E211-B48B-0026189438BA.root
776,PYTHIA6,4E5927F7-4A65-E211-A2A9-003048FFCBB0.root,2410407907,adler32:b40f2687,on demand,https://opendata.cern.ch/eos/opendata/cms/MonteCarlo2010/Summer12/QCD_Pt_300to470_TuneZ2star_HFshowerLibrary_7TeV_pythia6/AODSIM/LowPU2010_DR42_PU_S0_START42_V17B-v1/20000/4E5927F7-4A65-E211-A2A9-003048FFCBB0.root,root://eospublic.cern.ch//eos/opendata/cms/MonteCarlo2010/Summer12/QCD_Pt_300to470_TuneZ2star_HFshowerLibrary_7TeV_pythia6/AODSIM/LowPU2010_DR42_PU_S0_START42_V17B-v1/20000/4E5927F7-4A65-E211-A2A9-003048FFCBB0.root,https://eosctapublic.cern.ch:8444/eos/ctapublic/archive/opendata/cms/MonteCarlo2010/Summer12/QCD_Pt_300to470_TuneZ2star_HFshowerLibrary_7TeV_pythia6/AODSIM/LowPU2010_DR42_PU_S0_START42_V17B-v1/20000/4E5927F7-4A65-E211-A2A9-003048FFCBB0.root
776,PYTHIA6,520EA552-5E65-E211-891E-0026189438C0.root,3998913884,adler32:9daa3f5f,on demand,https://opendata.cern.ch/eos/opendata/cms/MonteCarlo2010/Summer12/QCD_Pt_300to470_TuneZ2star_HFshowerLibrary_7TeV_pythia6/AODSIM/LowPU2010_DR42_PU_S0_START42_V17B-v1/20000/520EA552-5E65-E211-891E-0026189438C0.root,root://eospublic.cern.ch//eos/opendata/cms/MonteCarlo2010/Summer12/QCD_Pt_300to470_TuneZ2star_HFshowerLibrary_7TeV_pythia6/AODSIM/LowPU2010_DR42_PU_S0_START42_V17B-v1/20000/520EA552-5E65-E211-891E-0026189438C0.root,https://eosctapublic.cern.ch:8444/eos/ctapublic/archive/opendata/cms/MonteCarlo2010/Summer12/QCD_Pt_300to470_TuneZ2star_HFshowerLibrary_7TeV_pythia6/AODSIM/LowPU2010_DR42_PU_S0_START42_V17B-v1/20000/520EA552-5E65-E211-891E-0026189438C0.root
776,PYTHIA6,60957BC4-5D65-E211-B5A6-0026189438D6.root,2400227423,adler32:4445b0cb,on demand,https://opendata.cern.ch/eos/opendata/cms/MonteCarlo2010/Summer12/QCD_Pt_300to470_TuneZ2star_HFshowerLibrary_7TeV_pythia6/AODSIM/LowPU2010_DR42_PU_S0_START42_V17B-v1/20000/60957BC4-5D65-E211-B5A6-0026189438D6.root,root://eospublic.cern.ch//eos/opendata/cms/MonteCarlo2010/Summer12/QCD_Pt_300to470_TuneZ2star_HFshowerLibrary_7TeV_pythia6/AODSIM/LowPU2010_DR42_PU_S0_START42_V17B-v1/20000/60957BC4-5D65-E211-B5A6-0026189438D6.root,https://eosctapublic.cern.ch:8444/eos/ctapublic/archive/opendata/cms/MonteCarlo2010/Summer12/QCD_Pt_300to470_TuneZ2star_HFshowerLibrary_7TeV_pythia6/AODSIM/LowPU2010_DR42_PU_S0_START42_V17B-v1/20000/60957BC4-5D65-E211-B5A6-0026189438D6.root
776,PYTHIA6,6A471B4E-5F65-E211-A666-0030486792B6.root,4006222328,adler32:72320eb0,on demand,https://opendata.cern.ch/eos/opendata/cms/MonteCarlo2010/Summer12/QCD_Pt_300to470_TuneZ2star_HFshowerLibrary_7TeV_pythia6/AODSIM/LowPU2010_DR42_PU_S0_START42_V17B-v1/20000/6A471B4E-5F65-E211-A666-0030486792B6.root,root://eospublic.cern.ch//eos/opendata/cms/MonteCarlo2010/Summer12/QCD_Pt_300to470_TuneZ2star_HFshowerLibrary_7TeV_pythia6/AODSIM/LowPU2010_DR42_PU_S0_START42_V17B-v1/20000/6A471B4E-5F65-E211-A666-0030486792B6.root,https://eosctapublic.cern.ch:8444/eos/ctapublic/archive/opendata/cms/MonteCarlo2010/Summer12/QCD_Pt_300to470_TuneZ2star_HFshowerLibrary_7TeV_pythia6/AODSIM/LowPU2010_DR42_PU_S0_START42_V17B-v1/20000/6A471B4E-5F65-E211-A666-0030486792B6.root
776,PYTHIA6,6C2AB34B-5365-E211-AF07-0026189438A0.root,2269195407,adler32:da91e2bd,on demand,https://opendata.cern.ch/eos/opendata/cms/MonteCarlo2010/Summer12/QCD_Pt_300to470_TuneZ2star_HFshowerLibrary_7TeV_pythia6/AODSIM/LowPU2010_DR42_PU_S0_START42_V17B-v1/20000/6C2AB34B-5365-E211-AF07-0026189438A0.root,root://eospublic.cern.ch//eos/opendata/cms/MonteCarlo2010/Summer12/QCD_Pt_300to470_TuneZ2star_HFshowerLibrary_7TeV_pythia6/AODSIM/LowPU2010_DR42_PU_S0_START42_V17B-v1/20000/6C2AB34B-5365-E211-AF07-0026189438A0.root,https://eosctapublic.cern.ch:8444/eos/ctapublic/archive/opendata/cms/MonteCarlo2010/Summer12/QCD_Pt_300to470_TuneZ2star_HFshowerLibrary_7TeV_pythia6/AODSIM/LowPU2010_DR42_PU_S0_START42_V17B-v1/20000/6C2AB34B-5365-E211-AF07-0026189438A0.root
776,PYTHIA6,6CE58C8C-5F65-E211-A392-002618943902.root,2802682449,adler32:8feb4d5f,on demand,https://opendata.cern.ch/eos/opendata/cms/MonteCarlo2010/Summer12/QCD_Pt_300to470_TuneZ2star_HFshowerLibrary_7TeV_pythia6/AODSIM/LowPU2010_DR42_PU_S0_START42_V17B-v1/20000/6CE58C8C-5F65-E211-A392-002618943902.root,root://eospublic.cern.ch//eos/opendata/cms/MonteCarlo2010/Summer12/QCD_Pt_300to470_TuneZ2star_HFshowerLibrary_7TeV_pythia6/AODSIM/LowPU2010_DR42_PU_S0_START42_V17B-v1/20000/6CE58C8C-5F65-E211-A392-002618943902.root,https://eosctapublic.cern.ch:8444/eos/ctapublic/archive/opendata/cms/MonteCarlo2010/Summer12/QCD_Pt_300to470_TuneZ2star_HFshowerLibrary_7TeV_pythia6/AODSIM/LowPU2010_DR42_PU_S0_START42_V17B-v1/20000/6CE58C8C-5F65-E211-A392-002618943902.root
776,PYTHIA6,70B13B79-5D65-E211-A598-0025905964BE.root,3992263332,adler32:3f41ba88,on demand,https://opendata.cern.ch/eos/opendata/cms/MonteCarlo2010/Summer12/QCD_Pt_300to470_TuneZ2star_HFshowerLibrary_7TeV_pythia6/AODSIM/LowPU2010_DR42_PU_S0_START42_V17B-v1/20000/70B13B79-5D65-E211-A598-0025905964BE.root,root://eospublic.cern.ch//eos/opendata/cms/MonteCarlo2010/Summer12/QCD_Pt_300to470_TuneZ2star_HFshowerLibrary_7TeV_pythia6/AODSIM/LowPU2010_DR42_PU_S0_START42_V17B-v1/20000/70B13B79-5D65-E211-A598-0025905964BE.root,https://eosctapublic.cern.ch:8444/eos/ctapublic/archive/opendata/cms/MonteCarlo2010/Summer12/QCD_Pt_300to470_TuneZ2star_HFshowerLibrary_7TeV_pythia6/AODSIM/LowPU2010_DR42_PU_S0_START42_V17B-v1/20000/70B13B79-5D65-E211-A598-0025905964BE.root
776,PYTHIA6,7243D02F-6065-E211-9B26-00304867906C.root,4008595494,adler32:9f4eb997,on demand,https://opendata.cern.ch/eos/opendata/cms/MonteCarlo2010/Summer12/QCD_Pt_300to470_TuneZ2star_HFshowerLibrary_7TeV_pythia6/AODSIM/LowPU2010_DR42_PU_S0_START42_V17B-v1/20000/7243D02F-6065-E211-9B26-00304867906C.root,root://eospublic.cern.ch//eos/opendata/cms/MonteCarlo2010/Summer12/QCD_Pt_300to470_TuneZ2star_HFshowerLibrary_7TeV_pythia6/AODSIM/LowPU2010_DR42_PU_S0_START42_V17B-v1/20000/7243D02F-6065-E211-9B26-00304867906C.root,https://eosctapublic.cern.ch:8444/eos/ctapublic/archive/opendata/cms/MonteCarlo2010/Summer12/QCD_Pt_300to470_TuneZ2star_HFshowerLibrary_7TeV_pythia6/AODSIM/LowPU2010_DR42_PU_S0_START42_V17B-v1/20000/7243D02F-6065-E211-9B26-00304867906C.root
776,PYTHIA6,72ECA3CC-4B65-E211-B118-0025905938A8.root,2147087861,adler32:e4ad31c9,on demand,https://opendata.cern.ch/eos/opendata/cms/MonteCarlo2010/Summer12/QCD_Pt_300to470_TuneZ2star_HFshowerLibrary_7TeV_pythia6/AODSIM/LowPU2010_DR42_PU_S0_START42_V17B-v1/20000/72ECA3CC-4B65-E211-B118-0025905938A8.root,root://eospublic.cern.ch//eos/opendata/cms/MonteCarlo2010/Summer12/QCD_Pt_300to470_TuneZ2star_HFshowerLibrary_7TeV_pythia6/AODSIM/LowPU2010_DR42_PU_S0_START42_V17B-v1/20000/72ECA3CC-4B65-E211-B118-0025905938A8.root,https://eosctapublic.cern.ch:8444/eos/ctapublic/archive/opendata/cms/MonteCarlo2010/Summer12/QCD_Pt_300to470_TuneZ2star_HFshowerLibrary_7TeV_pythia6/AODSIM/LowPU2010_DR42_PU_S0_START42_V17B-v1/20000/72ECA3CC-4B65-E211-B118-0025905938A8.root
776,PYTHIA6,7AA27875-7465-E211-A013-0026189438DF.root,2809925536,adler32:d562da4b,on demand,https://opendata.cern.ch/eos/opendata/cms/MonteCarlo2010/Summer12/QCD_Pt_300to470_TuneZ2star_HFshowerLibrary_7TeV_pythia6/AODSIM/LowPU2010_DR42_PU_S0_START42_V17B-v1/20000/7AA27875-7465-E211-A013-0026189438DF.root,root://eospublic.cern.ch//eos/opendata/cms/MonteCarlo2010/Summer12/QCD_Pt_300to470_TuneZ2star_HFshowerLibrary_7TeV_pythia6/AODSIM/LowPU2010_DR42_PU_S0_START42_V17B-v1/20000/7AA27875-7465-E211-A013-0026189438DF.root,https://eosctapublic.cern.ch:8444/eos/ctapublic/archive/opendata/cms/MonteCarlo2010/Summer12/QCD_Pt_300to470_TuneZ2star_HFshowerLibrary_7TeV_pythia6/AODSIM/LowPU2010_DR42_PU_S0_START42_V17B-v1/20000/7AA27875-7465-E211-A013-0026189438DF.root
776,PYTHIA6,7CBACE9D-5E65-E211-8A99-003048FFCC0A.root,4001881105,adler32:0b73f06b,on demand,https://opendata.cern.ch/eos/opendata/cms/MonteCarlo2010/Summer12/QCD_Pt_300to470_TuneZ2star_HFshowerLibrary_7TeV_pythia6/AODSIM/LowPU2010_DR42_PU_S0_START42_V17B-v1/20000/7CBACE9D-5E65-E211-8A99-003048FFCC0A.root,root://eospublic.cern.ch//eos/opendata/cms/MonteCarlo2010/Summer12/QCD_Pt_300to470_TuneZ2star_HFshowerLibrary_7TeV_pythia6/AODSIM/LowPU2010_DR42_PU_S0_START42_V17B-v1/20000/7CBACE9D-5E65-E211-8A99-003048FFCC0A.root,https://eosctapublic.cern.ch:8444/eos/ctapublic/archive/opendata/cms/MonteCarlo2010/Summer12/QCD_Pt_300to470_TuneZ2star_HFshowerLibrary_7TeV_pythia6/AODSIM/LowPU2010_DR42_PU_S0_START42_V17B-v1/20000/7CBACE9D-5E65-E211-8A99-003048FFCC0A.root
776,PYTHIA6,80872EE2-6165-E211-AC58-002354EF3BE6.root,3211762784,adler32:d9da3da5,on demand,https://opendata.cern.ch/eos/opendata/cms/MonteCarlo2010/Summer12/QCD_Pt_300to470_TuneZ2star_HFshowerLibrary_7TeV_pythia6/AODSIM/LowPU2010_DR42_PU_S0_START42_V17B-v1/20000/80872EE2-6165-E211-AC58-002354EF3BE6.root,root://eospublic.cern.ch//eos/opendata/cms/MonteCarlo2010/Summer12/QCD_Pt_300to470_TuneZ2star_HFshowerLibrary_7TeV_pythia6/AODSIM/LowPU2010_DR42_PU_S0_START42_V17B-v1/20000/80872EE2-6165-E211-AC58-002354EF3BE6.root,https://eosctapublic.cern.ch:8444/eos/ctapublic/archive/opendata/cms/MonteCarlo2010/Summer12/QCD_Pt_300to470_TuneZ2star_HFshowerLibrary_7TeV_pythia6/AODSIM/LowPU2010_DR42_PU_S0_START42_V17B-v1/20000/80872EE2-6165-E211-AC58-002354EF3BE6.root
776,PYTHIA6,84357AF1-5E65-E211-8CAD-003048678B30.root,4013330899,adler32:1175c002,on demand,https://opendata.cern.ch/eos/opendata/cms/MonteCarlo2010/Summer12/QCD_Pt_300to470_TuneZ2star_HFshowerLibrary_7TeV_pythia6/AODSIM/LowPU2010_DR42_PU_S0_START42_V17B-v1/20000/84357AF1-5E65-E211-8CAD-003048678B30.root,root://eospublic.cern.ch//eos/opendata/cms/MonteCarlo2010/Summer12/QCD_Pt_300to470_TuneZ2star_HFshowerLibrary_7TeV_pythia6/AODSIM/LowPU2010_DR42_PU_S0_START42_V17B-v1/20000/84357AF1-5E65-E211-8CAD-003048678B30.root,https://eosctapublic.cern.ch:8444/eos/ctapublic/archive/opendata/cms/MonteCarlo2010/Summer12/QCD_Pt_300to470_TuneZ2star_HFshowerLibrary_7TeV_pythia6/AODSIM/LowPU2010_DR42_PU_S0_START42_V17B-v1/20000/84357AF1-5E65-E211-8CAD-003048678B30.root
776,PYTHIA6,8469E71E-5E65-E211-80FA-002618943923.root,4002309553,adler32:2a7ab5f8,on demand,https://opendata.cern.ch/eos/opendata/cms/MonteCarlo2010/Summer12/QCD_Pt_300to470_TuneZ2star_HFshowerLibrary_7TeV_pythia6/AODSIM/LowPU2010_DR42_PU_S0_START42_V17B-v1/20000/8469E71E-5E65-E211-80FA-002618943923.root,root://eospublic.cern.ch//eos/opendata/cms/MonteCarlo2010/Summer12/QCD_Pt_300to470_TuneZ2star_HFshowerLibrary_7TeV_pythia6/AODSIM/LowPU2010_DR42_PU_S0_START42_V17B-v1/20000/8469E71E-5E65-E211-80FA-002618943923.root,https://eosctapublic.cern.ch:8444/eos/ctapublic/archive/opendata/cms/MonteCarlo2010/Summer12/QCD_Pt_300to470_TuneZ2star_HFshowerLibrary_7TeV_pythia6/AODSIM/LowPU2010_DR42_PU_S0_START42_V17B-v1/20000/8469E71E-5E65-E211-80FA-002618943923.root
776,PYTHIA6,864D6610-8565-E211-B1DA-0026189437F5.root,2402124999,adler32:6214c59e,on demand,https://opendata.cern.ch/eos/opendata/cms/MonteCarlo2010/Summer12/QCD_Pt_300to470_TuneZ2star_HFshowerLibrary_7TeV_pythia6/AODSIM/LowPU2010_DR42_PU_S0_START42_V17B-v1/20000/864D6610-8565-E211-B1DA-0026189437F5.root,root://eospublic.cern.ch//eos/opendata/cms/MonteCarlo2010/Summer12/QCD_Pt_300to470_TuneZ2star_HFshowerLibrary_7TeV_pythia6/AODSIM/LowPU2010_DR42_PU_S0_START42_V17B-v1/20000/864D6610-8565-E211-B1DA-0026189437F5.root,https://eosctapublic.cern.ch:8444/eos/ctapublic/archive/opendata/cms/MonteCarlo2010/Summer12/QCD_Pt_300to470_TuneZ2star_HFshowerLibrary_7TeV_pythia6/AODSIM/LowPU2010_DR42_PU_S0_START42_V17B-v1/20000/864D6610-8565-E211-B1DA-0026189437F5.root
776,PYTHIA6,88AE454F-5E65-E211-BA77-00261894392B.root,4008528439,adler32:a82aa76f,on demand,https://opendata.cern.ch/eos/opendata/cms/MonteCarlo2010/Summer12/QCD_Pt_300to470_TuneZ2star_HFshowerLibrary_7TeV_pythia6/AODSIM/LowPU2010_DR42_PU_S0_START42_V17B-v1/20000/88AE454F-5E65-E211-BA77-00261894392B.root,root://eospublic.cern.ch//eos/opendata/cms/MonteCarlo2010/Summer12/QCD_Pt_300to470_TuneZ2star_HFshowerLibrary_7TeV_pythia6/AODSIM/LowPU2010_DR42_PU_S0_START42_V17B-v1/20000/88AE454F-5E65-E211-BA77-00261894392B.root,https://eosctapublic.cern.ch:8444/eos/ctapublic/archive/opendata/cms/MonteCarlo2010/Summer12/QCD_Pt_300to470_TuneZ2star_HFshowerLibrary_7TeV_pythia6/AODSIM/LowPU2010_DR42_PU_S0_START42_V17B-v1/20000/88AE454F-5E65-E211-BA77-00261894392B.root
776,PYTHIA6,8EA87492-7D65-E211-86A4-003048678B0C.root,2392611815,adler32:c4777e10,on demand,https://opendata.cern.ch/eos/opendata/cms/MonteCarlo2010/Summer12/QCD_Pt_300to470_TuneZ2star_HFshowerLibrary_7TeV_pythia6/AODSIM/LowPU2010_DR42_PU_S0_START42_V17B-v1/20000/8EA87492-7D65-E211-86A4-003048678B0C.root,root://eospublic.cern.ch//eos/opendata/cms/MonteCarlo2010/Summer12/QCD_Pt_300to470_TuneZ2star_HFshowerLibrary_7TeV_pythia6/AODSIM/LowPU2010_DR42_PU_S0_START42_V17B-v1/20000/8EA87492-7D65-E211-86A4-003048678B0C.root,https://eosctapublic.cern.ch:8444/eos/ctapublic/archive/opendata/cms/MonteCarlo2010/Summer12/QCD_Pt_300to470_TuneZ2star_HFshowerLibrary_7TeV_pythia6/AODSIM/LowPU2010_DR42_PU_S0_START42_V17B-v1/20000/8EA87492-7D65-E211-86A4-003048678B0C.root
776,PYTHIA6,92B0C5CA-C465-E211-9850-0026189438EB.root,2408617671,adler32:5da70c24,on demand,https://opendata.cern.ch/eos/opendata/cms/MonteCarlo2010/Summer12/QCD_Pt_300to470_TuneZ2star_HFshowerLibrary_7TeV_pythia6/AODSIM/LowPU2010_DR42_PU_S0_START42_V17B-v1/20000/92B0C5CA-C465-E211-9850-0026189438EB.root,root://eospublic.cern.ch//eos/opendata/cms/MonteCarlo2010/Summer12/QCD_Pt_300to470_TuneZ2star_HFshowerLibrary_7TeV_pythia6/AODSIM/LowPU2010_DR42_PU_S0_START42_V17B-v1/20000/92B0C5CA-C465-E211-9850-0026189438EB.root,https://eosctapublic.cern.ch:8444/eos/ctapublic/archive/opendata/cms/MonteCarlo2010/Summer12/QCD_Pt_300to470_TuneZ2star_HFshowerLibrary_7TeV_pythia6/AODSIM/LowPU2010_DR42_PU_S0_START42_V17B-v1/20000/92B0C5CA-C465-E211-9850-0026189438EB.root
776,PYTHIA6,946A640E-5E65-E211-B4CB-00261894387C.root,4006688650,adler32:9a09d1fa,on demand,https://opendata.cern.ch/eos/opendata/cms/MonteCarlo2010/Summer12/QCD_Pt_300to470_TuneZ2star_HFshowerLibrary_7TeV_pythia6/AODSIM/LowPU2010_DR42_PU_S0_START42_V17B-v1/20000/946A640E-5E65-E211-B4CB-00261894387C.root,root://eospublic.cern.ch//eos/opendata/cms/MonteCarlo2010/Summer12/QCD_Pt_300to470_TuneZ2star_HFshowerLibrary_7TeV_pythia6/AODSIM/LowPU2010_DR42_PU_S0_START42_V17B-v1/20000/946A640E-5E65-E211-B4CB-00261894387C.root,https://eosctapublic.cern.ch:8444/eos/ctapublic/archive/opendata/cms/MonteCarlo2010/Summer12/QCD_Pt_300to470_TuneZ2star_HFshowerLibrary_7TeV_pythia6/AODSIM/LowPU2010_DR42_PU_S0_START42_V17B-v1/20000/946A640E-5E65-E211-B4CB-00261894387C.root
776,PYTHIA6,9C494C10-5B65-E211-8156-0025905822B6.root,4001102783,adler32:c46c5507,on demand,https://opendata.cern.ch/eos/opendata/cms/MonteCarlo2010/Summer12/QCD_Pt_300to470_TuneZ2star_HFshowerLibrary_7TeV_pythia6/AODSIM/LowPU2010_DR42_PU_S0_START42_V17B-v1/20000/9C494C10-5B65-E211-8156-0025905822B6.root,root://eospublic.cern.ch//eos/opendata/cms/MonteCarlo2010/Summer12/QCD_Pt_300to470_TuneZ2star_HFshowerLibrary_7TeV_pythia6/AODSIM/LowPU2010_DR42_PU_S0_START42_V17B-v1/20000/9C494C10-5B65-E211-8156-0025905822B6.root,https://eosctapublic.cern.ch:8444/eos/ctapublic/archive/opendata/cms/MonteCarlo2010/Summer12/QCD_Pt_300to470_TuneZ2star_HFshowerLibrary_7TeV_pythia6/AODSIM/LowPU2010_DR42_PU_S0_START42_V17B-v1/20000/9C494C10-5B65-E211-8156-0025905822B6.root
776,PYTHIA6,9E25702F-5D65-E211-BD32-003048FFD76E.root,3995031338,adler32:9ce8a654,on demand,https://opendata.cern.ch/eos/opendata/cms/MonteCarlo2010/Summer12/QCD_Pt_300to470_TuneZ2star_HFshowerLibrary_7TeV_pythia6/AODSIM/LowPU2010_DR42_PU_S0_START42_V17B-v1/20000/9E25702F-5D65-E211-BD32-003048FFD76E.root,root://eospublic.cern.ch//eos/opendata/cms/MonteCarlo2010/Summer12/QCD_Pt_300to470_TuneZ2star_HFshowerLibrary_7TeV_pythia6/AODSIM/LowPU2010_DR42_PU_S0_START42_V17B-v1/20000/9E25702F-5D65-E211-BD32-003048FFD76E.root,https://eosctapublic.cern.ch:8444/eos/ctapublic/archive/opendata/cms/MonteCarlo2010/Summer12/QCD_Pt_300to470_TuneZ2star_HFshowerLibrary_7TeV_pythia6/AODSIM/LowPU2010_DR42_PU_S0_START42_V17B-v1/20000/9E25702F-5D65-E211-BD32-003048FFD76E.root
776,PYTHIA6,9EE723E4-5F65-E211-A38C-003048678FF8.root,4015057733,adler32:9572f476,on demand,https://opendata.cern.ch/eos/opendata/cms/MonteCarlo2010/Summer12/QCD_Pt_300to470_TuneZ2star_HFshowerLibrary_7TeV_pythia6/AODSIM/LowPU2010_DR42_PU_S0_START42_V17B-v1/20000/9EE723E4-5F65-E211-A38C-003048678FF8.root,root://eospublic.cern.ch//eos/opendata/cms/MonteCarlo2010/Summer12/QCD_Pt_300to470_TuneZ2star_HFshowerLibrary_7TeV_pythia6/AODSIM/LowPU2010_DR42_PU_S0_START42_V17B-v1/20000/9EE723E4-5F65-E211-A38C-003048678FF8.root,https://eosctapublic.cern.ch:8444/eos/ctapublic/archive/opendata/cms/MonteCarlo2010/Summer12/QCD_Pt_300to470_TuneZ2star_HFshowerLibrary_7TeV_pythia6/AODSIM/LowPU2010_DR42_PU_S0_START42_V17B-v1/20000/9EE723E4-5F65-E211-A38C-003048678FF8.root
776,PYTHIA6,A29F770D-5E65-E211-BEC1-002590593876.root,4006172436,adler32:d26ec636,on demand,https://opendata.cern.ch/eos/opendata/cms/MonteCarlo2010/Summer12/QCD_Pt_300to470_TuneZ2star_HFshowerLibrary_7TeV_pythia6/AODSIM/LowPU2010_DR42_PU_S0_START42_V17B-v1/20000/A29F770D-5E65-E211-BEC1-002590593876.root,root://eospublic.cern.ch//eos/opendata/cms/MonteCarlo2010/Summer12/QCD_Pt_300to470_TuneZ2star_HFshowerLibrary_7TeV_pythia6/AODSIM/LowPU2010_DR42_PU_S0_START42_V17B-v1/20000/A29F770D-5E65-E211-BEC1-002590593876.root,https://eosctapublic.cern.ch:8444/eos/ctapublic/archive/opendata/cms/MonteCarlo2010/Summer12/QCD_Pt_300to470_TuneZ2star_HFshowerLibrary_7TeV_pythia6/AODSIM/LowPU2010_DR42_PU_S0_START42_V17B-v1/20000/A29F770D-5E65-E211-BEC1-002590593876.root
776,PYTHIA6,A6CAE2EF-5E65-E211-AB8C-0026189438E0.root,4005660317,adler32:1ebb3a27,on demand,https://opendata.cern.ch/eos/opendata/cms/MonteCarlo2010/Summer12/QCD_Pt_300to470_TuneZ2star_HFshowerLibrary_7TeV_pythia6/AODSIM/LowPU2010_DR42_PU_S0_START42_V17B-v1/20000/A6CAE2EF-5E65-E211-AB8C-0026189438E0.root,root://eospublic.cern.ch//eos/opendata/cms/MonteCarlo2010/Summer12/QCD_Pt_300to470_TuneZ2star_HFshowerLibrary_7TeV_pythia6/AODSIM/LowPU2010_DR42_PU_S0_START42_V17B-v1/20000/A6CAE2EF-5E65-E211-AB8C-0026189438E0.root,https://eosctapublic.cern.ch:8444/eos/ctapublic/archive/opendata/cms/MonteCarlo2010/Summer12/QCD_Pt_300to470_TuneZ2star_HFshowerLibrary_7TeV_pythia6/AODSIM/LowPU2010_DR42_PU_S0_START42_V17B-v1/20000/A6CAE2EF-5E65-E211-AB8C-0026189438E0.root
776,PYTHIA6,B49B9A70-5B65-E211-9560-003048678A80.root,2402226560,adler32:b636f72e,on demand,https://opendata.cern.ch/eos/opendata/cms/MonteCarlo2010/Summer12/QCD_Pt_300to470_TuneZ2star_HFshowerLibrary_7TeV_pythia6/AODSIM/LowPU2010_DR42_PU_S0_START42_V17B-v1/20000/B49B9A70-5B65-E211-9560-003048678A80.root,root://eospublic.cern.ch//eos/opendata/cms/MonteCarlo2010/Summer12/QCD_Pt_300to470_TuneZ2star_HFshowerLibrary_7TeV_pythia6/AODSIM/LowPU2010_DR42_PU_S0_START42_V17B-v1/20000/B49B9A70-5B65-E211-9560-003048678A80.root,https://eosctapublic.cern.ch:8444/eos/ctapublic/archive/opendata/cms/MonteCarlo2010/Summer12/QCD_Pt_300to470_TuneZ2star_HFshowerLibrary_7TeV_pythia6/AODSIM/LowPU2010_DR42_PU_S0_START42_V17B-v1/20000/B49B9A70-5B65-E211-9560-003048678A80.root
776,PYTHIA6,BA9C0B11-6165-E211-9D83-00304867920A.root,2407147985,adler32:f32bfb4f,on demand,https://opendata.cern.ch/eos/opendata/cms/MonteCarlo2010/Summer12/QCD_Pt_300to470_TuneZ2star_HFshowerLibrary_7TeV_pythia6/AODSIM/LowPU2010_DR42_PU_S0_START42_V17B-v1/20000/BA9C0B11-6165-E211-9D83-00304867920A.root,root://eospublic.cern.ch//eos/opendata/cms/MonteCarlo2010/Summer12/QCD_Pt_300to470_TuneZ2star_HFshowerLibrary_7TeV_pythia6/AODSIM/LowPU2010_DR42_PU_S0_START42_V17B-v1/20000/BA9C0B11-6165-E211-9D83-00304867920A.root,https://eosctapublic.cern.ch:8444/eos/ctapublic/archive/opendata/cms/MonteCarlo2010/Summer12/QCD_Pt_300to470_TuneZ2star_HFshowerLibrary_7TeV_pythia6/AODSIM/LowPU2010_DR42_PU_S0_START42_V17B-v1/20000/BA9C0B11-6165-E211-9D83-00304867920A.root
776,PYTHIA6,BAB35F44-5E65-E211-AEF0-002618943880.root,4004479902,adler32:d942a4a1,on demand,https://opendata.cern.ch/eos/opendata/cms/MonteCarlo2010/Summer12/QCD_Pt_300to470_TuneZ2star_HFshowerLibrary_7TeV_pythia6/AODSIM/LowPU2010_DR42_PU_S0_START42_V17B-v1/20000/BAB35F44-5E65-E211-AEF0-002618943880.root,root://eospublic.cern.ch//eos/opendata/cms/MonteCarlo2010/Summer12/QCD_Pt_300to470_TuneZ2star_HFshowerLibrary_7TeV_pythia6/AODSIM/LowPU2010_DR42_PU_S0_START42_V17B-v1/20000/BAB35F44-5E65-E211-AEF0-002618943880.root,https://eosctapublic.cern.ch:8444/eos/ctapublic/archive/opendata/cms/MonteCarlo2010/Summer12/QCD_Pt_300to470_TuneZ2star_HFshowerLibrary_7TeV_pythia6/AODSIM/LowPU2010_DR42_PU_S0_START42_V17B-v1/20000/BAB35F44-5E65-E211-AEF0-002618943880.root
776,PYTHIA6,D0C36653-5E65-E211-9224-0026189438D7.root,4005934706,adler32:9a0931d0,on demand,https://opendata.cern.ch/eos/opendata/cms/MonteCarlo2010/Summer12/QCD_Pt_300to470_TuneZ2star_HFshowerLibrary_7TeV_pythia6/AODSIM/LowPU2010_DR42_PU_S0_START42_V17B-v1/20000/D0C36653-5E65-E211-9224-0026189438D7.root,root://eospublic.cern.ch//eos/opendata/cms/MonteCarlo2010/Summer12/QCD_Pt_300to470_TuneZ2star_HFshowerLibrary_7TeV_pythia6/AODSIM/LowPU2010_DR42_PU_S0_START42_V17B-v1/20000/D0C36653-5E65-E211-9224-0026189438D7.root,https://eosctapublic.cern.ch:8444/eos/ctapublic/archive/opendata/cms/MonteCarlo2010/Summer12/QCD_Pt_300to470_TuneZ2star_HFshowerLibrary_7TeV_pythia6/AODSIM/LowPU2010_DR42_PU_S0_START42_V17B-v1/20000/D0C36653-5E65-E211-9224-0026189438D7.root
776,PYTHIA6,D27C769B-A065-E211-863D-003048678B12.root,2805398976,adler32:29dc5636,on demand,https://opendata.cern.ch/eos/opendata/cms/MonteCarlo2010/Summer12/QCD_Pt_300to470_TuneZ2star_HFshowerLibrary_7TeV_pythia6/AODSIM/LowPU2010_DR42_PU_S0_START42_V17B-v1/20000/D27C769B-A065-E211-863D-003048678B12.root,root://eospublic.cern.ch//eos/opendata/cms/MonteCarlo2010/Summer12/QCD_Pt_300to470_TuneZ2star_HFshowerLibrary_7TeV_pythia6/AODSIM/LowPU2010_DR42_PU_S0_START42_V17B-v1/20000/D27C769B-A065-E211-863D-003048678B12.root,https://eosctapublic.cern.ch:8444/eos/ctapublic/archive/opendata/cms/MonteCarlo2010/Summer12/QCD_Pt_300to470_TuneZ2star_HFshowerLibrary_7TeV_pythia6/AODSIM/LowPU2010_DR42_PU_S0_START42_V17B-v1/20000/D27C769B-A065-E211-863D-003048678B12.root
776,PYTHIA6,D4452891-4765-E211-9A5A-003048678B1A.root,3864528495,adler32:3d7ee6ec,on demand,https://opendata.cern.ch/eos/opendata/cms/MonteCarlo2010/Summer12/QCD_Pt_300to470_TuneZ2star_HFshowerLibrary_7TeV_pythia6/AODSIM/LowPU2010_DR42_PU_S0_START42_V17B-v1/20000/D4452891-4765-E211-9A5A-003048678B1A.root,root://eospublic.cern.ch//eos/opendata/cms/MonteCarlo2010/Summer12/QCD_Pt_300to470_TuneZ2star_HFshowerLibrary_7TeV_pythia6/AODSIM/LowPU2010_DR42_PU_S0_START42_V17B-v1/20000/D4452891-4765-E211-9A5A-003048678B1A.root,https://eosctapublic.cern.ch:8444/eos/ctapublic/archive/opendata/cms/MonteCarlo2010/Summer12/QCD_Pt_300to470_TuneZ2star_HFshowerLibrary_7TeV_pythia6/AODSIM/LowPU2010_DR42_PU_S0_START42_V17B-v1/20000/D4452891-4765-E211-9A5A-003048678B1A.root
776,PYTHIA6,D461FF70-4765-E211-8C00-003048FFCBB0.root,3606702991,adler32:ebc3453c,on demand,https://opendata.cern.ch/eos/opendata/cms/MonteCarlo2010/Summer12/QCD_Pt_300to470_TuneZ2star_HFshowerLibrary_7TeV_pythia6/AODSIM/LowPU2010_DR42_PU_S0_START42_V17B-v1/20000/D461FF70-4765-E211-8C00-003048FFCBB0.root,root://eospublic.cern.ch//eos/opendata/cms/MonteCarlo2010/Summer12/QCD_Pt_300to470_TuneZ2star_HFshowerLibrary_7TeV_pythia6/AODSIM/LowPU2010_DR42_PU_S0_START42_V17B-v1/20000/D461FF70-4765-E211-8C00-003048FFCBB0.root,https://eosctapublic.cern.ch:8444/eos/ctapublic/archive/opendata/cms/MonteCarlo2010/Summer12/QCD_Pt_300to470_TuneZ2star_HFshowerLibrary_7TeV_pythia6/AODSIM/LowPU2010_DR42_PU_S0_START42_V17B-v1/20000/D461FF70-4765-E211-8C00-003048FFCBB0.root
776,PYTHIA6,D4CF8F46-5F65-E211-91E0-00261894380A.root,4001436223,adler32:c81226c3,on demand,https://opendata.cern.ch/eos/opendata/cms/MonteCarlo2010/Summer12/QCD_Pt_300to470_TuneZ2star_HFshowerLibrary_7TeV_pythia6/AODSIM/LowPU2010_DR42_PU_S0_START42_V17B-v1/20000/D4CF8F46-5F65-E211-91E0-00261894380A.root,root://eospublic.cern.ch//eos/opendata/cms/MonteCarlo2010/Summer12/QCD_Pt_300to470_TuneZ2star_HFshowerLibrary_7TeV_pythia6/AODSIM/LowPU2010_DR42_PU_S0_START42_V17B-v1/20000/D4CF8F46-5F65-E211-91E0-00261894380A.root,https://eosctapublic.cern.ch:8444/eos/ctapublic/archive/opendata/cms/MonteCarlo2010/Summer12/QCD_Pt_300to470_TuneZ2star_HFshowerLibrary_7TeV_pythia6/AODSIM/LowPU2010_DR42_PU_S0_START42_V17B-v1/20000/D4CF8F46-5F65-E211-91E0-00261894380A.root
776,PYTHIA6,DA252A75-5D65-E211-AECE-002618943933.root,4007523655,adler32:7fa4b5c0,on demand,https://opendata.cern.ch/eos/opendata/cms/MonteCarlo2010/Summer12/QCD_Pt_300to470_TuneZ2star_HFshowerLibrary_7TeV_pythia6/AODSIM/LowPU2010_DR42_PU_S0_START42_V17B-v1/20000/DA252A75-5D65-E211-AECE-002618943933.root,root://eospublic.cern.ch//eos/opendata/cms/MonteCarlo2010/Summer12/QCD_Pt_300to470_TuneZ2star_HFshowerLibrary_7TeV_pythia6/AODSIM/LowPU2010_DR42_PU_S0_START42_V17B-v1/20000/DA252A75-5D65-E211-AECE-002618943933.root,https://eosctapublic.cern.ch:8444/eos/ctapublic/archive/opendata/cms/MonteCarlo2010/Summer12/QCD_Pt_300to470_TuneZ2star_HFshowerLibrary_7TeV_pythia6/AODSIM/LowPU2010_DR42_PU_S0_START42_V17B-v1/20000/DA252A75-5D65-E211-AECE-002618943933.root
776,PYTHIA6,E01558C8-4A65-E211-B7D2-003048FFD720.root,4007072296,adler32:be286c64,on demand,https://opendata.cern.ch/eos/opendata/cms/MonteCarlo2010/Summer12/QCD_Pt_300to470_TuneZ2star_HFshowerLibrary_7TeV_pythia6/AODSIM/LowPU2010_DR42_PU_S0_START42_V17B-v1/20000/E01558C8-4A65-E211-B7D2-003048FFD720.root,root://eospublic.cern.ch//eos/opendata/cms/MonteCarlo2010/Summer12/QCD_Pt_300to470_TuneZ2star_HFshowerLibrary_7TeV_pythia6/AODSIM/LowPU2010_DR42_PU_S0_START42_V17B-v1/20000/E01558C8-4A65-E211-B7D2-003048FFD720.root,https://eosctapublic.cern.ch:8444/eos/ctapublic/archive/opendata/cms/MonteCarlo2010/Summer12/QCD_Pt_300to470_TuneZ2star_HFshowerLibrary_7TeV_pythia6/AODSIM/LowPU2010_DR42_PU_S0_START42_V17B-v1/20000/E01558C8-4A65-E211-B7D2-003048FFD720.root
776,PYTHIA6,E475123C-5965-E211-A0D1-0025905964A6.root,4136498112,adler32:cfbc1f8e,on demand,https://opendata.cern.ch/eos/opendata/cms/MonteCarlo2010/Summer12/QCD_Pt_300to470_TuneZ2star_HFshowerLibrary_7TeV_pythia6/AODSIM/LowPU2010_DR42_PU_S0_START42_V17B-v1/20000/E475123C-5965-E211-A0D1-0025905964A6.root,root://eospublic.cern.ch//eos/opendata/cms/MonteCarlo2010/Summer12/QCD_Pt_300to470_TuneZ2star_HFshowerLibrary_7TeV_pythia6/AODSIM/LowPU2010_DR42_PU_S0_START42_V17B-v1/20000/E475123C-5965-E211-A0D1-0025905964A6.root,https://eosctapublic.cern.ch:8444/eos/ctapublic/archive/opendata/cms/MonteCarlo2010/Summer12/QCD_Pt_300to470_TuneZ2star_HFshowerLibrary_7TeV_pythia6/AODSIM/LowPU2010_DR42_PU_S0_START42_V17B-v1/20000/E475123C-5965-E211-A0D1-0025905964A6.root
776,PYTHIA6,F4EAAE1A-6D65-E211-87A2-002618943933.root,2544035362,adler32:2d94d4f5,on demand,https://opendata.cern.ch/eos/opendata/cms/MonteCarlo2010/Summer12/QCD_Pt_300to470_TuneZ2star_HFshowerLibrary_7TeV_pythia6/AODSIM/LowPU2010_DR42_PU_S0_START42_V17B-v1/20000/F4EAAE1A-6D65-E211-87A2-002618943933.root,root://eospublic.cern.ch//eos/opendata/cms/MonteCarlo2010/Summer12/QCD_Pt_300to470_TuneZ2star_HFshowerLibrary_7TeV_pythia6/AODSIM/LowPU2010_DR42_PU_S0_START42_V17B-v1/20000/F4EAAE1A-6D65-E211-87A2-002618943933.root,https://eosctapublic.cern.ch:8444/eos/ctapublic/archive/opendata/cms/MonteCarlo2010/Summer12/QCD_Pt_300to470_TuneZ2star_HFshowerLibrary_7TeV_pythia6/AODSIM/LowPU2010_DR42_PU_S0_START42_V17B-v1/20000/F4EAAE1A-6D65-E211-87A2-002618943933.root
776,PYTHIA6,FC0C0DC7-6065-E211-99D8-003048678FB8.root,4004128436,adler32:dd49c6be,on demand,https://opendata.cern.ch/eos/opendata/cms/MonteCarlo2010/Summer12/QCD_Pt_300to470_TuneZ2star_HFshowerLibrary_7TeV_pythia6/AODSIM/LowPU2010_DR42_PU_S0_START42_V17B-v1/20000/FC0C0DC7-6065-E211-99D8-003048678FB8.root,root://eospublic.cern.ch//eos/opendata/cms/MonteCarlo2010/Summer12/QCD_Pt_300to470_TuneZ2star_HFshowerLibrary_7TeV_pythia6/AODSIM/LowPU2010_DR42_PU_S0_START42_V17B-v1/20000/FC0C0DC7-6065-E211-99D8-003048678FB8.root,https://eosctapublic.cern.ch:8444/eos/ctapublic/archive/opendata/cms/MonteCarlo2010/Summer12/QCD_Pt_300to470_TuneZ2star_HFshowerLibrary_7TeV_pythia6/AODSIM/LowPU2010_DR42_PU_S0_START42_V17B-v1/20000/FC0C0DC7-6065-E211-99D8-003048678FB8.root
776,PYTHIA6,FC8CF556-5E65-E211-9AD2-0026189438D6.root,2793254936,adler32:6824e4f8,on demand,https://opendata.cern.ch/eos/opendata/cms/MonteCarlo2010/Summer12/QCD_Pt_300to470_TuneZ2star_HFshowerLibrary_7TeV_pythia6/AODSIM/LowPU2010_DR42_PU_S0_START42_V17B-v1/20000/FC8CF556-5E65-E211-9AD2-0026189438D6.root,root://eospublic.cern.ch//eos/opendata/cms/MonteCarlo2010/Summer12/QCD_Pt_300to470_TuneZ2star_HFshowerLibrary_7TeV_pythia6/AODSIM/LowPU2010_DR42_PU_S0_START42_V17B-v1/20000/FC8CF556-5E65-E211-9AD2-0026189438D6.root,https://eosctapublic.cern.ch:8444/eos/ctapublic/archive/opendata/cms/MonteCarlo2010/Summer12/QCD_Pt_300to470_TuneZ2star_HFshowerLibrary_7TeV_pythia6/AODSIM/LowPU2010_DR42_PU_S0_START42_V17B-v1/20000/FC8CF556-5E65-E211-9AD2-0026189438D6.root
