table,table_doi,description,location,qual_RATIO,qual_RE,qual_RE-1,qual_SQRT(S),qual_YRAP(CM),x0_name,x0_value,x0_low,x0_high,y0_name,y0_value,y0_stat_sym,y0_sys_total_sym,y0_sys_uncorr_sym,qual_ETARAP(CM),x1_name,x1_value,x1_low,x1_high
Table 36,10.17182/hepdata.77284.v1/t36,2K^{0}_{S}/(\pi^{+}+\pi^{-}) ratio for pp collisions at \sqrt{s}=7 TeV as a function of the average charged particle multiplicity density at midrapidity.,Data from Figure 2,2K^{0}_{S}/(\pi^{+}+\pi^{-}),P P --> (\pi^{+}+\pi^{-}) + X,P P --> 2K^{0}_{S} + X,7000.0 GEV,-0.5 0.5,dN_{ch}/d\eta _{|\eta|<0.5},21.29,20.65,21.93,Ratios of yields to (\pi^{+}+\pi^{-}),0.1332,0.000441,0.009564,0.0044,,,,,
Table 36,10.17182/hepdata.77284.v1/t36,2K^{0}_{S}/(\pi^{+}+\pi^{-}) ratio for pp collisions at \sqrt{s}=7 TeV as a function of the average charged particle multiplicity density at midrapidity.,Data from Figure 2,2K^{0}_{S}/(\pi^{+}+\pi^{-}),P P --> (\pi^{+}+\pi^{-}) + X,P P --> 2K^{0}_{S} + X,7000.0 GEV,-0.5 0.5,dN_{ch}/d\eta _{|\eta|<0.5},16.51,16.01,17.01,Ratios of yields to (\pi^{+}+\pi^{-}),0.132,0.0002729,0.009088,0.004072,,,,,
Table 36,10.17182/hepdata.77284.v1/t36,2K^{0}_{S}/(\pi^{+}+\pi^{-}) ratio for pp collisions at \sqrt{s}=7 TeV as a function of the average charged particle multiplicity density at midrapidity.,Data from Figure 2,2K^{0}_{S}/(\pi^{+}+\pi^{-}),P P --> (\pi^{+}+\pi^{-}) + X,P P --> 2K^{0}_{S} + X,7000.0 GEV,-0.5 0.5,dN_{ch}/d\eta _{|\eta|<0.5},13.46,13.06,13.86,Ratios of yields to (\pi^{+}+\pi^{-}),0.1302,0.0002485,0.008898,0.00405,,,,,
Table 36,10.17182/hepdata.77284.v1/t36,2K^{0}_{S}/(\pi^{+}+\pi^{-}) ratio for pp collisions at \sqrt{s}=7 TeV as a function of the average charged particle multiplicity density at midrapidity.,Data from Figure 2,2K^{0}_{S}/(\pi^{+}+\pi^{-}),P P --> (\pi^{+}+\pi^{-}) + X,P P --> 2K^{0}_{S} + X,7000.0 GEV,-0.5 0.5,dN_{ch}/d\eta _{|\eta|<0.5},11.51,11.16,11.86,Ratios of yields to (\pi^{+}+\pi^{-}),0.1294,0.0002852,0.008805,0.004046,,,,,
Table 36,10.17182/hepdata.77284.v1/t36,2K^{0}_{S}/(\pi^{+}+\pi^{-}) ratio for pp collisions at \sqrt{s}=7 TeV as a function of the average charged particle multiplicity density at midrapidity.,Data from Figure 2,2K^{0}_{S}/(\pi^{+}+\pi^{-}),P P --> (\pi^{+}+\pi^{-}) + X,P P --> 2K^{0}_{S} + X,7000.0 GEV,-0.5 0.5,dN_{ch}/d\eta _{|\eta|<0.5},10.08,9.78,10.38,Ratios of yields to (\pi^{+}+\pi^{-}),0.1285,0.0003077,0.008691,0.004056,,,,,
Table 36,10.17182/hepdata.77284.v1/t36,2K^{0}_{S}/(\pi^{+}+\pi^{-}) ratio for pp collisions at \sqrt{s}=7 TeV as a function of the average charged particle multiplicity density at midrapidity.,Data from Figure 2,2K^{0}_{S}/(\pi^{+}+\pi^{-}),P P --> (\pi^{+}+\pi^{-}) + X,P P --> 2K^{0}_{S} + X,7000.0 GEV,-0.5 0.5,dN_{ch}/d\eta _{|\eta|<0.5},8.45,8.2,8.7,Ratios of yields to (\pi^{+}+\pi^{-}),0.1276,0.0002322,0.008627,0.004063,,,,,
Table 36,10.17182/hepdata.77284.v1/t36,2K^{0}_{S}/(\pi^{+}+\pi^{-}) ratio for pp collisions at \sqrt{s}=7 TeV as a function of the average charged particle multiplicity density at midrapidity.,Data from Figure 2,2K^{0}_{S}/(\pi^{+}+\pi^{-}),P P --> (\pi^{+}+\pi^{-}) + X,P P --> 2K^{0}_{S} + X,7000.0 GEV,-0.5 0.5,dN_{ch}/d\eta _{|\eta|<0.5},6.72,6.51,6.93,Ratios of yields to (\pi^{+}+\pi^{-}),0.1262,0.000277,0.008525,0.004119,,,,,
Table 36,10.17182/hepdata.77284.v1/t36,2K^{0}_{S}/(\pi^{+}+\pi^{-}) ratio for pp collisions at \sqrt{s}=7 TeV as a function of the average charged particle multiplicity density at midrapidity.,Data from Figure 2,2K^{0}_{S}/(\pi^{+}+\pi^{-}),P P --> (\pi^{+}+\pi^{-}) + X,P P --> 2K^{0}_{S} + X,7000.0 GEV,-0.5 0.5,dN_{ch}/d\eta _{|\eta|<0.5},5.4,5.23,5.57,Ratios of yields to (\pi^{+}+\pi^{-}),0.1239,0.0003039,0.00848,0.004239,,,,,
Table 36,10.17182/hepdata.77284.v1/t36,2K^{0}_{S}/(\pi^{+}+\pi^{-}) ratio for pp collisions at \sqrt{s}=7 TeV as a function of the average charged particle multiplicity density at midrapidity.,Data from Figure 2,2K^{0}_{S}/(\pi^{+}+\pi^{-}),P P --> (\pi^{+}+\pi^{-}) + X,P P --> 2K^{0}_{S} + X,7000.0 GEV,-0.5 0.5,dN_{ch}/d\eta _{|\eta|<0.5},3.9,3.76,4.04,Ratios of yields to (\pi^{+}+\pi^{-}),0.1204,0.0002641,0.009451,0.005485,,,,,
Table 36,10.17182/hepdata.77284.v1/t36,2K^{0}_{S}/(\pi^{+}+\pi^{-}) ratio for pp collisions at \sqrt{s}=7 TeV as a function of the average charged particle multiplicity density at midrapidity.,Data from Figure 2,2K^{0}_{S}/(\pi^{+}+\pi^{-}),P P --> (\pi^{+}+\pi^{-}) + X,P P --> 2K^{0}_{S} + X,7000.0 GEV,-0.5 0.5,dN_{ch}/d\eta _{|\eta|<0.5},2.26,2.14,2.38,Ratios of yields to (\pi^{+}+\pi^{-}),0.1081,0.000252,0.0118,0.008011,,,,,
Table 37,10.17182/hepdata.77284.v1/t37,(\Lambda+\bar{\Lambda})/(\pi^{+}+\pi^{-}) ratio for pp collisions at \sqrt{s}=7 TeV as a function of the average charged particle multiplicity density at midrapidity.,Data from Figure 2,(\Lambda+\bar{\Lambda})/(\pi^{+}+\pi^{-}),P P --> (\pi^{+}+\pi^{-}) + X,P P --> (\Lambda+\bar{\Lambda}) + X,7000.0 GEV,-0.5 0.5,dN_{ch}/d\eta _{|\eta|<0.5},21.29,20.65,21.93,Ratios of yields to (\pi^{+}+\pi^{-}),0.03864,0.0001462,0.003255,0.001577,,,,,
Table 37,10.17182/hepdata.77284.v1/t37,(\Lambda+\bar{\Lambda})/(\pi^{+}+\pi^{-}) ratio for pp collisions at \sqrt{s}=7 TeV as a function of the average charged particle multiplicity density at midrapidity.,Data from Figure 2,(\Lambda+\bar{\Lambda})/(\pi^{+}+\pi^{-}),P P --> (\pi^{+}+\pi^{-}) + X,P P --> (\Lambda+\bar{\Lambda}) + X,7000.0 GEV,-0.5 0.5,dN_{ch}/d\eta _{|\eta|<0.5},16.51,16.01,17.01,Ratios of yields to (\pi^{+}+\pi^{-}),0.03837,9.496e-05,0.003109,0.00142,,,,,
Table 37,10.17182/hepdata.77284.v1/t37,(\Lambda+\bar{\Lambda})/(\pi^{+}+\pi^{-}) ratio for pp collisions at \sqrt{s}=7 TeV as a function of the average charged particle multiplicity density at midrapidity.,Data from Figure 2,(\Lambda+\bar{\Lambda})/(\pi^{+}+\pi^{-}),P P --> (\pi^{+}+\pi^{-}) + X,P P --> (\Lambda+\bar{\Lambda}) + X,7000.0 GEV,-0.5 0.5,dN_{ch}/d\eta _{|\eta|<0.5},13.46,13.06,13.86,Ratios of yields to (\pi^{+}+\pi^{-}),0.03785,8.965e-05,0.003079,0.001529,,,,,
Table 37,10.17182/hepdata.77284.v1/t37,(\Lambda+\bar{\Lambda})/(\pi^{+}+\pi^{-}) ratio for pp collisions at \sqrt{s}=7 TeV as a function of the average charged particle multiplicity density at midrapidity.,Data from Figure 2,(\Lambda+\bar{\Lambda})/(\pi^{+}+\pi^{-}),P P --> (\pi^{+}+\pi^{-}) + X,P P --> (\Lambda+\bar{\Lambda}) + X,7000.0 GEV,-0.5 0.5,dN_{ch}/d\eta _{|\eta|<0.5},11.51,11.16,11.86,Ratios of yields to (\pi^{+}+\pi^{-}),0.03735,9.612e-05,0.003033,0.001676,,,,,
Table 37,10.17182/hepdata.77284.v1/t37,(\Lambda+\bar{\Lambda})/(\pi^{+}+\pi^{-}) ratio for pp collisions at \sqrt{s}=7 TeV as a function of the average charged particle multiplicity density at midrapidity.,Data from Figure 2,(\Lambda+\bar{\Lambda})/(\pi^{+}+\pi^{-}),P P --> (\pi^{+}+\pi^{-}) + X,P P --> (\Lambda+\bar{\Lambda}) + X,7000.0 GEV,-0.5 0.5,dN_{ch}/d\eta _{|\eta|<0.5},10.08,9.78,10.38,Ratios of yields to (\pi^{+}+\pi^{-}),0.03698,9.723e-05,0.002993,0.001587,,,,,
Table 37,10.17182/hepdata.77284.v1/t37,(\Lambda+\bar{\Lambda})/(\pi^{+}+\pi^{-}) ratio for pp collisions at \sqrt{s}=7 TeV as a function of the average charged particle multiplicity density at midrapidity.,Data from Figure 2,(\Lambda+\bar{\Lambda})/(\pi^{+}+\pi^{-}),P P --> (\pi^{+}+\pi^{-}) + X,P P --> (\Lambda+\bar{\Lambda}) + X,7000.0 GEV,-0.5 0.5,dN_{ch}/d\eta _{|\eta|<0.5},8.45,8.2,8.7,Ratios of yields to (\pi^{+}+\pi^{-}),0.03626,8.702e-05,0.002954,0.001665,,,,,
Table 37,10.17182/hepdata.77284.v1/t37,(\Lambda+\bar{\Lambda})/(\pi^{+}+\pi^{-}) ratio for pp collisions at \sqrt{s}=7 TeV as a function of the average charged particle multiplicity density at midrapidity.,Data from Figure 2,(\Lambda+\bar{\Lambda})/(\pi^{+}+\pi^{-}),P P --> (\pi^{+}+\pi^{-}) + X,P P --> (\Lambda+\bar{\Lambda}) + X,7000.0 GEV,-0.5 0.5,dN_{ch}/d\eta _{|\eta|<0.5},6.72,6.51,6.93,Ratios of yields to (\pi^{+}+\pi^{-}),0.03556,8.616e-05,0.002934,0.00177,,,,,
Table 37,10.17182/hepdata.77284.v1/t37,(\Lambda+\bar{\Lambda})/(\pi^{+}+\pi^{-}) ratio for pp collisions at \sqrt{s}=7 TeV as a function of the average charged particle multiplicity density at midrapidity.,Data from Figure 2,(\Lambda+\bar{\Lambda})/(\pi^{+}+\pi^{-}),P P --> (\pi^{+}+\pi^{-}) + X,P P --> (\Lambda+\bar{\Lambda}) + X,7000.0 GEV,-0.5 0.5,dN_{ch}/d\eta _{|\eta|<0.5},5.4,5.23,5.57,Ratios of yields to (\pi^{+}+\pi^{-}),0.03423,0.0001043,0.00276,0.001374,,,,,
Table 37,10.17182/hepdata.77284.v1/t37,(\Lambda+\bar{\Lambda})/(\pi^{+}+\pi^{-}) ratio for pp collisions at \sqrt{s}=7 TeV as a function of the average charged particle multiplicity density at midrapidity.,Data from Figure 2,(\Lambda+\bar{\Lambda})/(\pi^{+}+\pi^{-}),P P --> (\pi^{+}+\pi^{-}) + X,P P --> (\Lambda+\bar{\Lambda}) + X,7000.0 GEV,-0.5 0.5,dN_{ch}/d\eta _{|\eta|<0.5},3.9,3.76,4.04,Ratios of yields to (\pi^{+}+\pi^{-}),0.0316,8.698e-05,0.002986,0.001906,,,,,
Table 37,10.17182/hepdata.77284.v1/t37,(\Lambda+\bar{\Lambda})/(\pi^{+}+\pi^{-}) ratio for pp collisions at \sqrt{s}=7 TeV as a function of the average charged particle multiplicity density at midrapidity.,Data from Figure 2,(\Lambda+\bar{\Lambda})/(\pi^{+}+\pi^{-}),P P --> (\pi^{+}+\pi^{-}) + X,P P --> (\Lambda+\bar{\Lambda}) + X,7000.0 GEV,-0.5 0.5,dN_{ch}/d\eta _{|\eta|<0.5},2.26,2.14,2.38,Ratios of yields to (\pi^{+}+\pi^{-}),0.02409,8.393e-05,0.003337,0.002589,,,,,
Table 38,10.17182/hepdata.77284.v1/t38,(\Xi^{-}+\bar{\Xi}^{+})/(\pi^{+}+\pi^{-}) ratio for pp collisions at \sqrt{s}=7 TeV as a function of the average charged particle multiplicity density at midrapidity.,Data from Figure 2,(\Xi^{-}+\bar{\Xi}^{+})/(\pi^{+}+\pi^{-}),P P --> (\pi^{+}+\pi^{-}) + X,P P --> (\Xi^{-}+\bar{\Xi}^{+}) + X,7000.0 GEV,-0.5 0.5,dN_{ch}/d\eta _{|\eta|<0.5},21.29,20.65,21.93,Ratios of yields to (\pi^{+}+\pi^{-}),0.004792,7.969e-05,0.0003832,0.0001689,,,,,
Table 38,10.17182/hepdata.77284.v1/t38,(\Xi^{-}+\bar{\Xi}^{+})/(\pi^{+}+\pi^{-}) ratio for pp collisions at \sqrt{s}=7 TeV as a function of the average charged particle multiplicity density at midrapidity.,Data from Figure 2,(\Xi^{-}+\bar{\Xi}^{+})/(\pi^{+}+\pi^{-}),P P --> (\pi^{+}+\pi^{-}) + X,P P --> (\Xi^{-}+\bar{\Xi}^{+}) + X,7000.0 GEV,-0.5 0.5,dN_{ch}/d\eta _{|\eta|<0.5},16.51,16.01,17.01,Ratios of yields to (\pi^{+}+\pi^{-}),0.00455,4.722e-05,0.0003576,0.000162,,,,,
Table 38,10.17182/hepdata.77284.v1/t38,(\Xi^{-}+\bar{\Xi}^{+})/(\pi^{+}+\pi^{-}) ratio for pp collisions at \sqrt{s}=7 TeV as a function of the average charged particle multiplicity density at midrapidity.,Data from Figure 2,(\Xi^{-}+\bar{\Xi}^{+})/(\pi^{+}+\pi^{-}),P P --> (\pi^{+}+\pi^{-}) + X,P P --> (\Xi^{-}+\bar{\Xi}^{+}) + X,7000.0 GEV,-0.5 0.5,dN_{ch}/d\eta _{|\eta|<0.5},13.46,13.06,13.86,Ratios of yields to (\pi^{+}+\pi^{-}),0.004592,4.835e-05,0.0003696,0.0001841,,,,,
Table 38,10.17182/hepdata.77284.v1/t38,(\Xi^{-}+\bar{\Xi}^{+})/(\pi^{+}+\pi^{-}) ratio for pp collisions at \sqrt{s}=7 TeV as a function of the average charged particle multiplicity density at midrapidity.,Data from Figure 2,(\Xi^{-}+\bar{\Xi}^{+})/(\pi^{+}+\pi^{-}),P P --> (\pi^{+}+\pi^{-}) + X,P P --> (\Xi^{-}+\bar{\Xi}^{+}) + X,7000.0 GEV,-0.5 0.5,dN_{ch}/d\eta _{|\eta|<0.5},11.51,11.16,11.86,Ratios of yields to (\pi^{+}+\pi^{-}),0.00435,4.857e-05,0.000357,0.0001896,,,,,
Table 38,10.17182/hepdata.77284.v1/t38,(\Xi^{-}+\bar{\Xi}^{+})/(\pi^{+}+\pi^{-}) ratio for pp collisions at \sqrt{s}=7 TeV as a function of the average charged particle multiplicity density at midrapidity.,Data from Figure 2,(\Xi^{-}+\bar{\Xi}^{+})/(\pi^{+}+\pi^{-}),P P --> (\pi^{+}+\pi^{-}) + X,P P --> (\Xi^{-}+\bar{\Xi}^{+}) + X,7000.0 GEV,-0.5 0.5,dN_{ch}/d\eta _{|\eta|<0.5},10.08,9.78,10.38,Ratios of yields to (\pi^{+}+\pi^{-}),0.004158,5.085e-05,0.0003593,0.0002151,,,,,
Table 38,10.17182/hepdata.77284.v1/t38,(\Xi^{-}+\bar{\Xi}^{+})/(\pi^{+}+\pi^{-}) ratio for pp collisions at \sqrt{s}=7 TeV as a function of the average charged particle multiplicity density at midrapidity.,Data from Figure 2,(\Xi^{-}+\bar{\Xi}^{+})/(\pi^{+}+\pi^{-}),P P --> (\pi^{+}+\pi^{-}) + X,P P --> (\Xi^{-}+\bar{\Xi}^{+}) + X,7000.0 GEV,-0.5 0.5,dN_{ch}/d\eta _{|\eta|<0.5},8.45,8.2,8.7,Ratios of yields to (\pi^{+}+\pi^{-}),0.004027,4.284e-05,0.0003536,0.0002172,,,,,
Table 38,10.17182/hepdata.77284.v1/t38,(\Xi^{-}+\bar{\Xi}^{+})/(\pi^{+}+\pi^{-}) ratio for pp collisions at \sqrt{s}=7 TeV as a function of the average charged particle multiplicity density at midrapidity.,Data from Figure 2,(\Xi^{-}+\bar{\Xi}^{+})/(\pi^{+}+\pi^{-}),P P --> (\pi^{+}+\pi^{-}) + X,P P --> (\Xi^{-}+\bar{\Xi}^{+}) + X,7000.0 GEV,-0.5 0.5,dN_{ch}/d\eta _{|\eta|<0.5},6.72,6.51,6.93,Ratios of yields to (\pi^{+}+\pi^{-}),0.003737,4.416e-05,0.0003466,0.0002301,,,,,
Table 38,10.17182/hepdata.77284.v1/t38,(\Xi^{-}+\bar{\Xi}^{+})/(\pi^{+}+\pi^{-}) ratio for pp collisions at \sqrt{s}=7 TeV as a function of the average charged particle multiplicity density at midrapidity.,Data from Figure 2,(\Xi^{-}+\bar{\Xi}^{+})/(\pi^{+}+\pi^{-}),P P --> (\pi^{+}+\pi^{-}) + X,P P --> (\Xi^{-}+\bar{\Xi}^{+}) + X,7000.0 GEV,-0.5 0.5,dN_{ch}/d\eta _{|\eta|<0.5},5.4,5.23,5.57,Ratios of yields to (\pi^{+}+\pi^{-}),0.003501,5.249e-05,0.0003489,0.0002537,,,,,
Table 38,10.17182/hepdata.77284.v1/t38,(\Xi^{-}+\bar{\Xi}^{+})/(\pi^{+}+\pi^{-}) ratio for pp collisions at \sqrt{s}=7 TeV as a function of the average charged particle multiplicity density at midrapidity.,Data from Figure 2,(\Xi^{-}+\bar{\Xi}^{+})/(\pi^{+}+\pi^{-}),P P --> (\pi^{+}+\pi^{-}) + X,P P --> (\Xi^{-}+\bar{\Xi}^{+}) + X,7000.0 GEV,-0.5 0.5,dN_{ch}/d\eta _{|\eta|<0.5},3.9,3.76,4.04,Ratios of yields to (\pi^{+}+\pi^{-}),0.003031,4.394e-05,0.0003538,0.0002802,,,,,
Table 38,10.17182/hepdata.77284.v1/t38,(\Xi^{-}+\bar{\Xi}^{+})/(\pi^{+}+\pi^{-}) ratio for pp collisions at \sqrt{s}=7 TeV as a function of the average charged particle multiplicity density at midrapidity.,Data from Figure 2,(\Xi^{-}+\bar{\Xi}^{+})/(\pi^{+}+\pi^{-}),P P --> (\pi^{+}+\pi^{-}) + X,P P --> (\Xi^{-}+\bar{\Xi}^{+}) + X,7000.0 GEV,-0.5 0.5,dN_{ch}/d\eta _{|\eta|<0.5},2.26,2.14,2.38,Ratios of yields to (\pi^{+}+\pi^{-}),0.00215,4.422e-05,0.0003424,0.0002838,,,,,
Table 39,10.17182/hepdata.77284.v1/t39,(\Omega^{-}+\bar{\Omega}^{+})/(\pi^{+}+\pi^{-}) ratio for pp collisions at \sqrt{s}=7 TeV as a function of the average charged particle multiplicity density at midrapidity.,Data from Figure 2,(\Omega^{-}+\bar{\Omega}^{+})/(\pi^{+}+\pi^{-}),P P --> (\pi^{+}+\pi^{-}) + X,P P --> (\Omega^{-}+\bar{\Omega}^{+}) + X,7000.0 GEV,-0.5 0.5,dN_{ch}/d\eta _{|\eta|<0.5},17.47,16.95,17.99,Ratios of yields to (\pi^{+}+\pi^{-}),0.0004976,1.588e-05,5.209e-05,1.832e-05,,,,,
Table 39,10.17182/hepdata.77284.v1/t39,(\Omega^{-}+\bar{\Omega}^{+})/(\pi^{+}+\pi^{-}) ratio for pp collisions at \sqrt{s}=7 TeV as a function of the average charged particle multiplicity density at midrapidity.,Data from Figure 2,(\Omega^{-}+\bar{\Omega}^{+})/(\pi^{+}+\pi^{-}),P P --> (\pi^{+}+\pi^{-}) + X,P P --> (\Omega^{-}+\bar{\Omega}^{+}) + X,7000.0 GEV,-0.5 0.5,dN_{ch}/d\eta _{|\eta|<0.5},12.48,12.11,12.85,Ratios of yields to (\pi^{+}+\pi^{-}),0.0004221,1.62e-05,4.728e-05,2.474e-05,,,,,
Table 39,10.17182/hepdata.77284.v1/t39,(\Omega^{-}+\bar{\Omega}^{+})/(\pi^{+}+\pi^{-}) ratio for pp collisions at \sqrt{s}=7 TeV as a function of the average charged particle multiplicity density at midrapidity.,Data from Figure 2,(\Omega^{-}+\bar{\Omega}^{+})/(\pi^{+}+\pi^{-}),P P --> (\pi^{+}+\pi^{-}) + X,P P --> (\Omega^{-}+\bar{\Omega}^{+}) + X,7000.0 GEV,-0.5 0.5,dN_{ch}/d\eta _{|\eta|<0.5},8.99,8.72,9.26,Ratios of yields to (\pi^{+}+\pi^{-}),0.0003376,1.079e-05,3.676e-05,1.813e-05,,,,,
Table 39,10.17182/hepdata.77284.v1/t39,(\Omega^{-}+\bar{\Omega}^{+})/(\pi^{+}+\pi^{-}) ratio for pp collisions at \sqrt{s}=7 TeV as a function of the average charged particle multiplicity density at midrapidity.,Data from Figure 2,(\Omega^{-}+\bar{\Omega}^{+})/(\pi^{+}+\pi^{-}),P P --> (\pi^{+}+\pi^{-}) + X,P P --> (\Omega^{-}+\bar{\Omega}^{+}) + X,7000.0 GEV,-0.5 0.5,dN_{ch}/d\eta _{|\eta|<0.5},6.06,5.87,6.25,Ratios of yields to (\pi^{+}+\pi^{-}),0.0003093,1.958e-05,4.157e-05,2.985e-05,,,,,
Table 39,10.17182/hepdata.77284.v1/t39,(\Omega^{-}+\bar{\Omega}^{+})/(\pi^{+}+\pi^{-}) ratio for pp collisions at \sqrt{s}=7 TeV as a function of the average charged particle multiplicity density at midrapidity.,Data from Figure 2,(\Omega^{-}+\bar{\Omega}^{+})/(\pi^{+}+\pi^{-}),P P --> (\pi^{+}+\pi^{-}) + X,P P --> (\Omega^{-}+\bar{\Omega}^{+}) + X,7000.0 GEV,-0.5 0.5,dN_{ch}/d\eta _{|\eta|<0.5},2.89,2.75,3.03,Ratios of yields to (\pi^{+}+\pi^{-}),0.0001912,1.998e-05,3.658e-05,2.739e-05,,,,,
Table 48,10.17182/hepdata.77284.v1/t48,(2K^{0}_{S})/(\pi^{+}+\pi^{-}) double-ratio vs multiplicity for pp collisions at \sqrt{s}=7 TeV.,Data from Figure 4,(2K^{0}_{S})/(\pi^{+}+\pi^{-}) DOUBLE-RATIO,P P --> (\pi^{+}+\pi^{-}) + X,P P --> (2K^{0}_{S}) + X,7000.0 GEV,-0.5 0.5,dN_{ch}/d\eta _{|\eta|<0.5},21.29,20.65,21.93,(h/\pi) / (h/\pi)^{pp}_{INEL>0},1.068,0.003535,,0.03527,,,,,
Table 48,10.17182/hepdata.77284.v1/t48,(2K^{0}_{S})/(\pi^{+}+\pi^{-}) double-ratio vs multiplicity for pp collisions at \sqrt{s}=7 TeV.,Data from Figure 4,(2K^{0}_{S})/(\pi^{+}+\pi^{-}) DOUBLE-RATIO,P P --> (\pi^{+}+\pi^{-}) + X,P P --> (2K^{0}_{S}) + X,7000.0 GEV,-0.5 0.5,dN_{ch}/d\eta _{|\eta|<0.5},16.51,16.01,17.01,(h/\pi) / (h/\pi)^{pp}_{INEL>0},1.058,0.002187,,0.03264,,,,,
Table 48,10.17182/hepdata.77284.v1/t48,(2K^{0}_{S})/(\pi^{+}+\pi^{-}) double-ratio vs multiplicity for pp collisions at \sqrt{s}=7 TeV.,Data from Figure 4,(2K^{0}_{S})/(\pi^{+}+\pi^{-}) DOUBLE-RATIO,P P --> (\pi^{+}+\pi^{-}) + X,P P --> (2K^{0}_{S}) + X,7000.0 GEV,-0.5 0.5,dN_{ch}/d\eta _{|\eta|<0.5},13.46,13.06,13.86,(h/\pi) / (h/\pi)^{pp}_{INEL>0},1.044,0.001992,,0.03247,,,,,
Table 48,10.17182/hepdata.77284.v1/t48,(2K^{0}_{S})/(\pi^{+}+\pi^{-}) double-ratio vs multiplicity for pp collisions at \sqrt{s}=7 TeV.,Data from Figure 4,(2K^{0}_{S})/(\pi^{+}+\pi^{-}) DOUBLE-RATIO,P P --> (\pi^{+}+\pi^{-}) + X,P P --> (2K^{0}_{S}) + X,7000.0 GEV,-0.5 0.5,dN_{ch}/d\eta _{|\eta|<0.5},11.51,11.16,11.86,(h/\pi) / (h/\pi)^{pp}_{INEL>0},1.038,0.002287,,0.03244,,,,,
Table 48,10.17182/hepdata.77284.v1/t48,(2K^{0}_{S})/(\pi^{+}+\pi^{-}) double-ratio vs multiplicity for pp collisions at \sqrt{s}=7 TeV.,Data from Figure 4,(2K^{0}_{S})/(\pi^{+}+\pi^{-}) DOUBLE-RATIO,P P --> (\pi^{+}+\pi^{-}) + X,P P --> (2K^{0}_{S}) + X,7000.0 GEV,-0.5 0.5,dN_{ch}/d\eta _{|\eta|<0.5},10.08,9.78,10.38,(h/\pi) / (h/\pi)^{pp}_{INEL>0},1.03,0.002467,,0.03252,,,,,
Table 48,10.17182/hepdata.77284.v1/t48,(2K^{0}_{S})/(\pi^{+}+\pi^{-}) double-ratio vs multiplicity for pp collisions at \sqrt{s}=7 TeV.,Data from Figure 4,(2K^{0}_{S})/(\pi^{+}+\pi^{-}) DOUBLE-RATIO,P P --> (\pi^{+}+\pi^{-}) + X,P P --> (2K^{0}_{S}) + X,7000.0 GEV,-0.5 0.5,dN_{ch}/d\eta _{|\eta|<0.5},8.45,8.2,8.7,(h/\pi) / (h/\pi)^{pp}_{INEL>0},1.023,0.001862,,0.03257,,,,,
Table 48,10.17182/hepdata.77284.v1/t48,(2K^{0}_{S})/(\pi^{+}+\pi^{-}) double-ratio vs multiplicity for pp collisions at \sqrt{s}=7 TeV.,Data from Figure 4,(2K^{0}_{S})/(\pi^{+}+\pi^{-}) DOUBLE-RATIO,P P --> (\pi^{+}+\pi^{-}) + X,P P --> (2K^{0}_{S}) + X,7000.0 GEV,-0.5 0.5,dN_{ch}/d\eta _{|\eta|<0.5},6.72,6.51,6.93,(h/\pi) / (h/\pi)^{pp}_{INEL>0},1.012,0.002221,,0.03302,,,,,
Table 48,10.17182/hepdata.77284.v1/t48,(2K^{0}_{S})/(\pi^{+}+\pi^{-}) double-ratio vs multiplicity for pp collisions at \sqrt{s}=7 TeV.,Data from Figure 4,(2K^{0}_{S})/(\pi^{+}+\pi^{-}) DOUBLE-RATIO,P P --> (\pi^{+}+\pi^{-}) + X,P P --> (2K^{0}_{S}) + X,7000.0 GEV,-0.5 0.5,dN_{ch}/d\eta _{|\eta|<0.5},5.4,5.23,5.57,(h/\pi) / (h/\pi)^{pp}_{INEL>0},0.9934,0.002436,,0.03398,,,,,
Table 48,10.17182/hepdata.77284.v1/t48,(2K^{0}_{S})/(\pi^{+}+\pi^{-}) double-ratio vs multiplicity for pp collisions at \sqrt{s}=7 TeV.,Data from Figure 4,(2K^{0}_{S})/(\pi^{+}+\pi^{-}) DOUBLE-RATIO,P P --> (\pi^{+}+\pi^{-}) + X,P P --> (2K^{0}_{S}) + X,7000.0 GEV,-0.5 0.5,dN_{ch}/d\eta _{|\eta|<0.5},3.9,3.76,4.04,(h/\pi) / (h/\pi)^{pp}_{INEL>0},0.965,0.002117,,0.04397,,,,,
Table 48,10.17182/hepdata.77284.v1/t48,(2K^{0}_{S})/(\pi^{+}+\pi^{-}) double-ratio vs multiplicity for pp collisions at \sqrt{s}=7 TeV.,Data from Figure 4,(2K^{0}_{S})/(\pi^{+}+\pi^{-}) DOUBLE-RATIO,P P --> (\pi^{+}+\pi^{-}) + X,P P --> (2K^{0}_{S}) + X,7000.0 GEV,-0.5 0.5,dN_{ch}/d\eta _{|\eta|<0.5},2.26,2.14,2.38,(h/\pi) / (h/\pi)^{pp}_{INEL>0},0.8666,0.00202,,0.06422,,,,,
Table 49,10.17182/hepdata.77284.v1/t49,(\Lambda+\bar{\Lambda})/(\pi^{+}+\pi^{-}) double-ratio vs multiplicity for pp collisions at \sqrt{s}=7 TeV.,Data from Figure 4,(\Lambda+\bar{\Lambda})/(\pi^{+}+\pi^{-}) DOUBLE-RATIO,P P --> (\pi^{+}+\pi^{-}) + X,P P --> (\Lambda+\bar{\Lambda}) + X,7000.0 GEV,-0.5 0.5,dN_{ch}/d\eta _{|\eta|<0.5},21.29,20.65,21.93,(h/\pi) / (h/\pi)^{pp}_{INEL>0},1.132,0.004282,,0.0462,,,,,
Table 49,10.17182/hepdata.77284.v1/t49,(\Lambda+\bar{\Lambda})/(\pi^{+}+\pi^{-}) double-ratio vs multiplicity for pp collisions at \sqrt{s}=7 TeV.,Data from Figure 4,(\Lambda+\bar{\Lambda})/(\pi^{+}+\pi^{-}) DOUBLE-RATIO,P P --> (\pi^{+}+\pi^{-}) + X,P P --> (\Lambda+\bar{\Lambda}) + X,7000.0 GEV,-0.5 0.5,dN_{ch}/d\eta _{|\eta|<0.5},16.51,16.01,17.01,(h/\pi) / (h/\pi)^{pp}_{INEL>0},1.124,0.002782,,0.0416,,,,,
Table 49,10.17182/hepdata.77284.v1/t49,(\Lambda+\bar{\Lambda})/(\pi^{+}+\pi^{-}) double-ratio vs multiplicity for pp collisions at \sqrt{s}=7 TeV.,Data from Figure 4,(\Lambda+\bar{\Lambda})/(\pi^{+}+\pi^{-}) DOUBLE-RATIO,P P --> (\pi^{+}+\pi^{-}) + X,P P --> (\Lambda+\bar{\Lambda}) + X,7000.0 GEV,-0.5 0.5,dN_{ch}/d\eta _{|\eta|<0.5},13.46,13.06,13.86,(h/\pi) / (h/\pi)^{pp}_{INEL>0},1.109,0.002627,,0.0448,,,,,
Table 49,10.17182/hepdata.77284.v1/t49,(\Lambda+\bar{\Lambda})/(\pi^{+}+\pi^{-}) double-ratio vs multiplicity for pp collisions at \sqrt{s}=7 TeV.,Data from Figure 4,(\Lambda+\bar{\Lambda})/(\pi^{+}+\pi^{-}) DOUBLE-RATIO,P P --> (\pi^{+}+\pi^{-}) + X,P P --> (\Lambda+\bar{\Lambda}) + X,7000.0 GEV,-0.5 0.5,dN_{ch}/d\eta _{|\eta|<0.5},11.51,11.16,11.86,(h/\pi) / (h/\pi)^{pp}_{INEL>0},1.094,0.002816,,0.04911,,,,,
Table 49,10.17182/hepdata.77284.v1/t49,(\Lambda+\bar{\Lambda})/(\pi^{+}+\pi^{-}) double-ratio vs multiplicity for pp collisions at \sqrt{s}=7 TeV.,Data from Figure 4,(\Lambda+\bar{\Lambda})/(\pi^{+}+\pi^{-}) DOUBLE-RATIO,P P --> (\pi^{+}+\pi^{-}) + X,P P --> (\Lambda+\bar{\Lambda}) + X,7000.0 GEV,-0.5 0.5,dN_{ch}/d\eta _{|\eta|<0.5},10.08,9.78,10.38,(h/\pi) / (h/\pi)^{pp}_{INEL>0},1.084,0.002849,,0.0465,,,,,
Table 49,10.17182/hepdata.77284.v1/t49,(\Lambda+\bar{\Lambda})/(\pi^{+}+\pi^{-}) double-ratio vs multiplicity for pp collisions at \sqrt{s}=7 TeV.,Data from Figure 4,(\Lambda+\bar{\Lambda})/(\pi^{+}+\pi^{-}) DOUBLE-RATIO,P P --> (\pi^{+}+\pi^{-}) + X,P P --> (\Lambda+\bar{\Lambda}) + X,7000.0 GEV,-0.5 0.5,dN_{ch}/d\eta _{|\eta|<0.5},8.45,8.2,8.7,(h/\pi) / (h/\pi)^{pp}_{INEL>0},1.062,0.002549,,0.04878,,,,,
Table 49,10.17182/hepdata.77284.v1/t49,(\Lambda+\bar{\Lambda})/(\pi^{+}+\pi^{-}) double-ratio vs multiplicity for pp collisions at \sqrt{s}=7 TeV.,Data from Figure 4,(\Lambda+\bar{\Lambda})/(\pi^{+}+\pi^{-}) DOUBLE-RATIO,P P --> (\pi^{+}+\pi^{-}) + X,P P --> (\Lambda+\bar{\Lambda}) + X,7000.0 GEV,-0.5 0.5,dN_{ch}/d\eta _{|\eta|<0.5},6.72,6.51,6.93,(h/\pi) / (h/\pi)^{pp}_{INEL>0},1.042,0.002524,,0.05186,,,,,
Table 49,10.17182/hepdata.77284.v1/t49,(\Lambda+\bar{\Lambda})/(\pi^{+}+\pi^{-}) double-ratio vs multiplicity for pp collisions at \sqrt{s}=7 TeV.,Data from Figure 4,(\Lambda+\bar{\Lambda})/(\pi^{+}+\pi^{-}) DOUBLE-RATIO,P P --> (\pi^{+}+\pi^{-}) + X,P P --> (\Lambda+\bar{\Lambda}) + X,7000.0 GEV,-0.5 0.5,dN_{ch}/d\eta _{|\eta|<0.5},5.4,5.23,5.57,(h/\pi) / (h/\pi)^{pp}_{INEL>0},1.003,0.003056,,0.04026,,,,,
Table 49,10.17182/hepdata.77284.v1/t49,(\Lambda+\bar{\Lambda})/(\pi^{+}+\pi^{-}) double-ratio vs multiplicity for pp collisions at \sqrt{s}=7 TeV.,Data from Figure 4,(\Lambda+\bar{\Lambda})/(\pi^{+}+\pi^{-}) DOUBLE-RATIO,P P --> (\pi^{+}+\pi^{-}) + X,P P --> (\Lambda+\bar{\Lambda}) + X,7000.0 GEV,-0.5 0.5,dN_{ch}/d\eta _{|\eta|<0.5},3.9,3.76,4.04,(h/\pi) / (h/\pi)^{pp}_{INEL>0},0.9258,0.002548,,0.05584,,,,,
Table 49,10.17182/hepdata.77284.v1/t49,(\Lambda+\bar{\Lambda})/(\pi^{+}+\pi^{-}) double-ratio vs multiplicity for pp collisions at \sqrt{s}=7 TeV.,Data from Figure 4,(\Lambda+\bar{\Lambda})/(\pi^{+}+\pi^{-}) DOUBLE-RATIO,P P --> (\pi^{+}+\pi^{-}) + X,P P --> (\Lambda+\bar{\Lambda}) + X,7000.0 GEV,-0.5 0.5,dN_{ch}/d\eta _{|\eta|<0.5},2.26,2.14,2.38,(h/\pi) / (h/\pi)^{pp}_{INEL>0},0.7058,0.002459,,0.07586,,,,,
Table 50,10.17182/hepdata.77284.v1/t50,(\Xi^{-}+\bar{\Xi}^{+})/(\pi^{+}+\pi^{-}) double-ratio vs multiplicity for pp collisions at \sqrt{s}=7 TeV.,Data from Figure 4,(\Xi^{-}+\bar{\Xi}^{+})/(\pi^{+}+\pi^{-}) DOUBLE-RATIO,P P --> (\pi^{+}+\pi^{-}) + X,P P --> (\Xi^{-}+\bar{\Xi}^{+}) + X,7000.0 GEV,-0.5 0.5,dN_{ch}/d\eta _{|\eta|<0.5},21.29,20.65,21.93,(h/\pi) / (h/\pi)^{pp}_{INEL>0},1.298,0.02159,,0.04577,,,,,
Table 50,10.17182/hepdata.77284.v1/t50,(\Xi^{-}+\bar{\Xi}^{+})/(\pi^{+}+\pi^{-}) double-ratio vs multiplicity for pp collisions at \sqrt{s}=7 TeV.,Data from Figure 4,(\Xi^{-}+\bar{\Xi}^{+})/(\pi^{+}+\pi^{-}) DOUBLE-RATIO,P P --> (\pi^{+}+\pi^{-}) + X,P P --> (\Xi^{-}+\bar{\Xi}^{+}) + X,7000.0 GEV,-0.5 0.5,dN_{ch}/d\eta _{|\eta|<0.5},16.51,16.01,17.01,(h/\pi) / (h/\pi)^{pp}_{INEL>0},1.233,0.01279,,0.0439,,,,,
Table 50,10.17182/hepdata.77284.v1/t50,(\Xi^{-}+\bar{\Xi}^{+})/(\pi^{+}+\pi^{-}) double-ratio vs multiplicity for pp collisions at \sqrt{s}=7 TeV.,Data from Figure 4,(\Xi^{-}+\bar{\Xi}^{+})/(\pi^{+}+\pi^{-}) DOUBLE-RATIO,P P --> (\pi^{+}+\pi^{-}) + X,P P --> (\Xi^{-}+\bar{\Xi}^{+}) + X,7000.0 GEV,-0.5 0.5,dN_{ch}/d\eta _{|\eta|<0.5},13.46,13.06,13.86,(h/\pi) / (h/\pi)^{pp}_{INEL>0},1.244,0.0131,,0.04987,,,,,
Table 50,10.17182/hepdata.77284.v1/t50,(\Xi^{-}+\bar{\Xi}^{+})/(\pi^{+}+\pi^{-}) double-ratio vs multiplicity for pp collisions at \sqrt{s}=7 TeV.,Data from Figure 4,(\Xi^{-}+\bar{\Xi}^{+})/(\pi^{+}+\pi^{-}) DOUBLE-RATIO,P P --> (\pi^{+}+\pi^{-}) + X,P P --> (\Xi^{-}+\bar{\Xi}^{+}) + X,7000.0 GEV,-0.5 0.5,dN_{ch}/d\eta _{|\eta|<0.5},11.51,11.16,11.86,(h/\pi) / (h/\pi)^{pp}_{INEL>0},1.179,0.01316,,0.05137,,,,,
Table 50,10.17182/hepdata.77284.v1/t50,(\Xi^{-}+\bar{\Xi}^{+})/(\pi^{+}+\pi^{-}) double-ratio vs multiplicity for pp collisions at \sqrt{s}=7 TeV.,Data from Figure 4,(\Xi^{-}+\bar{\Xi}^{+})/(\pi^{+}+\pi^{-}) DOUBLE-RATIO,P P --> (\pi^{+}+\pi^{-}) + X,P P --> (\Xi^{-}+\bar{\Xi}^{+}) + X,7000.0 GEV,-0.5 0.5,dN_{ch}/d\eta _{|\eta|<0.5},10.08,9.78,10.38,(h/\pi) / (h/\pi)^{pp}_{INEL>0},1.126,0.01378,,0.05827,,,,,
Table 50,10.17182/hepdata.77284.v1/t50,(\Xi^{-}+\bar{\Xi}^{+})/(\pi^{+}+\pi^{-}) double-ratio vs multiplicity for pp collisions at \sqrt{s}=7 TeV.,Data from Figure 4,(\Xi^{-}+\bar{\Xi}^{+})/(\pi^{+}+\pi^{-}) DOUBLE-RATIO,P P --> (\pi^{+}+\pi^{-}) + X,P P --> (\Xi^{-}+\bar{\Xi}^{+}) + X,7000.0 GEV,-0.5 0.5,dN_{ch}/d\eta _{|\eta|<0.5},8.45,8.2,8.7,(h/\pi) / (h/\pi)^{pp}_{INEL>0},1.091,0.01161,,0.05886,,,,,
Table 50,10.17182/hepdata.77284.v1/t50,(\Xi^{-}+\bar{\Xi}^{+})/(\pi^{+}+\pi^{-}) double-ratio vs multiplicity for pp collisions at \sqrt{s}=7 TeV.,Data from Figure 4,(\Xi^{-}+\bar{\Xi}^{+})/(\pi^{+}+\pi^{-}) DOUBLE-RATIO,P P --> (\pi^{+}+\pi^{-}) + X,P P --> (\Xi^{-}+\bar{\Xi}^{+}) + X,7000.0 GEV,-0.5 0.5,dN_{ch}/d\eta _{|\eta|<0.5},6.72,6.51,6.93,(h/\pi) / (h/\pi)^{pp}_{INEL>0},1.013,0.01197,,0.06235,,,,,
Table 50,10.17182/hepdata.77284.v1/t50,(\Xi^{-}+\bar{\Xi}^{+})/(\pi^{+}+\pi^{-}) double-ratio vs multiplicity for pp collisions at \sqrt{s}=7 TeV.,Data from Figure 4,(\Xi^{-}+\bar{\Xi}^{+})/(\pi^{+}+\pi^{-}) DOUBLE-RATIO,P P --> (\pi^{+}+\pi^{-}) + X,P P --> (\Xi^{-}+\bar{\Xi}^{+}) + X,7000.0 GEV,-0.5 0.5,dN_{ch}/d\eta _{|\eta|<0.5},5.4,5.23,5.57,(h/\pi) / (h/\pi)^{pp}_{INEL>0},0.9484,0.01422,,0.06873,,,,,
Table 50,10.17182/hepdata.77284.v1/t50,(\Xi^{-}+\bar{\Xi}^{+})/(\pi^{+}+\pi^{-}) double-ratio vs multiplicity for pp collisions at \sqrt{s}=7 TeV.,Data from Figure 4,(\Xi^{-}+\bar{\Xi}^{+})/(\pi^{+}+\pi^{-}) DOUBLE-RATIO,P P --> (\pi^{+}+\pi^{-}) + X,P P --> (\Xi^{-}+\bar{\Xi}^{+}) + X,7000.0 GEV,-0.5 0.5,dN_{ch}/d\eta _{|\eta|<0.5},3.9,3.76,4.04,(h/\pi) / (h/\pi)^{pp}_{INEL>0},0.8211,0.01191,,0.07593,,,,,
Table 50,10.17182/hepdata.77284.v1/t50,(\Xi^{-}+\bar{\Xi}^{+})/(\pi^{+}+\pi^{-}) double-ratio vs multiplicity for pp collisions at \sqrt{s}=7 TeV.,Data from Figure 4,(\Xi^{-}+\bar{\Xi}^{+})/(\pi^{+}+\pi^{-}) DOUBLE-RATIO,P P --> (\pi^{+}+\pi^{-}) + X,P P --> (\Xi^{-}+\bar{\Xi}^{+}) + X,7000.0 GEV,-0.5 0.5,dN_{ch}/d\eta _{|\eta|<0.5},2.26,2.14,2.38,(h/\pi) / (h/\pi)^{pp}_{INEL>0},0.5825,0.01198,,0.07689,,,,,
Table 51,10.17182/hepdata.77284.v1/t51,(\Omega^{-}+\bar{\Omega}^{+})/(\pi^{+}+\pi^{-}) double-ratio vs multiplicity for pp collisions at \sqrt{s}=7 TeV.,Data from Figure 4,(\Omega^{-}+\bar{\Omega}^{+})/(\pi^{+}+\pi^{-}) DOUBLE-RATIO,P P --> (\pi^{+}+\pi^{-}) + X,P P --> (\Omega^{-}+\bar{\Omega}^{+}) + X,7000.0 GEV,-0.5 0.5,dN_{ch}/d\eta _{|\eta|<0.5},17.47,16.95,17.99,(h/\pi) / (h/\pi)^{pp}_{INEL>0},1.547,0.04936,,0.05694,,,,,
Table 51,10.17182/hepdata.77284.v1/t51,(\Omega^{-}+\bar{\Omega}^{+})/(\pi^{+}+\pi^{-}) double-ratio vs multiplicity for pp collisions at \sqrt{s}=7 TeV.,Data from Figure 4,(\Omega^{-}+\bar{\Omega}^{+})/(\pi^{+}+\pi^{-}) DOUBLE-RATIO,P P --> (\pi^{+}+\pi^{-}) + X,P P --> (\Omega^{-}+\bar{\Omega}^{+}) + X,7000.0 GEV,-0.5 0.5,dN_{ch}/d\eta _{|\eta|<0.5},12.48,12.11,12.85,(h/\pi) / (h/\pi)^{pp}_{INEL>0},1.312,0.05037,,0.07691,,,,,
Table 51,10.17182/hepdata.77284.v1/t51,(\Omega^{-}+\bar{\Omega}^{+})/(\pi^{+}+\pi^{-}) double-ratio vs multiplicity for pp collisions at \sqrt{s}=7 TeV.,Data from Figure 4,(\Omega^{-}+\bar{\Omega}^{+})/(\pi^{+}+\pi^{-}) DOUBLE-RATIO,P P --> (\pi^{+}+\pi^{-}) + X,P P --> (\Omega^{-}+\bar{\Omega}^{+}) + X,7000.0 GEV,-0.5 0.5,dN_{ch}/d\eta _{|\eta|<0.5},8.99,8.72,9.26,(h/\pi) / (h/\pi)^{pp}_{INEL>0},1.05,0.03354,,0.05635,,,,,
Table 51,10.17182/hepdata.77284.v1/t51,(\Omega^{-}+\bar{\Omega}^{+})/(\pi^{+}+\pi^{-}) double-ratio vs multiplicity for pp collisions at \sqrt{s}=7 TeV.,Data from Figure 4,(\Omega^{-}+\bar{\Omega}^{+})/(\pi^{+}+\pi^{-}) DOUBLE-RATIO,P P --> (\pi^{+}+\pi^{-}) + X,P P --> (\Omega^{-}+\bar{\Omega}^{+}) + X,7000.0 GEV,-0.5 0.5,dN_{ch}/d\eta _{|\eta|<0.5},6.06,5.87,6.25,(h/\pi) / (h/\pi)^{pp}_{INEL>0},0.9614,0.06085,,0.0928,,,,,
Table 51,10.17182/hepdata.77284.v1/t51,(\Omega^{-}+\bar{\Omega}^{+})/(\pi^{+}+\pi^{-}) double-ratio vs multiplicity for pp collisions at \sqrt{s}=7 TeV.,Data from Figure 4,(\Omega^{-}+\bar{\Omega}^{+})/(\pi^{+}+\pi^{-}) DOUBLE-RATIO,P P --> (\pi^{+}+\pi^{-}) + X,P P --> (\Omega^{-}+\bar{\Omega}^{+}) + X,7000.0 GEV,-0.5 0.5,dN_{ch}/d\eta _{|\eta|<0.5},2.89,2.75,3.03,(h/\pi) / (h/\pi)^{pp}_{INEL>0},0.5943,0.06213,,0.08514,,,,,
Table 52,10.17182/hepdata.77284.v1/t52,"Event multiplicity classes, their corresponding fraction of the INEL>0 cross-section and their corresponding average charged particle density at midrapidity (|\eta|<0.5). The value of in the inclusive (INEL>0) class is 5.96 \pm 0.23. The uncertainties are the quadratic sum of statistical and systematic contributions.",Data from Table 1,,P P --> CHARGED X,,7000.0 GEV,,Class name,Class I,,,{\rm d}N_{\rm ch}/{\rm d}\eta,21.3,0.6,,,-0.5 0.5,\sigma/\sigma_{\rm INEL>0} (%),,0.0,0.95
Table 52,10.17182/hepdata.77284.v1/t52,"Event multiplicity classes, their corresponding fraction of the INEL>0 cross-section and their corresponding average charged particle density at midrapidity (|\eta|<0.5). The value of in the inclusive (INEL>0) class is 5.96 \pm 0.23. The uncertainties are the quadratic sum of statistical and systematic contributions.",Data from Table 1,,P P --> CHARGED X,,7000.0 GEV,,Class name,Class II,,,{\rm d}N_{\rm ch}/{\rm d}\eta,16.5,0.5,,,-0.5 0.5,\sigma/\sigma_{\rm INEL>0} (%),,0.95,4.7
Table 52,10.17182/hepdata.77284.v1/t52,"Event multiplicity classes, their corresponding fraction of the INEL>0 cross-section and their corresponding average charged particle density at midrapidity (|\eta|<0.5). The value of in the inclusive (INEL>0) class is 5.96 \pm 0.23. The uncertainties are the quadratic sum of statistical and systematic contributions.",Data from Table 1,,P P --> CHARGED X,,7000.0 GEV,,Class name,Class III,,,{\rm d}N_{\rm ch}/{\rm d}\eta,13.5,0.4,,,-0.5 0.5,\sigma/\sigma_{\rm INEL>0} (%),,4.7,9.5
Table 52,10.17182/hepdata.77284.v1/t52,"Event multiplicity classes, their corresponding fraction of the INEL>0 cross-section and their corresponding average charged particle density at midrapidity (|\eta|<0.5). The value of in the inclusive (INEL>0) class is 5.96 \pm 0.23. The uncertainties are the quadratic sum of statistical and systematic contributions.",Data from Table 1,,P P --> CHARGED X,,7000.0 GEV,,Class name,Class IV,,,{\rm d}N_{\rm ch}/{\rm d}\eta,11.5,0.3,,,-0.5 0.5,\sigma/\sigma_{\rm INEL>0} (%),,9.5,14.0
Table 52,10.17182/hepdata.77284.v1/t52,"Event multiplicity classes, their corresponding fraction of the INEL>0 cross-section and their corresponding average charged particle density at midrapidity (|\eta|<0.5). The value of in the inclusive (INEL>0) class is 5.96 \pm 0.23. The uncertainties are the quadratic sum of statistical and systematic contributions.",Data from Table 1,,P P --> CHARGED X,,7000.0 GEV,,Class name,Class V,,,{\rm d}N_{\rm ch}/{\rm d}\eta,10.1,0.3,,,-0.5 0.5,\sigma/\sigma_{\rm INEL>0} (%),,14.0,19.0
Table 52,10.17182/hepdata.77284.v1/t52,"Event multiplicity classes, their corresponding fraction of the INEL>0 cross-section and their corresponding average charged particle density at midrapidity (|\eta|<0.5). The value of in the inclusive (INEL>0) class is 5.96 \pm 0.23. The uncertainties are the quadratic sum of statistical and systematic contributions.",Data from Table 1,,P P --> CHARGED X,,7000.0 GEV,,Class name,Class VI,,,{\rm d}N_{\rm ch}/{\rm d}\eta,8.45,0.25,,,-0.5 0.5,\sigma/\sigma_{\rm INEL>0} (%),,19.0,28.0
Table 52,10.17182/hepdata.77284.v1/t52,"Event multiplicity classes, their corresponding fraction of the INEL>0 cross-section and their corresponding average charged particle density at midrapidity (|\eta|<0.5). The value of in the inclusive (INEL>0) class is 5.96 \pm 0.23. The uncertainties are the quadratic sum of statistical and systematic contributions.",Data from Table 1,,P P --> CHARGED X,,7000.0 GEV,,Class name,Class VII,,,{\rm d}N_{\rm ch}/{\rm d}\eta,6.72,0.21,,,-0.5 0.5,\sigma/\sigma_{\rm INEL>0} (%),,28.0,38.0
Table 52,10.17182/hepdata.77284.v1/t52,"Event multiplicity classes, their corresponding fraction of the INEL>0 cross-section and their corresponding average charged particle density at midrapidity (|\eta|<0.5). The value of in the inclusive (INEL>0) class is 5.96 \pm 0.23. The uncertainties are the quadratic sum of statistical and systematic contributions.",Data from Table 1,,P P --> CHARGED X,,7000.0 GEV,,Class name,Class VIII,,,{\rm d}N_{\rm ch}/{\rm d}\eta,5.4,0.17,,,-0.5 0.5,\sigma/\sigma_{\rm INEL>0} (%),,38.0,48.0
Table 52,10.17182/hepdata.77284.v1/t52,"Event multiplicity classes, their corresponding fraction of the INEL>0 cross-section and their corresponding average charged particle density at midrapidity (|\eta|<0.5). The value of in the inclusive (INEL>0) class is 5.96 \pm 0.23. The uncertainties are the quadratic sum of statistical and systematic contributions.",Data from Table 1,,P P --> CHARGED X,,7000.0 GEV,,Class name,Class IX,,,{\rm d}N_{\rm ch}/{\rm d}\eta,3.9,0.14,,,-0.5 0.5,\sigma/\sigma_{\rm INEL>0} (%),,48.0,68.0
Table 52,10.17182/hepdata.77284.v1/t52,"Event multiplicity classes, their corresponding fraction of the INEL>0 cross-section and their corresponding average charged particle density at midrapidity (|\eta|<0.5). The value of in the inclusive (INEL>0) class is 5.96 \pm 0.23. The uncertainties are the quadratic sum of statistical and systematic contributions.",Data from Table 1,,P P --> CHARGED X,,7000.0 GEV,,Class name,Class X,,,{\rm d}N_{\rm ch}/{\rm d}\eta,2.26,0.12,,,-0.5 0.5,\sigma/\sigma_{\rm INEL>0} (%),,68.0,100.0
