sample,galaxy,n_rings,dlnB_locked_minus_MOND,dlnB_alt_ML_convention,dlnL_sum_at_joint_sigma,lnZ_gate,lnZ_mond,sigma_int_gate_dex,sigma_int_mond_dex,morph_type_T,class_dwarf_or_spiral,class_HSB_LSB,distance_Mpc,e_distance_Mpc,distance_method_code,inclination_deg,e_inclination_deg,Vflat_kms,e_Vflat_kms,Mbar_Msun,Mstar_Msun,Mgas_Msun,gas_fraction,central_SB_disk_Lsun_pc2,SB_eff_Lsun_pc2,mean_Sigma_bar_Msun_pc2,Rdisk_kpc,Reff_kpc,RHI_kpc,R_min_kpc,R_max_kpc,R_min_over_Rd,R_max_over_Rd,gbar_median,gobs_median,quality_flag,abs_Vmag,abs_Bmag,metallicity_12logOH,y_star_fit
little_things_12,CVnldwA,12,1.6206234040320506,1.4754286341619434,2.484875013292226,-8.336356309508114,-9.956979713540164,0.37603118349672415,0.4316604473142587,,dwarf_irregular_LT_sample,NOT_RECORDED,3.6,0.08,LT_sample_yaml,66.5,5.2,23.5,,44869230.76923077,15769230.769230766,29100000.0,0.6485513457911881,,,2.1291155080139066,,,2.59,0.18999980999999996,2.59,,,1.494078625022472e-12,6.7630059320599546e-12,LT_regular_rotation,-12.4,,7.3,0.26
little_things_12,DDO_101,9,-1.4867376005075972,-1.496671204381662,-3.156440034514677,-9.374049246985576,-7.887311646477979,0.5577479057303072,0.47837475316748335,,dwarf_irregular_LT_sample,NOT_RECORDED,6.4,0.64,LT_sample_yaml,51.0,7.1,64.5,,152963265.30612245,118163265.30612245,34800000.0,0.22750560358629524,,,9.04610487573174,,,1.95,0.25999958308500004,2.319999158686,,,7.537557625166052e-12,9.062138813555212e-11,LT_regular_rotation,-15.0,,8.7,0.49
little_things_12,DDO_133,19,-6.469231828445846,2.2115001405875176,-0.5739905985979292,20.881722721082664,27.35095454952851,0.03837654428188083,0.01281595895120076,,dwarf_irregular_LT_sample,NOT_RECORDED,3.5,0.35,LT_sample_yaml,43.4,0.1,46.1,,203357142.85714287,74857142.85714287,128500000.0,0.6318932209343168,,,5.345043304470683,,,3.48,0.18000063000000002,3.4799993700000003,,,4.7658885519502915e-12,2.5376780882653732e-11,LT_regular_rotation,-14.8,,8.2,0.35
little_things_12,DDO_210,8,5.9173246237225445,7.200774825989479,-0.5677199038298069,3.673789161310315,-2.24353546241223,0.015358836363294473,0.2435550844622897,,dwarf_irregular_LT_sample,NOT_RECORDED,0.9,0.04,LT_sample_yaml,66.7,0.1,12.0,,2330232.558139535,930232.5581395349,1400000.0000000002,0.6007984031936128,,,7.718377319075534,,,0.31,0.03999992,0.31,,,2.8679078633179096e-12,1.0085755157700245e-11,LT_regular_rotation,-10.9,,7.2,0.43
little_things_12,DDO_216,13,2.1397682740346973,2.342495683369922,1.7150020297138577,-5.939228385688136,-8.078996659722833,0.24670333776048553,0.33327087835190167,,dwarf_irregular_LT_sample,NOT_RECORDED,1.1,0.05,LT_sample_yaml,63.7,4.6,18.9,,33471428.571428567,28571428.571428567,4900000.0,0.14639351259069572,,,8.493527957129293,,,1.12,0.090000238412,1.1200002706660002,,,3.384257712945423e-12,9.283326269369886e-12,LT_regular_rotation,-13.7,,7.9,0.56
little_things_12,DDO_52,16,-1.6228489501800443,-0.24380980901084115,-0.6245436237921095,14.751087152987344,16.373936103167388,0.021821015537167854,0.016207506249913246,,dwarf_irregular_LT_sample,NOT_RECORDED,10.3,1.0,LT_sample_yaml,43.0,0.0,60.2,,534300000.0,200000000.0,334300000.0,0.6256784577952461,,,5.768138002435124,,,5.43,0.33999945,5.43,,,4.161684065983439e-12,2.6679490950578455e-11,LT_regular_rotation,-15.4,,7.7,0.36
little_things_12,DDO_53,13,3.9199858511888506,3.5952813162357202,2.6645390149543373,-2.7191614921936944,-6.639147343382545,0.1971580378475142,0.2967955112744141,,dwarf_irregular_LT_sample,NOT_RECORDED,3.6,0.05,LT_sample_yaml,27.0,0.0,28.6,,95945945.94594595,25945945.945945945,70000000.0,0.7295774647887324,,,12.54954655582111,,,1.45,0.22000001884,1.5599991478800002,,,8.77323225825497e-12,1.78891774785198e-11,LT_regular_rotation,-13.8,,7.6,0.37
little_things_12,DDO_70,24,-3.8166542791780866,4.196456869088365,-1.9610242065774042,11.060650213659967,14.877304492838054,0.09179172492081264,0.07063119916964568,,dwarf_irregular_LT_sample,NOT_RECORDED,1.3,0.02,LT_sample_yaml,50.0,0.0,43.9,,74470588.23529412,36470588.23529412,38000000.0,0.5102685624012638,,,5.926178299911233,,,2.0,0.080000456238,2.0000004752460003,,,4.5341637772885065e-12,2.46004127313543e-11,LT_regular_rotation,-14.1,,7.5,0.34
little_things_12,HARO_36,10,1.451782496347762,1.3955570543378912,0.4697037041588106,-0.2749590660141161,-1.726741562361878,0.06785658873604503,0.09536241464126448,,dwarf_irregular_LT_sample,NOT_RECORDED,9.3,0.93,LT_sample_yaml,70.0,0.0,58.2,,277600000.0,166000000.0,111600000.0,0.4020172910662824,,,8.849027788629247,,,3.16,0.320000225192,3.1599995086079997,,,1.014809752290578e-11,2.294920451233036e-11,LT_regular_rotation,-15.9,,8.4,0.35
little_things_12,NGC_1569,24,2.6212242104948107,2.583973651944227,1.7062925253402845,-10.255134184787037,-12.876358395281848,0.14030955778752935,0.2018527962440708,,dwarf_irregular_LT_sample,NOT_RECORDED,3.4,0.19,LT_sample_yaml,69.1,0.1,29.1,,624644897.9591837,422244897.9591837,202399999.99999997,0.3240240985898927,,,19.78630410013792,,,3.05,0.250000756773,3.1700004392579997,,,1.425474800913093e-11,2.1721273904109484e-11,LT_regular_rotation,-18.2,,8.2,0.49
little_things_12,NGC_3738,12,-1.4749559562572259,-1.489301860240106,-4.572687502624492,-15.143723083948645,-13.668767127691419,0.7005047608464076,0.6346219085822048,,dwarf_irregular_LT_sample,NOT_RECORDED,4.9,0.56,LT_sample_yaml,22.6,0.1,125.5,,463097297.2972973,337297297.2972973,125800000.0,0.2716491776872527,,,48.133397005054896,,,1.75,0.08000015622200002,1.7499995231510002,,,3.76572564169313e-11,3.563137576619995e-10,LT_regular_rotation,-17.1,,8.4,0.37
little_things_12,UGC_8508,25,-2.6571385298607346,-2.6214566709246316,-2.6794527256723604,-11.855360000244989,-9.198221470384254,0.32767143371009744,0.2935689609579647,,dwarf_irregular_LT_sample,NOT_RECORDED,2.6,0.17,LT_sample_yaml,82.5,0.1,46.0,,18022448.97959184,6122448.979591837,11900000.0,0.6602876231457365,,,1.6582043251957026,,,1.86,0.06999924,1.86,,,1.6737609722952118e-12,2.4596400360749324e-11,LT_regular_rotation,-13.6,,7.9,0.49
sparc,CamB,9,1.2889442501581119,,11.94332108667259,-12.895811093721083,-14.184755343879194,0.7159967527718891,0.7704393103022396,10.0,dwarf_irregular_T>=8,LSB,3.36,0.26,2,65.0,5.0,0.0,0.0,53460000.0,37500000.0,15960000.000000002,0.2985409652076319,66.2,7.89,5.3109598687261474,0.47,1.21,1.21,0.16,1.79,0.34042553191489366,3.808510638297873,5.0153888545088644e-12,4.278188748654278e-12,2,,,,
sparc,D512-2,4,0.9755459560597073,,0.38530323339224154,2.7848920384865714,1.8093460824268641,0.033821457670118654,0.05075251649217405,10.0,dwarf_irregular_T>=8,LSB,15.2,4.56,1,56.0,10.0,0.0,0.0,270230000.0,162500000.0,107730000.0,0.39866040039965955,93.94,9.22,5.86389439858788,1.24,2.37,0.0,0.96,3.83,0.7741935483870968,3.088709677419355,3.643526291687123e-12,1.6637519467773e-11,2,,,,
sparc,D564-8,6,1.2751178122219704,,3.100857512932971,-2.2710725611013656,-3.546190373323336,0.25664931617390696,0.32268821154350225,10.0,dwarf_irregular_T>=8,LSB,8.79,0.28,2,63.0,7.0,0.0,0.0,55070000.00000001,16500000.0,38570000.00000001,0.7003813328491012,21.13,10.11,1.859895111050659,0.61,0.72,0.0,0.51,3.07,0.8360655737704918,5.032786885245901,1.5411206863645179e-12,7.268083003498487e-12,2,,,,
sparc,D631-7,16,2.00449972962191,,4.750056906728711,-3.7079161917475356,-5.712415921369446,0.24554908250795263,0.28172702836112784,10.0,dwarf_irregular_T>=8,HSB,7.72,0.18,2,59.0,3.0,57.7,2.7,483700000.0,98000000.0,385700000.0,0.7973950795947902,115.04,20.93,2.9782999481024595,0.7,1.22,0.0,0.45,7.19,0.6428571428571429,10.271428571428572,4.657991856116736e-12,1.7884581181258296e-11,1,,,,
sparc,DDO064,14,-1.0110743646797289,,-0.906299665868395,9.62016542809251,10.63123979277224,0.01357454065038399,0.013376164570110993,10.0,dwarf_irregular_T>=8,HSB,6.8,2.04,1,60.0,5.0,46.1,3.9,359130000.0,78500000.0,280630000.0,0.7814162002617436,151.65,17.41,12.872689228546546,0.69,1.2,3.49,0.1,2.98,0.1449275362318841,4.3188405797101455,6.450358375033209e-12,2.66804625324187e-11,1,,,,
sparc,DDO154,12,4.577348510128605,,2.451013939687867,10.470536042289737,5.893187532161132,0.0743623406414033,0.1115493493143094,10.0,dwarf_irregular_T>=8,LSB,4.04,0.2,2,64.0,3.0,47.0,1.0,392250000.00000006,26500000.0,365750000.00000006,0.9324410452517528,71.26,19.99,3.5626213492852883,0.37,0.65,4.96,0.49,5.92,1.3243243243243243,16.0,3.2810499654990334e-12,1.6993566703655374e-11,2,,,,
sparc,DDO161,31,1.5266643209693687,,3.527887688640502,-6.752031946707223,-8.278696267676592,0.26502997725339245,0.276647874375569,10.0,dwarf_irregular_T>=8,HSB,7.5,2.25,1,70.0,10.0,66.3,1.9,2106740000.0,274000000.0,1832740000.0,0.8699412362227897,169.37,20.74,3.751442151988758,1.22,2.04,10.69,0.6,13.37,0.4918032786885246,10.959016393442623,5.456740567845898e-12,1.4840106005266873e-11,1,,,,
sparc,DDO168,10,1.9305553579920134,,2.568957073500694,1.816798323976156,-0.11375703401585735,0.15686586892993126,0.19030326043931473,10.0,dwarf_irregular_T>=8,LSB,4.25,0.21,2,63.0,6.0,53.4,1.9,644790000.0,95500000.0,549290000.0,0.8518897625583524,92.22,18.23,12.091327617615137,1.02,1.29,4.3,0.41,4.12,0.40196078431372545,4.03921568627451,9.240040538266623e-12,2.615977559633994e-11,2,,,,
sparc,DDO170,8,0.15420708398939986,,0.254883269741337,-0.2995269909157021,-0.453734074905102,0.2029927955579367,0.20660622406124712,10.0,dwarf_irregular_T>=8,LSB,15.4,4.62,1,66.0,7.0,60.0,1.6,1249050000.0,271500000.0,977550000.0,0.7826348024498619,73.93,9.39,2.615193317440722,1.95,3.03,9.14,1.87,12.33,0.958974358974359,6.323076923076923,3.873791885668273e-12,1.3737058059215833e-11,2,,,,
sparc,ESO079-G014,15,0.1123385845921625,,0.054969529689546895,10.132594986683674,10.020256402091512,0.08598762111491254,0.08686262180910516,4.0,spiral_T<8,HSB,28.7,7.17,1,79.0,5.0,175.0,3.5,30042700000.0,25866500000.0,4176200000.0000005,0.1390088107926385,2295.25,157.34,34.412631874298576,5.08,7.23,17.67,0.41,16.67,0.08070866141732283,3.2814960629921264,2.7385771566110388e-11,7.718217012170508e-11,1,,,,
sparc,ESO116-G012,15,-0.5634280540603633,,-0.4027068695267651,10.304105891973752,10.867533946034115,0.0994675175910918,0.09735592577489947,7.0,spiral_T<8,HSB,13.0,3.9,1,74.0,3.0,109.1,3.1,3586390000.0,2146000000.0,1440390000.0,0.4016267054057144,1320.78,90.54,11.742317317811276,1.51,2.75,9.58,0.25,9.86,0.16556291390728478,6.52980132450331,1.9459719434127788e-11,6.247285377242149e-11,1,,,,
sparc,ESO444-G084,7,-1.499155947338334,,-3.1286177245853084,-2.2433830566552064,-0.7442271093168724,0.25919732742088464,0.20715228987931084,10.0,dwarf_irregular_T>=8,LSB,4.83,0.48,2,32.0,6.0,0.0,0.0,215050000.00000003,35500000.0,179550000.00000003,0.8349221111369449,66.81,19.81,3.4723511192184175,0.46,0.75,2.95,0.26,4.44,0.5652173913043478,9.652173913043478,6.929801980493937e-12,4.699129969694329e-11,2,,,,
sparc,ESO563-G021,30,0.3633572125372666,,0.4243938064346361,2.899752814179089,2.5363956016418223,0.18231494343343144,0.18344578271685796,4.0,spiral_T<8,HSB,60.8,9.1,1,83.0,3.0,314.6,11.7,187904840000.0,155588500000.0,32316339999.999996,0.17198247793936547,6558.89,429.37,33.25458627356532,5.45,10.59,55.71,0.45,42.41,0.08256880733944955,7.7816513761467885,7.269110473963741e-11,1.4230918704487843e-10,1,,,,
sparc,F563-1,17,-0.14759286548200512,,-0.3022042108192542,-2.727824542823701,-2.580231677341696,0.2120696774578236,0.20882196157030766,9.0,dwarf_irregular_T>=8,LSB,48.9,9.8,1,25.0,5.0,109.9,12.5,5207500000.0,951500000.0,4256000000.0,0.8172827652424388,41.77,14.22,4.102865603084305,3.52,4.61,23.47,1.07,20.1,0.30397727272727276,5.710227272727273,3.662097156797387e-12,3.104537913488205e-11,1,,,,
sparc,F563-V2,10,-0.43496994697948566,,-1.0050979623088483,-5.535081854754596,-5.10011190777511,0.30752749119047856,0.2926874177415339,10.0,dwarf_irregular_T>=8,HSB,59.7,11.9,1,29.0,10.0,116.6,9.4,4377770000.0,1493000000.0,2884770000.0,0.658958784952156,146.16,23.6,12.71187766601819,2.43,4.49,11.37,0.28,10.47,0.11522633744855967,4.308641975308642,8.572196798227534e-12,5.3236403944153735e-11,1,,,,
sparc,F565-V2,7,-0.0422959220297745,,0.007151194876509781,3.222536290381838,3.2648322124116125,0.04782511742580654,0.04659287555487179,10.0,dwarf_irregular_T>=8,LSB,51.8,10.4,1,60.0,10.0,0.0,0.0,1209170000.0,279500000.0,929670000.0,0.768849706823689,40.26,6.93,4.970180334153592,2.17,3.57,7.31,1.26,8.8,0.5806451612903226,4.055299539170507,3.3947673060044998e-12,2.6486063894401244e-11,2,,,,
sparc,F568-1,12,-0.1086873860231945,,-0.42819794415914064,-5.857085251588428,-5.7483978655652335,0.3123457891613521,0.30847789483744487,5.0,spiral_T<8,LSB,90.7,9.7,1,26.0,5.0,0.0,0.0,9108340000.0,3126000000.0,5982340000.000001,0.6567980554085597,57.13,20.36,16.564169757361434,5.18,7.0,16.31,0.44,13.23,0.08494208494208495,2.5540540540540544,8.456362048811068e-12,6.453389997538705e-11,1,,,,
sparc,F568-3,18,0.8223367393397361,,0.5549031554965275,8.594783624901845,7.772446885562109,0.08659562924574415,0.0930865022453135,7.0,spiral_T<8,HSB,82.4,8.24,1,40.0,10.0,0.0,0.0,8422350000.0,4173000000.0,4249349999.9999995,0.5045325829489393,132.08,23.81,8.29285434533009,4.99,7.47,16.14,0.64,17.98,0.1282565130260521,3.603206412825651,7.1918298739986886e-12,3.128442495731629e-11,1,,,,
sparc,F568-V1,15,-0.16070222566698256,,-0.5347819997115073,-7.527969675298895,-7.367267449631912,0.29933547199631055,0.29574845383464216,7.0,spiral_T<8,LSB,80.6,8.06,1,40.0,10.0,112.3,15.8,5225530000.0,1912500000.0,3313030000.0000005,0.6340084163711625,90.54,31.39,5.351503922566578,2.85,4.4,14.38,0.39,17.63,0.1368421052631579,6.185964912280701,6.132480946117899e-12,5.88747979236355e-11,1,,,,
sparc,F571-8,13,0.5519351492989317,,1.3435507687345978,-5.476971052307192,-6.028906201606124,0.2903441301853188,0.30050622011309003,5.0,spiral_T<8,LSB,53.3,10.7,1,85.0,5.0,139.7,4.3,7452060000.0,5082000000.0,2370060000.0,0.3180409175449473,87.26,825.71,9.809924919861372,3.56,1.4,24.55,0.22,15.55,0.06179775280898876,4.367977528089888,2.925300533948482e-11,6.6412469352068e-11,1,,,,
sparc,F571-V1,7,0.06801813534816148,,0.0598662901342861,8.136346607436796,8.068328472088634,0.014462382255449978,0.014499013125823029,7.0,spiral_T<8,LSB,80.1,8.0,1,30.0,10.0,83.6,3.5,2543110000.0,924500000.0,1618610000.0,0.6364687331652976,64.39,15.3,4.383049339144535,2.47,4.38,10.1,1.95,13.59,0.7894736842105262,5.502024291497976,4.957769983253679e-12,2.2692956830021304e-11,2,,,,
sparc,F574-1,14,0.1480081030121987,,0.20721107391879195,7.9475644313504406,7.799556328338242,0.10288687755466513,0.10172262599757642,7.0,spiral_T<8,HSB,96.8,9.68,1,65.0,10.0,97.8,4.1,7955420000.000001,3268500000.0,4686920000.000001,0.5891480273825895,128.48,29.98,15.950420979744598,4.46,5.87,16.19,0.47,12.6,0.10538116591928251,2.8251121076233185,6.269120203328014e-12,3.750574692700688e-11,1,,,,
sparc,F579-V1,14,-1.1447226920248736,,-1.8972594360278277,-3.1313805511749133,-1.9866578591500397,0.23201987622376893,0.21367010959123459,5.0,spiral_T<8,HSB,89.5,8.95,1,26.0,10.0,112.1,13.4,8909850000.0,5924000000.0,2985850000.0,0.33511787516063685,201.76,56.6,12.340197695185598,3.37,5.76,20.96,0.42,15.16,0.12462908011869435,4.498516320474778,1.328753854894081e-11,6.190313087229626e-11,1,,,,
sparc,F583-1,25,-0.21972291367853103,,-0.2628597898975048,1.500440990511728,1.720163904190259,0.14913400082544476,0.14552979227904905,9.0,dwarf_irregular_T>=8,LSB,35.4,8.85,1,63.0,5.0,85.8,3.6,3320580000.0,493000000.0,2827580000.0,0.8515319612838721,60.93,11.19,3.9978177564461093,2.36,3.74,15.65,0.26,16.26,0.11016949152542374,6.889830508474577,2.8162164975483593e-12,2.641895372976345e-11,1,,,,
sparc,F583-4,12,0.046168832050753394,,-0.060990756999504014,12.346561520598106,12.300392688547353,0.01545259236614248,0.015902203872861308,5.0,spiral_T<8,LSB,53.3,10.7,1,55.0,10.0,0.0,0.0,1710030000.0,857500000.0,852530000.0,0.49854680912030785,83.34,24.94,10.242330845208924,1.93,3.31,7.8,0.22,7.29,0.11398963730569948,3.77720207253886,5.614592011147965e-12,2.3776870520081697e-11,1,,,,
sparc,IC2574,34,1.7334454529507788,,5.093284192323537,-5.234764331893841,-6.968209784844619,0.250596788940949,0.26454937780027066,9.0,dwarf_irregular_T>=8,LSB,3.91,0.2,2,75.0,7.0,66.4,2.0,1885880000.0000002,508000000.0,1377880000.0000002,0.7306297325386557,80.32,15.88,5.7360498195108525,2.78,3.18,10.81,0.85,10.23,0.3057553956834532,3.679856115107914,3.0355058565152157e-12,1.1482052511246638e-11,2,,,,
sparc,IC4202,32,0.31232526217089385,,0.5664864485608923,0.4493776740560764,0.13705241188518258,0.20601865748485437,0.20830962427635746,4.0,spiral_T<8,HSB,100.4,10.0,1,90.0,1.0,242.6,11.0,106268080000.0,89874500000.0,16393580000.0,0.15426626697311177,8888.53,391.59,50.42587386856184,4.78,8.55,32.13,0.77,25.9,0.16108786610878661,5.418410041841003,8.13696186104749e-11,1.3559226473857983e-10,1,,,,
sparc,KK98-251,15,2.7578918967628336,,8.157378599563417,-6.567598702434331,-9.325490599197165,0.301629409602928,0.3618674093745748,10.0,dwarf_irregular_T>=8,LSB,6.8,2.04,1,59.0,5.0,33.7,1.6,195450000.0,42500000.0,152950000.0,0.7825530826298286,52.1,7.89,6.350342175037195,1.34,1.28,2.9,0.25,3.13,0.18656716417910446,2.335820895522388,4.682928686778793e-12,1.1001056782253858e-11,2,,,,
sparc,NGC0024,29,-2.6389744613312587,,-7.191257116539997,-7.275735547295358,-4.6367610859641,0.2711170049551892,0.24570710437291665,5.0,spiral_T<8,HSB,7.3,0.36,2,64.0,3.0,106.3,7.9,2843580000.0,1944500000.0,899080000.0000001,0.3161789012442063,1182.58,151.65,7.126359811912833,1.34,2.01,7.29,0.21,11.27,0.15671641791044774,8.410447761194028,3.6819738347892726e-11,1.5417680485074111e-10,1,,,,
sparc,NGC0055,21,0.6344518449521894,,1.03647931640238,2.625181301703923,1.9907294567517337,0.18498213791326595,0.19071514651132923,9.0,dwarf_irregular_T>=8,HSB,2.11,0.11,2,77.0,3.0,85.6,5.0,4395450000.0,2314000000.0,2081450000.0000002,0.47354650832110484,391.59,54.55,7.676900901105859,6.11,3.67,10.24,1.23,13.5,0.2013093289689034,2.20949263502455,1.0371158811523906e-11,2.5602824951284742e-11,2,,,,
sparc,NGC0100,21,3.114909191696853,,1.3040119645206092,23.43739875299336,20.322489561296507,0.009799997567818028,0.011836543853629077,6.0,spiral_T<8,HSB,13.5,4.05,1,89.0,1.0,88.1,6.4,4262700000.0,1616000000.0,2646700000.0,0.620897553193985,1193.52,64.99,14.661714288878036,1.66,2.81,16.36,0.23,9.62,0.13855421686746988,5.795180722891566,1.00412528153103e-11,3.350229244537872e-11,1,,,,
sparc,NGC0247,26,-2.8280015762300152,,-0.5091540470744448,29.854134687122034,32.68213626335205,0.06002756628601434,0.05098075915663303,7.0,spiral_T<8,HSB,3.7,0.19,2,74.0,3.0,104.9,8.0,5988180000.0,3666000000.0,2322180000.0,0.3877939540895564,506.79,33.79,9.016046868989458,3.74,5.87,12.79,1.08,14.54,0.2887700534759358,3.887700534759358,8.463811823092069e-12,3.262989814693561e-11,2,,,,
sparc,NGC0289,28,-0.03584728295908235,,-0.007579311213773421,19.927147504607515,19.962994787566597,0.0949113251735909,0.09485563980828189,4.0,spiral_T<8,LSB,20.8,5.2,1,46.0,5.0,163.0,8.0,72566270000.0,36032500000.0,36533770000.00001,0.5034538774006161,69.96,1587.93,4.566688951483445,6.74,2.69,49.51,1.5,71.12,0.22255192878338279,10.55192878338279,9.347756166574432e-12,3.1877682296228205e-11,2,,,,
sparc,NGC0300,25,-0.09401227325291117,,0.09836677043369746,25.383510414713538,25.47752268796645,0.05668511872701134,0.055445785878965564,7.0,spiral_T<8,HSB,2.08,0.1,2,42.0,10.0,93.3,7.0,2705880000.0,1461000000.0,1244880000.0000002,0.46006474788238955,437.35,147.51,6.185782496602956,1.75,1.77,9.2,0.91,11.8,0.52,6.742857142857143,7.757837725496724e-12,3.765807505719365e-11,2,,,,
sparc,NGC0801,13,0.029181717569277232,,0.02958170345714095,5.920884389383661,5.891702671814384,0.13103068310689864,0.13128909769687439,5.0,spiral_T<8,HSB,80.7,8.07,1,80.0,1.0,220.1,6.2,187142330000.0,156285000000.0,30857330000.0,0.1648869606357899,1558.94,818.14,16.646745586829976,8.72,7.76,44.99,1.17,59.82,0.13417431192660548,6.860091743119265,5.705558403118012e-11,9.295436347202323e-11,1,,,,
sparc,NGC0891,18,0.05398354037914466,,0.04431170828714648,13.294606977697988,13.240623437318844,0.0978003044275879,0.09811372407965442,3.0,spiral_T<8,HSB,9.91,0.5,2,90.0,1.0,216.1,5.7,75104460000.0,69170000000.0,5934460000.0,0.07901607973747497,5067.92,1617.45,81.66121477692239,2.55,3.68,18.16,0.92,17.11,0.36078431372549025,6.709803921568628,1.3130557655134107e-10,1.7986292506311242e-10,1,,,,
sparc,NGC1003,36,0.8438387958003162,,0.36641507432957315,45.554421594057196,44.71058279825688,0.05466280030377,0.05556176023621577,6.0,spiral_T<8,HSB,11.4,3.42,1,67.0,5.0,109.8,4.2,11230400000.0,3410000000.0,7820400000.0,0.6963598803248326,1345.33,140.87,3.9091449902088873,1.61,2.76,33.33,1.25,30.24,0.7763975155279502,18.782608695652172,4.273555056942915e-12,2.1114754814360195e-11,1,,,,
sparc,NGC1090,24,0.7235250002763038,,0.5297207498854111,18.897193894437116,18.173668894160812,0.08574542104587048,0.08707877397602914,4.0,spiral_T<8,HSB,37.0,9.25,1,64.0,3.0,164.4,3.7,47703890000.0,36022500000.0,11681390000.0,0.24487290239852558,2055.09,283.68,16.771022698409777,3.53,6.36,30.49,0.35,30.09,0.09915014164305949,8.524079320113314,2.8059904600570875e-11,5.2967722526995265e-11,1,,,,
sparc,NGC2403,73,-11.879717429788926,,-3.180047184286996,86.10223858508543,97.98195601487436,0.06671691143962102,0.05684619292128056,6.0,spiral_T<8,HSB,3.16,0.16,2,63.0,3.0,131.2,4.9,9275170000.0,5020500000.0,4254670000.0,0.4587161205670624,1408.74,341.06,6.778398659360716,1.39,2.16,15.11,0.16,20.87,0.11510791366906475,15.014388489208635,4.8799381340193886e-11,1.0363382298314097e-10,1,,,,
sparc,NGC2683,11,-0.04529335793923295,,0.010218963005121706,14.079169657901236,14.124463015840469,0.025111587495156348,0.024768052520974065,3.0,spiral_T<8,HSB,9.81,0.49,2,80.0,5.0,154.0,8.1,42077480000.0,40207500000.0,1869980000.0,0.04444134962454976,10205.4,1139.8,11.174953443277303,2.18,3.34,13.79,2.89,34.62,1.3256880733944953,15.880733944954127,2.22246725269465e-11,6.64415900893431e-11,2,,,,
sparc,NGC2841,50,-0.027400442947806525,,-0.13432915419099978,10.199351521887458,10.226751964835264,0.1858019072400547,0.1856991789758883,3.0,spiral_T<8,HSB,14.1,1.4,3,76.0,10.0,284.8,8.6,107061250000.0,94060500000.0,13000750000.000002,0.12143282466812223,4751.49,983.63,8.414379493573204,3.64,5.51,45.12,3.44,63.64,0.945054945054945,17.483516483516482,9.794051603080727e-11,2.5223797099272236e-10,1,,,,
sparc,NGC2903,34,0.8988097236929669,,0.2854515667849251,20.52161606410076,19.62280634040779,0.0326477066324842,0.03363321589065774,4.0,spiral_T<8,HSB,6.6,1.98,1,66.0,3.0,184.6,5.6,44325660000.0,40931500000.0,3394160000.0000005,0.07657325350598278,1193.52,632.16,22.64728660347165,2.33,4.54,13.76,0.32,24.96,0.13733905579399142,10.71244635193133,7.719389346502337e-11,1.4396318040416633e-10,1,,,,
sparc,NGC2915,30,0.015692557942509566,,-0.517805819818856,-8.348929729129551,-8.364622287072061,0.2663312419444474,0.26435724073677885,11.0,dwarf_irregular_T>=8,HSB,4.06,0.2,2,56.0,4.0,83.5,6.3,996140000.0,320500000.0,675640000.0,0.6782580761740318,313.93,347.4,3.145596994721525,0.55,0.53,7.16,0.34,10.04,0.6181818181818182,18.25454545454545,3.3185184446751894e-12,3.9527289763547615e-11,2,,,,
sparc,NGC2955,24,-0.20177714600812635,,-0.009256515946266641,28.368893298779657,28.570670444787783,0.06011326748160023,0.05942554229199546,3.0,spiral_T<8,LSB,97.9,9.8,1,56.0,7.0,0.0,0.0,198213170000.0,159711000000.0,38502170000.00001,0.19424627536101666,50.68,974.61,50.26206527524417,18.76,7.22,40.34,0.75,35.43,0.039978678038379525,1.8885927505330489,2.0826125319706467e-10,2.3181270035612496e-10,1,,,,
sparc,NGC2976,27,17.032577944046224,,5.067644713747934,38.32946155478639,21.296883610740167,0.006273751396806502,0.028944288027355825,5.0,spiral_T<8,HSB,3.58,0.18,2,61.0,10.0,85.4,3.3,1914260000.0,1685500000.0,228760000.0,0.11950309780280631,1502.55,308.2,118.24950663241731,1.01,1.31,3.04,0.11,2.27,0.10891089108910891,2.2475247524752477,4.7062561545695046e-11,7.92778634401892e-11,2,,,,
sparc,NGC2998,13,-1.3966473517163063,,-1.4955346524979607,-0.971019989586319,0.4256273621299873,0.16471535140872545,0.140578118789254,5.0,spiral_T<8,HSB,68.1,10.2,1,58.0,2.0,209.9,8.1,106640830000.0,75451000000.0,31189830000.0,0.292475499299846,774.16,479.55,18.989069614206958,6.2,7.06,43.58,0.33,42.28,0.05322580645161291,6.819354838709677,6.15821479015829e-11,1.1873178267151532e-10,1,,,,
sparc,NGC3109,25,3.401346394995171,,2.18777633000569,19.34463364151851,15.943287246523338,0.08740534440865935,0.09929684557944662,9.0,dwarf_irregular_T>=8,HSB,1.33,0.07,2,70.0,5.0,66.2,2.6,731410000.0,97000000.0,634410000.0,0.8673794451812253,140.87,11.4,5.59617892803765,1.56,1.64,6.0,0.26,6.45,0.16666666666666666,4.134615384615385,2.8199430114475144e-12,2.4022700024987688e-11,1,,,,
sparc,NGC3198,43,0.4214064011916392,,0.4278230940599993,60.08512513021426,59.66371872902262,0.04024338098795694,0.040150724906658344,5.0,spiral_T<8,HSB,13.8,1.4,3,73.0,3.0,150.1,3.9,33595270000.0,19139500000.0,14455770000.000002,0.430291823819246,1602.62,178.99,5.503577562539792,3.14,5.84,35.66,0.32,44.08,0.1019108280254777,14.038216560509554,4.436924348545353e-11,7.852436897786435e-11,1,,,,
sparc,NGC3521,41,-1.0670578007099394,,-0.03480782697909046,63.234255541813276,64.30131334252322,0.01949124538174518,0.01687648699314316,4.0,spiral_T<8,HSB,7.7,2.3,1,75.0,5.0,213.7,15.9,47942820000.0,42418000000.0,5524820000.0,0.1152376935691309,2112.66,2232.7,48.49159530157506,2.4,2.45,18.85,0.51,17.74,0.21250000000000002,7.391666666666667,3.2657873494534355e-10,3.934962417747878e-10,1,,,,
sparc,NGC3726,12,0.034536168312458315,,0.033775282453095246,4.7932599672331015,4.758723798920643,0.13441968504584376,0.13480471401657484,5.0,spiral_T<8,HSB,18.0,2.5,4,53.0,2.0,168.0,6.2,43726090000.0,35117000000.0,8609090000.0,0.19688680144966084,1789.91,198.08,13.161024506408568,3.4,7.52,22.2,3.5,32.52,1.0294117647058825,9.564705882352943,3.7531023412980546e-11,6.231774882841956e-11,2,,,,
sparc,NGC3741,21,1.5248095494889888,,1.1562281197718955,24.760256590479294,23.235447040990305,0.03352811426826977,0.03105471253474693,10.0,dwarf_irregular_T>=8,HSB,3.21,0.17,2,70.0,4.0,50.1,2.1,256060000.0,14000000.0,242060000.0,0.9453253143794423,143.49,42.94,1.6633965195147233,0.2,0.32,4.2,0.23,7.0,1.15,35.0,1.7321864421790967e-12,1.630034821178862e-11,1,,,,
sparc,NGC3769,12,0.20171275189180982,,0.10297031534871226,8.944131886557749,8.742419134665939,0.07138127351909301,0.07325361175059378,3.0,spiral_T<8,HSB,18.0,2.5,4,70.0,2.0,118.6,8.4,16693070000.0,9339500000.0,7353570000.0,0.44051633402363977,160.26,626.37,3.847998828964999,3.38,2.18,22.57,1.74,37.16,0.514792899408284,10.994082840236686,1.4468863843885579e-11,4.174283478501902e-11,2,,,,
sparc,NGC3877,13,0.31617705684036057,,0.296135508121141,4.217963070215509,3.9017860133751485,0.10911531341456297,0.11035881413705245,5.0,spiral_T<8,HSB,18.0,2.5,4,76.0,1.0,168.4,5.1,38239890000.0,36267500000.0,1972390000.0000002,0.05157938477333487,3410.59,598.18,94.48764799301888,2.53,4.39,11.47,0.87,11.35,0.3438735177865613,4.486166007905139,8.226902858080325e-11,1.1949926625786172e-10,2,,,,
sparc,NGC3893,10,0.12160389835728935,,0.029921225893102088,16.60264294725406,16.481039048896772,0.013654396338555013,0.01392490874544139,5.0,spiral_T<8,HSB,18.0,2.5,4,49.0,2.0,174.0,8.9,36975170000.0,29262500000.0,7712670000.000001,0.2085905216933418,2055.09,1573.37,32.43174724430477,2.38,2.43,20.84,1.74,19.05,0.73109243697479,8.004201680672269,5.399317843086535e-11,1.1617335036759518e-10,1,,,,
sparc,NGC3917,17,1.0538143703362302,,0.703764468732087,20.283380176146903,19.229565805810672,0.031325836641231494,0.030461919984203258,6.0,spiral_T<8,HSB,18.0,2.5,4,79.0,2.0,135.9,4.1,13494040000.0,10983000000.0,2511040000.0,0.18608511609569856,1226.96,112.94,19.451562889161643,2.63,5.56,14.08,0.87,14.86,0.33079847908745247,5.650190114068441,2.270172659400271e-11,6.336061092039718e-11,1,,,,
sparc,NGC3949,7,0.34541851817195557,,0.043349404352775345,9.441723831551236,9.09630531337928,0.0217659448390407,0.024534811235355256,4.0,spiral_T<8,HSB,18.0,2.5,4,55.0,2.0,163.0,7.1,23516930000.0,19033500000.0,4483430000.0,0.19064690841874343,185.71,1058.84,149.7586533471543,3.59,2.39,13.72,1.74,7.07,0.48467966573816157,1.9693593314763234,1.3927785616042502e-10,1.827962670606731e-10,2,,,,
sparc,NGC3953,8,-0.08593837319947895,,0.004776114035658252,11.870289507511222,11.956227880710701,0.03051843609282807,0.029864761070953066,4.0,spiral_T<8,HSB,18.0,2.5,4,62.0,1.0,220.8,6.1,74417060000.0,70650500000.0,3766560000.0,0.0506142005610004,1999.08,587.26,96.34529679500535,4.89,6.17,17.38,3.5,15.68,0.7157464212678937,3.206543967280164,1.0355143458544978e-10,1.7006355681372692e-10,1,,,,
sparc,NGC3972,10,0.038412263228055465,,0.16503883469107694,10.347305091516123,10.308892828288068,0.04402554822289644,0.04126973285895383,4.0,spiral_T<8,HSB,18.0,2.5,4,77.0,1.0,132.7,2.9,8791120000.0,7176500000.0,1614620000.0,0.18366488001528816,1587.93,164.75,36.801147928257905,2.18,3.73,10.05,0.87,8.72,0.39908256880733944,4.0,3.324877547281479e-11,8.1733161427341e-11,1,,,,
sparc,NGC3992,9,-0.001646473393829062,,0.010180576897789284,7.586886329709247,7.588532803103076,0.08369712529160808,0.083680817667422,4.0,spiral_T<8,HSB,23.7,2.3,5,56.0,2.0,241.0,5.2,135542670000.0,113466000000.0,22076670000.0,0.1628761629086988,3257.09,360.44,20.371965640445378,4.96,9.99,32.75,9.19,46.02,1.8528225806451613,9.278225806451614,2.8439825303004404e-11,8.207461967918403e-11,1,,,,
sparc,NGC4010,12,0.6132656456784353,,0.2093063686323391,9.799797226546962,9.186531580868527,0.04046258434990675,0.04669858534598368,7.0,spiral_T<8,HSB,18.0,2.5,4,89.0,1.0,125.8,4.7,12363060000.0,8596500000.0,3766560000.0,0.3046624379401216,2611.14,14.75,35.899032223630485,2.81,6.63,17.59,0.87,10.47,0.3096085409252669,3.725978647686833,2.808772365771969e-11,6.256095652384366e-11,2,,,,
sparc,NGC4013,36,0.012854413489023386,,0.056681493055194876,50.66749136734002,50.654636953850996,0.047342324802862414,0.04737016840212881,3.0,spiral_T<8,HSB,18.0,2.5,4,89.0,1.0,172.9,7.1,43493110000.0,39547000000.0,3946110000.0000005,0.0907295431391317,10205.4,746.16,14.396836020668752,3.53,4.11,31.35,5.49,31.01,1.5552407932011334,8.784702549575071,2.0503043748618545e-11,4.9004851264189934e-11,2,,,,
sparc,NGC4051,7,0.042656871567929855,,0.03662791161098833,2.817530831684173,2.7748739601162433,0.12045651756445191,0.12114028650622945,4.0,spiral_T<8,HSB,18.0,2.5,4,49.0,3.0,157.0,5.5,51221010000.0,47634000000.0,3587010000.0000005,0.07003005212119012,1320.78,319.76,109.72127709488205,4.65,6.87,15.13,1.74,12.19,0.37419354838709673,2.6215053763440856,7.426423557226329e-11,1.1885952694810277e-10,2,,,,
sparc,NGC4068,6,1.121985217553549,,2.4530273270338494,-3.7525616466456597,-4.874546864199209,0.2895636428328171,0.3480009723017713,10.0,dwarf_irregular_T>=8,HSB,4.37,0.22,2,44.0,6.0,0.0,0.0,322820000.0,118000000.0,204820000.0,0.634471222353014,261.11,30.26,18.92773811598138,0.59,1.11,3.18,0.21,2.33,0.3559322033898305,3.9491525423728815,8.95021109844663e-12,1.7857127696446545e-11,2,,,,
sparc,NGC4085,7,0.3781376432605643,,0.486174038655098,-0.7905942524812104,-1.1687318957417747,0.18117762651750083,0.1939238864648314,5.0,spiral_T<8,HSB,18.0,2.5,4,82.0,2.0,131.5,4.8,12656170000.0,10862000000.0,1794170000.0,0.1417624763257763,5021.46,856.7,104.80187388716718,1.65,2.0,10.16,0.87,6.2,0.5272727272727273,3.757575757575758,1.0330188389563007e-10,1.1890326087129728e-10,2,,,,
sparc,NGC4088,12,0.05966584893926408,,0.07551829171928548,0.8656991373493352,0.8060332884100712,0.18726896220370237,0.1880728459546969,4.0,spiral_T<8,HSB,18.0,2.5,4,69.0,2.0,171.7,6.9,64583580000.0,53643000000.0,10940580000.000002,0.16940188202636028,3988.69,457.96,44.555742813768425,2.58,6.1,22.25,1.74,21.48,0.6744186046511628,8.325581395348838,8.043319891012877e-11,8.983347138354192e-11,1,,,,
sparc,NGC4100,24,-0.1868255413661224,,-0.011233854171446733,29.83530160806936,30.022127149435484,0.054641893547696115,0.05416799443720163,4.0,spiral_T<8,HSB,18.0,2.5,4,73.0,2.0,158.2,5.0,33822660000.0,29697000000.0,4125660000.0,0.12197917017762648,8970.78,388.0,20.783245694804677,2.15,4.93,18.06,2.61,22.76,1.213953488372093,10.586046511627908,3.295699098845295e-11,8.975282424606373e-11,1,,,,
sparc,NGC4138,7,-0.017145615280218074,,0.009436731810950727,7.426394283568222,7.4435398988484405,0.033412202869699745,0.03306098377900457,0.0,spiral_T<8,HSB,18.0,2.5,4,53.0,3.0,147.3,5.9,24027890000.0,22055500000.0,1972390000.0000002,0.08208752412300874,3952.12,1909.11,22.15513205959115,1.51,1.91,18.58,2.61,18.58,1.728476821192053,12.304635761589402,3.285229574739564e-11,7.986010485650507e-11,2,,,,
sparc,NGC4157,17,0.11573942715497054,,0.08555811093877597,13.797121051746679,13.681381624591708,0.08312529414902244,0.08352917943018592,3.0,spiral_T<8,HSB,18.0,2.5,4,82.0,3.0,184.7,7.2,63750580000.0,52810000000.0,10940580000.000002,0.17161537981301506,23813.87,848.85,23.145014267944887,2.32,4.44,24.09,1.74,29.61,0.75,12.76293103448276,3.885589772305591e-11,6.997437731085996e-11,1,,,,
sparc,NGC4183,23,-0.5723489941768314,,-0.24133286646790086,23.071783057138216,23.644132051315047,0.061658310708898545,0.06025915275452155,6.0,spiral_T<8,HSB,18.0,2.5,4,82.0,2.0,110.6,5.4,10081980000.0,5419000000.0,4662980000.0,0.46250637275614515,1098.58,86.46,7.263242352458612,2.79,4.47,16.07,0.87,21.02,0.3118279569892473,7.534050179211469,1.3072648069040244e-11,3.813719352936392e-11,1,,,,
sparc,NGC4214,14,-1.4974108755252304,,-3.1730817177735497,-3.0049281902799425,-1.507517314754712,0.24462798755432205,0.21697874805727793,10.0,dwarf_irregular_T>=8,HSB,2.87,0.14,2,15.0,10.0,80.1,5.8,1216880000.0,570500000.0,646380000.0000001,0.531178094799816,1308.67,363.77,12.220278143898339,0.51,0.7,5.84,0.21,5.63,0.4117647058823529,11.03921568627451,1.3084327226602011e-11,7.147290239257611e-11,2,,,,
sparc,NGC4217,19,0.10670266943982121,,0.24119999267915604,-6.195506329259839,-6.30220899869966,0.2839281575590108,0.2855832874584449,3.0,spiral_T<8,HSB,18.0,2.5,4,86.0,2.0,181.3,7.2,46056960000.0,42649500000.0,3407460000.0,0.0739836063865266,4373.51,483.98,52.441227648932745,2.94,5.28,16.7,0.87,16.72,0.29591836734693877,5.687074829931973,1.1192206538332043e-10,1.2315298881064571e-10,1,,,,
sparc,NGC4559,32,0.3993517643057025,,0.3491798775343929,19.431813446802394,19.03246168249669,0.11246776157510757,0.11342833622065474,6.0,spiral_T<8,HSB,9.0,2.7,1,67.0,1.0,121.2,5.1,17417130000.0,9688500000.0,7728630000.000001,0.4437372862233905,1602.62,211.27,12.607525631453171,2.1,3.82,21.16,0.67,20.97,0.3190476190476191,9.985714285714284,1.8172463780242682e-11,4.358037188201799e-11,1,,,,
sparc,NGC5005,18,0.12753523105391906,,0.04012392590442937,26.51277719202028,26.38524196096636,0.009055504803966942,0.009212366891179205,4.0,spiral_T<8,LSB,16.9,1.5,5,68.0,2.0,262.2,20.7,91062400000.0,89360000000.0,1702400000.0000002,0.018694872966229754,96.57,1789.91,220.3242922450578,9.45,3.97,10.41,0.49,11.47,0.05185185185185186,1.2137566137566138,3.936165032063209e-10,4.6325314366857223e-10,1,,,,
sparc,NGC5033,22,0.06541650285797473,,0.04900187309747861,30.8219070806378,30.756490577779825,0.04798268897381678,0.04808777276503074,5.0,spiral_T<8,HSB,15.7,4.7,1,66.0,1.0,194.2,3.6,70302120000.0,55254500000.0,15047620000.0,0.21404219389116572,614.94,2036.24,11.254950886995168,5.16,2.94,29.53,0.76,44.59,0.14728682170542634,8.641472868217054,2.4906788183677224e-11,7.595662325693611e-11,1,,,,
sparc,NGC5055,28,0.1046537984941125,,0.09247302330259399,19.20546107878514,19.10080728029103,0.11002475491626107,0.11038117981665256,4.0,spiral_T<8,HSB,9.9,0.3,2,55.0,6.0,179.0,4.9,92051260000.0,76461000000.0,15590260000.0,0.16936498207629097,3348.34,1383.02,9.832267287339683,3.2,4.18,35.06,0.72,54.59,0.22499999999999998,17.059375,5.365845117377201e-11,8.693096018799219e-11,1,,,,
sparc,NGC5371,19,-0.04183596610611495,,-0.06330242322322066,6.160163222071986,6.201999188178101,0.15604881607070178,0.15571403671121833,4.0,spiral_T<8,HSB,39.7,9.92,1,53.0,2.0,209.5,3.9,185065900000.0,170196500000.0,14869400000.0,0.08034651440378805,1395.82,560.83,27.55122287990295,7.44,9.8,30.03,1.45,46.24,0.19489247311827956,6.21505376344086,7.330056139584842e-11,9.318203064862286e-11,1,,,,
sparc,NGC5585,24,4.454822674304477,,3.79489584077767,14.298351036399854,9.843528362095377,0.11154651019172573,0.1364246910708284,7.0,spiral_T<8,HSB,7.06,2.12,1,51.0,2.0,90.3,2.4,3709890000.0000005,1471500000.0,2238390000.0000005,0.6033575119477936,297.05,90.54,9.830826959134605,1.53,2.27,10.92,0.09,10.96,0.058823529411764705,7.163398692810458,1.829928667456688e-11,4.2247610511824395e-11,1,,,,
sparc,NGC5907,19,-0.03482602533999213,,0.012320543172338105,19.096780346877534,19.131606372217526,0.07658406687360696,0.07643659417288406,5.0,spiral_T<8,HSB,17.3,0.9,2,88.0,2.0,215.0,2.9,115675750000.0,87712500000.0,27963250000.0,0.24173822084576932,8646.29,449.6,14.53578834164004,5.34,7.88,0.0,5.03,50.33,0.9419475655430712,9.425093632958802,2.1993687329283417e-11,6.139801543271386e-11,1,,,,
sparc,NGC5985,33,-0.026965210180025068,,-0.2976095533286711,-6.669937458800417,-6.642972248620392,0.2750212460677211,0.27479558745436433,3.0,spiral_T<8,HSB,39.7,9.9,1,60.0,2.0,293.6,8.6,119773380000.0,104364000000.0,15409380000.0,0.12865446395517935,1461.61,288.95,31.626490325872208,7.01,10.71,39.5,3.54,34.72,0.5049928673323824,4.9529243937232525,5.6013276710763737e-11,1.7910485847980377e-10,1,,,,
sparc,NGC6015,44,-2.20313859215873,,-1.108628753090714,36.36283294935184,38.56597154151057,0.09738243262613452,0.09250715626877816,6.0,spiral_T<8,HSB,17.0,5.1,1,60.0,2.0,154.1,7.0,23823720000.0,16064499999.999998,7759220000.0,0.32569304877659744,1926.77,331.76,8.875688926809314,2.3,3.92,21.43,0.34,29.23,0.14782608695652177,12.708695652173914,2.4500898013689404e-11,6.365033334300169e-11,2,,,,
sparc,NGC6195,23,0.02991252206685502,,0.03697189742230522,17.058913408005765,17.02900088593891,0.10036568273484586,0.10048015460077878,3.0,spiral_T<8,HSB,127.8,12.8,1,62.0,5.0,251.7,9.3,223344310000.0,195538000000.0,27806310000.0,0.12449974660200656,174.11,686.8,53.56815363258169,13.94,9.52,40.89,1.33,36.43,0.09540889526542325,2.6133428981348636,1.3136245501710467e-10,1.5764001365388817e-10,1,,,,
sparc,NGC6503,31,0.5278512205666459,,-0.1235811631669812,66.54178955139659,66.01393833082994,0.018577745636507582,0.019351032672581193,6.0,spiral_T<8,HSB,6.26,0.31,2,74.0,2.0,116.3,2.4,8742020000.0,6422500000.0,2319520000.0000005,0.2653299809426197,398.87,774.16,5.038789300527699,2.16,1.62,14.05,0.76,23.5,0.35185185185185186,10.87962962962963,8.376762563881368e-12,3.723152708434269e-11,1,,,,
sparc,NGC6674,15,-0.005533171488755428,,0.00812966462984617,10.003416326616897,10.008949498105652,0.10201332005117011,0.10198686383025753,3.0,spiral_T<8,HSB,51.2,10.2,1,54.0,6.0,241.3,4.9,150106450000.0,107327000000.0,42779450000.00001,0.28499408253276265,1370.35,560.83,9.112811489391937,6.04,7.75,50.02,2.5,72.41,0.4139072847682119,11.988410596026489,1.4145391267498065e-11,5.0597973422292664e-11,1,,,,
sparc,NGC6789,4,-1.2814986531726156,,-5.280547425521292,-4.590809542484921,-3.3093108893123055,0.4912428852894292,0.3735493459642891,11.0,dwarf_irregular_T>=8,HSB,3.52,0.18,2,43.0,7.0,0.0,0.0,72610000.0,50000000.0,22610000.0,0.3113896157554056,319.76,59.27,45.84899987265432,0.31,0.52,0.97,0.1,0.71,0.32258064516129037,2.290322580645161,1.8951020608043172e-11,1.1758014315589988e-10,2,,,,
sparc,NGC6946,58,0.6787275100242738,,0.24873287422261614,67.01859382306272,66.33986631303844,0.0616152699235267,0.0625888005176612,6.0,spiral_T<8,HSB,5.52,1.66,2,38.0,2.0,158.9,10.9,40627600000.0,33086500000.0,7541100000.0,0.1856151975504337,2232.7,571.26,31.074987341216296,2.44,4.2,21.25,0.19,20.4,0.0778688524590164,8.360655737704917,5.552179623272472e-11,9.214738657058326e-11,1,,,,
sparc,NGC7331,36,0.057649289608939114,,0.06611040211751329,37.850345384030135,37.792696094421196,0.07547333535376835,0.0755868785970011,3.0,spiral_T<8,HSB,14.7,1.5,3,75.0,2.0,239.0,5.4,140034610000.0,125315500000.0,14719110000.0,0.10511051517906894,1806.47,2470.76,33.809053735684444,5.02,3.99,27.01,2.67,36.31,0.5318725099601594,7.2330677290836665,6.54640318788671e-11,1.0041934497753171e-10,1,,,,
sparc,NGC7793,46,-3.3732475383776546,,-0.9294584912562059,48.81121182983961,52.18445936821726,0.0096229411548081,0.008941252397564084,7.0,spiral_T<8,HSB,3.61,0.18,2,47.0,9.0,0.0,0.0,4670130000.0,3525000000.0,1145130000.0,0.24520302432694593,1068.64,233.79,24.00101633700599,1.21,2.19,7.35,0.11,7.87,0.09090909090909091,6.5041322314049586,6.776065496367103e-11,1.1449264155082327e-10,1,,,,
sparc,NGC7814,18,-0.0014405571302660292,,0.016576933628090984,14.209175383993003,14.210615941123269,0.0962657293332104,0.09625186907660145,2.0,spiral_T<8,HSB,14.4,0.66,2,90.0,1.0,218.9,7.0,38687600000.0,37264500000.0,1423100000.0000002,0.036784396033871326,2635.3,2709.13,32.286236943817244,2.54,2.08,12.15,0.63,19.53,0.24803149606299213,7.6889763779527565,6.845065820935012e-11,1.5779373579158814e-10,1,,,,
sparc,UGC00128,22,-0.03444599489438005,,0.0093908381263067,17.118983851473438,17.153429846367818,0.09343118487804224,0.09324245065556934,8.0,dwarf_irregular_T>=8,LSB,64.5,9.7,1,57.0,10.0,129.3,2.8,15893230000.000002,6010000000.0,9883230000.000002,0.621851568246354,88.89,20.36,1.7510774628076782,5.95,9.63,31.27,1.25,53.75,0.21008403361344538,9.033613445378151,3.518831898367923e-12,1.9926070438101796e-11,1,,,,
sparc,UGC00191,9,-1.9785296198852835,,-1.0584641106938197,4.038508741187921,6.0170383610732046,0.11703282700707093,0.08884946476713032,9.0,dwarf_irregular_T>=8,HSB,17.1,5.1,1,45.0,5.0,0.0,0.0,2788190000.0,1002000000.0,1786190000.0000002,0.640627073477776,207.41,50.21,8.910691538977588,1.58,2.5,10.03,0.62,9.98,0.3924050632911392,6.3164556962025316,1.2591791803030949e-11,4.673046923477672e-11,1,,,,
sparc,UGC00634,4,0.011721237970592213,,0.009982050810505072,6.588009181589728,6.5762879436191355,0.029231469305769513,0.02924266892136284,9.0,dwarf_irregular_T>=8,HSB,30.9,7.7,1,37.0,8.0,0.0,0.0,6366290000.0,1494500000.0,4871790000.0,0.7652478916291906,126.13,26.11,6.247541067205876,2.45,4.26,16.78,4.51,18.01,1.8408163265306121,7.351020408163265,6.0062678835762324e-12,3.115638425875047e-11,2,,,,
sparc,UGC00731,12,-0.9655926463869435,,-2.3843583916810447,-2.2351337963242344,-1.2695411499372908,0.24449642525699647,0.22492816957428843,10.0,dwarf_irregular_T>=8,LSB,12.5,3.75,1,57.0,3.0,73.3,2.3,2564810000.0,161500000.0,2403310000.0,0.9370323727683532,82.57,25.63,6.8589213738860675,2.3,1.4,11.57,0.91,10.91,0.3956521739130435,4.743478260869566,2.9801496475101575e-12,2.4226995431769746e-11,1,,,,
sparc,UGC00891,5,0.5510575568681013,,0.4517113315380389,1.1197981897736855,0.5687406329055842,0.12657987085448544,0.14309014793166655,9.0,dwarf_irregular_T>=8,HSB,10.2,3.1,1,60.0,5.0,0.0,0.0,756240000.0,187000000.0,569240000.0,0.7527240029620227,113.98,19.09,4.407790001256679,1.43,1.76,6.23,1.48,7.39,1.034965034965035,5.1678321678321675,5.142605490311984e-12,1.9739414792497852e-11,2,,,,
sparc,UGC01230,11,0.06355728149565065,,0.06153735491392903,0.6653533232256166,0.6017960417299659,0.15386814747714825,0.15345674711044205,9.0,dwarf_irregular_T>=8,LSB,53.7,10.7,1,22.0,10.0,103.7,6.1,12361900000.0,3810000000.0,8551900000.0,0.6917949506143878,69.32,28.63,2.94712303797909,4.34,6.45,26.29,0.78,36.54,0.17972350230414746,8.419354838709678,7.511499528240411e-12,2.9015598144603242e-11,1,,,,
sparc,UGC01281,23,1.342237296019018,,1.0937023430786756,24.195531883175192,22.853294587156174,0.008858387124459598,0.008905908279334851,8.0,dwarf_irregular_T>=8,HSB,5.27,0.24,2,90.0,1.0,55.2,3.5,567520000.0,176500000.0,391020000.0,0.6889977445728784,135.78,13.83,7.254879563014803,1.63,2.01,5.26,0.38,4.99,0.23312883435582823,3.0613496932515343,4.145944041784108e-12,2.2313396728465254e-11,1,,,,
sparc,UGC02023,5,0.4333481591621541,,0.37434329222989843,-0.6242796693276379,-1.057627828489792,0.05925392289637676,0.06686194848761141,10.0,dwarf_irregular_T>=8,HSB,10.4,3.1,1,19.0,10.0,0.0,0.0,1288410000.0,654000000.0,634410000.0,0.4923976063520153,121.57,27.59,28.70255875101885,1.55,2.73,6.5,0.76,3.78,0.49032258064516127,2.4387096774193546,9.623150769921903e-12,2.0183630520902493e-11,2,,,,
sparc,UGC02259,8,-0.6196559962146551,,-1.5565283326168369,-1.8921916795190994,-1.2725356833044443,0.24843395405097352,0.22960283603460804,8.0,dwarf_irregular_T>=8,HSB,10.5,3.1,1,41.0,3.0,86.2,2.9,1519520000.0,862500000.0,657020000.0,0.43238654311887964,172.52,47.08,7.2997458217978,1.62,2.4,7.28,1.02,8.14,0.6296296296296297,5.0246913580246915,8.982324283589667e-12,4.959761591103309e-11,2,,,,
sparc,UGC02487,17,-0.0004482280724906751,,-0.024740479542206373,2.543623017068759,2.5440712451412497,0.18396952032774772,0.1839646781531781,0.0,spiral_T<8,HSB,69.1,10.4,1,36.0,5.0,332.0,3.5,268868290000.0,244977500000.0,23890790000.000004,0.08885685255036957,1150.35,818.14,13.246273221037226,7.89,9.63,40.2,9.93,80.38,1.258555133079848,10.187579214195184,2.6850066527467924e-11,1.0684008279030123e-10,1,,,,
sparc,UGC02885,19,-0.11160357460199677,,0.006980950092015159,24.00215110070573,24.113754675307728,0.053594040269645656,0.053176852479310165,5.0,spiral_T<8,HSB,80.6,8.06,1,64.0,4.0,289.5,12.0,255062250000.0,201762500000.0,53299750000.00001,0.20896761476855163,470.79,421.53,14.798293086061696,11.4,12.2,74.24,1.7,74.07,0.14912280701754385,6.497368421052631,2.390837550690099e-11,6.566465832019926e-11,1,,,,
sparc,UGC02916,43,0.03586812180265042,,0.017679363316309205,34.02069796134251,33.98482983953986,0.09185919348930953,0.09216899028671185,2.0,spiral_T<8,HSB,65.4,9.8,1,50.0,5.0,182.7,6.9,93029590000.0,62076500000.0,30953090000.0,0.3327230615549311,520.99,2425.66,20.507090169407697,6.15,2.8,34.24,0.37,38.0,0.060162601626016256,6.178861788617886,1.5279510516908693e-10,2.027131565014422e-10,2,,,,
sparc,UGC02953,115,-0.2707600865009141,,-0.09429250581482318,90.8972062182481,91.16796630474902,0.09288486851423716,0.0927484244321399,2.0,spiral_T<8,HSB,16.5,4.95,1,50.0,4.0,264.9,6.0,139970740000.0,129758999999.99998,10211740000.0,0.07295624785580186,4215.31,1544.65,11.446096806856671,3.55,5.03,24.0,0.09,62.39,0.02535211267605634,17.574647887323945,2.9925065415173455e-10,4.769355125813223e-10,2,,,,
sparc,UGC03205,48,-0.23307171552880845,,-0.10151361293606359,38.89080141495776,39.123873130486565,0.09543310207450224,0.09501071794126796,2.0,spiral_T<8,HSB,50.0,10.0,1,67.0,4.0,219.6,8.6,69691410000.0,56821000000.0,12870410000.0,0.1846771359626674,3915.89,587.26,13.836977698305622,3.19,5.35,28.6,0.28,40.04,0.08777429467084641,12.551724137931034,1.1874017392060307e-10,2.1031532237344431e-10,1,,,,
sparc,UGC03546,30,0.30439548007336015,,0.09638957028216738,34.0914880723622,33.78709259228884,0.035495703883198414,0.03626815319562372,1.0,spiral_T<8,HSB,28.7,7.2,1,55.0,5.0,196.9,7.4,54225750000.0,50668000000.0,3557750000.0,0.0656099731216258,922.21,2403.42,20.20217198753722,3.79,2.58,18.37,0.63,29.23,0.1662269129287599,7.712401055408971,2.621834466134422e-10,2.685106101925727e-10,1,,,,
sparc,UGC03580,47,1.2850770169863042,,3.3628989724284004,-2.2287482768737092,-3.5138252938600134,0.2299522258785175,0.23686848426499935,1.0,spiral_T<8,HSB,20.7,5.2,1,63.0,4.0,126.2,3.2,12445100000.0,6633000000.0,5812100000.0,0.4670191480984484,302.57,614.94,5.409946040560674,2.43,1.84,19.97,0.11,27.06,0.04526748971193415,11.1358024691358,9.461351053486697e-11,9.844851110126054e-11,2,,,,
sparc,UGC04278,25,0.39962439295916674,,0.383054663444841,11.045038141502227,10.64541374854306,0.11292707749888183,0.1135796655706297,7.0,spiral_T<8,HSB,9.51,2.85,1,90.0,3.0,91.4,4.8,2137780000.0000002,653500000.0,1484280000.0000002,0.6943090495747926,377.42,34.11,15.2041064455121,2.21,2.46,8.9,0.14,6.69,0.06334841628959277,3.0271493212669687,5.6457585195523496e-12,3.1037850673209733e-11,1,,,,
sparc,UGC04325,8,-0.7660914113154296,,-2.4367235552249085,-2.99148541350483,-2.2253940021894003,0.28567318701713734,0.259393183083197,9.0,dwarf_irregular_T>=8,HSB,9.6,2.88,1,41.0,3.0,90.9,2.7,1914740000.0,1012999999.9999999,901740000.0000001,0.47094644703719574,213.22,41.0,19.504567364785423,1.86,2.79,6.61,0.7,5.59,0.3763440860215053,3.005376344086021,1.4001438679912533e-11,7.717555120575666e-11,1,,,,
sparc,UGC04483,8,4.40319213990721,,4.1932379732205325,3.0860728948773524,-1.3171192450298572,0.09569030669287804,0.19694368571352627,10.0,dwarf_irregular_T>=8,LSB,3.34,0.31,2,58.0,3.0,0.0,0.0,49060000.0,6500000.0,42560000.0,0.8675091724419078,82.57,29.71,10.666131422837765,0.18,0.26,1.46,0.08,1.21,0.4444444444444445,6.722222222222222,6.423100684275769e-12,1.866034472590561e-11,2,,,,
sparc,UGC04499,9,0.8326341042188101,,0.5622900538602746,5.797866993181925,4.965232888963115,0.0875321666706773,0.09391390278504372,8.0,dwarf_irregular_T>=8,HSB,12.5,3.75,1,50.0,3.0,72.8,2.4,2239000000.0,776000000.0,1463000000.0000002,0.6534167038856633,127.3,33.79,10.651177287999046,1.73,2.69,8.67,0.91,8.18,0.5260115606936416,4.728323699421965,9.566019057371544e-12,2.963891864061451e-11,1,,,,
sparc,UGC05005,11,0.20170648685714232,,0.18226158000363235,1.4842246126516196,1.2825181257944773,0.06312627582317012,0.06421735995657475,10.0,dwarf_irregular_T>=8,LSB,53.7,10.7,1,41.0,10.0,98.9,7.2,6163690000.0,2049999999.9999998,4113690000.0,0.6674070240391713,65.59,25.63,2.3969291642590056,3.2,5.02,21.61,0.78,28.61,0.24375,8.940624999999999,5.258847787035273e-12,1.7003559187751887e-11,1,,,,
sparc,UGC05253,73,-0.06405351048837815,,0.10079346611446527,138.31732653958252,138.3813800500709,0.024556500859345756,0.024541127162601397,2.0,spiral_T<8,HSB,22.9,5.72,1,37.0,4.0,213.7,7.1,107597680000.0,85791000000.0,21806680000.000004,0.20266868207567304,189.16,1488.78,12.060396724726692,8.07,4.28,36.64,0.13,53.29,0.0161090458488228,6.603469640644361,3.6275887467733566e-10,4.249912354328064e-10,2,,,,
sparc,UGC05414,6,1.3362752077858688,,1.1160367759151457,2.168407864326658,0.8321326565407892,0.11734590949054709,0.1499553593291977,10.0,dwarf_irregular_T>=8,HSB,9.4,2.82,1,55.0,3.0,0.0,0.0,1324920000.0,561500000.0,763420000.0,0.5762008272197566,127.3,32.87,24.966412370435172,1.47,2.33,6.65,0.68,4.11,0.46258503401360546,2.795918367346939,1.0700797179454585e-11,3.014913559363434e-11,1,,,,
sparc,UGC05716,12,-1.261687327955105,,-0.5163758183149444,10.952952601889457,12.214639929844562,0.07498351719066734,0.0691438139040181,9.0,dwarf_irregular_T>=8,LSB,21.3,5.3,1,54.0,10.0,73.1,1.2,1749020000.0000002,294000000.0,1455020000.0000002,0.8319058672856801,90.54,27.59,3.638358620081662,1.14,1.84,10.64,1.03,12.37,0.9035087719298247,10.850877192982457,3.7298603062659406e-12,2.3677940321698653e-11,2,,,,
sparc,UGC05721,23,-2.0206397403928937,,-5.122570299817445,-4.1361827878715784,-2.1155430474786847,0.25240255075416274,0.23107227692046545,7.0,spiral_T<8,HSB,6.18,1.85,1,61.0,5.0,79.7,6.6,1012960000.0000001,265500000.0,747460000.0000001,0.7378968567366925,913.76,233.79,7.097781575710199,0.38,0.6,6.74,0.09,6.74,0.23684210526315788,17.736842105263158,1.6172491417194482e-11,9.803357350569204e-11,1,,,,
sparc,UGC05750,11,0.33724461079080004,,0.2971086601692525,-1.0319450341843754,-1.3691896449751755,0.08262801815154444,0.08597428897329457,8.0,dwarf_irregular_T>=8,HSB,58.7,11.7,1,64.0,10.0,0.0,0.0,3129670000.0,1668000000.0,1461670000.0,0.46703646071311034,124.98,6.87,1.9079907521564847,3.46,8.8,16.79,0.31,22.85,0.08959537572254335,6.604046242774567,3.702489385343274e-12,1.5062571633403817e-11,1,,,,
sparc,UGC05764,10,-2.352088084393987,,-7.664242281939879,-4.294540382454585,-1.9424522980605978,0.308899911555787,0.2433793023892394,10.0,dwarf_irregular_T>=8,LSB,7.47,2.24,1,60.0,10.0,0.0,0.0,259290000.0,42500000.0,216790000.0,0.8360908635118979,33.79,9.31,6.298233447437127,1.17,1.2,3.51,0.36,3.62,0.3076923076923077,3.094017094017094,4.8933057788530185e-12,4.245588734880176e-11,2,,,,
sparc,UGC05829,11,-0.16664115890355546,,-0.1478383273045458,5.092089205119123,5.258730364022679,0.0781425059147893,0.07782808212566977,10.0,dwarf_irregular_T>=8,LSB,8.64,2.59,1,34.0,10.0,0.0,0.0,1642590000.0,282000000.0,1360590000.0,0.8283199094113565,63.22,10.59,10.95022913888998,1.99,2.91,7.87,0.63,6.91,0.3165829145728643,3.472361809045226,4.495819208178302e-12,1.9839535231455077e-11,2,,,,
sparc,UGC05918,8,-0.8140700230067095,,-0.4515563303298481,5.9934784416752604,6.80754846468197,0.025627696030680887,0.022820724722698946,10.0,dwarf_irregular_T>=8,LSB,7.66,2.3,1,46.0,5.0,0.0,0.0,511510000.0,116500000.0,395010000.0,0.7722429669019178,24.94,5.36,8.185298813663595,1.66,2.63,5.9,0.56,4.46,0.3373493975903615,2.6867469879518073,2.801126662313354e-12,1.7464140388630324e-11,2,,,,
sparc,UGC05986,15,0.1363344408779268,,0.151527520966506,4.585824935777143,4.449490494899216,0.153789136760061,0.15461393568052376,9.0,dwarf_irregular_T>=8,HSB,8.63,2.59,1,90.0,3.0,113.0,4.1,5894610000.0,2347500000.0,3547110000.0,0.6017548234743265,1725.16,76.71,21.189756055723773,1.67,3.12,16.53,0.63,9.41,0.37724550898203596,5.634730538922156,2.027219807626201e-11,6.943937280057862e-11,2,,,,
sparc,UGC05999,5,0.07976418793219864,,0.048720677854184324,2.130736128544042,2.050971940611843,0.08813126747612006,0.09011413077444025,10.0,dwarf_irregular_T>=8,LSB,47.7,9.5,1,22.0,10.0,0.0,0.0,4381260000.0,1692000000.0,2689260000.0,0.6138097259692418,51.62,22.95,5.300873668096332,3.22,4.83,15.26,3.48,16.22,1.0807453416149067,5.037267080745341,5.5253638523180695e-12,2.2270826597365304e-11,2,,,,
sparc,UGC06399,9,-0.20614098298784356,,0.06784163137111418,10.161593216991102,10.367734199978946,0.021742815052639797,0.01990091128878906,9.0,dwarf_irregular_T>=8,HSB,18.0,2.5,4,75.0,2.0,85.0,3.8,2044420000.0,1148000000.0,896420000.0000001,0.43847154694240914,311.05,30.82,10.56041376951382,2.05,3.45,8.8,0.87,7.85,0.42439024390243907,3.829268292682927,8.723604526115276e-12,3.9754304290584085e-11,1,,,,
sparc,UGC06446,17,-1.34076437564487,,-1.4242504217950005,4.485143652916456,5.825908028561326,0.14985030339782418,0.13811616707400534,7.0,spiral_T<8,LSB,12.0,3.6,1,51.0,3.0,82.2,4.3,2328070000.0,494000000.0,1834070000.0,0.7878070676569003,86.46,37.05,7.094868822575526,1.49,2.06,10.33,0.58,10.22,0.38926174496644295,6.859060402684564,6.165601587109054e-12,4.0454839962214256e-11,1,,,,
sparc,UGC06614,13,0.009002339163949102,,0.01188313514331174,5.990752220805108,5.981749881641159,0.11829705921991174,0.11838734062689614,1.0,spiral_T<8,HSB,88.7,8.87,1,36.0,10.0,199.8,16.0,91286040000.0,62175000000.0,29111040000.000004,0.31889914383404083,540.54,1461.61,6.965044988495433,5.1,3.68,60.63,3.23,64.59,0.6333333333333334,12.664705882352942,4.3565369566426206e-11,6.225750873554416e-11,1,,,,
sparc,UGC06628,7,0.0851695120567193,,0.2903198177098626,-7.019363041335286,-7.104532553392005,0.4853469023393769,0.49086814931985023,9.0,dwarf_irregular_T>=8,HSB,15.1,4.53,1,20.0,10.0,41.8,6.4,3864500000.0,1869500000.0,1995000000.0,0.5162375469012809,103.0,34.74,20.80131349813835,2.82,4.14,10.47,1.1,7.69,0.39007092198581567,2.7269503546099294,9.45755438888922e-12,1.2652770093248436e-11,2,,,,
sparc,UGC06667,9,-0.5312779964609149,,-2.1118410473883165,-5.140783663175613,-4.609505666714698,0.34852305219265334,0.3290005299306717,6.0,spiral_T<8,HSB,18.0,2.5,4,89.0,1.0,83.8,3.1,1774470000.0,698500000.0,1075970000.0,0.6063613360609084,614.94,18.06,9.165992027855914,5.15,3.5,8.59,0.87,7.85,0.16893203883495145,1.524271844660194,3.69178280222836e-12,3.8051963905209286e-11,1,,,,
sparc,UGC06786,45,-0.12150973978671331,,-0.14854261666627266,18.856316957586507,18.97782669737322,0.14432237483169014,0.143969300509878,0.0,spiral_T<8,HSB,29.3,7.32,1,64.0,3.0,219.4,7.8,43393400000.0,36703500000.0,6689900000.000001,0.15416860628574855,1078.52,992.73,11.913505633399707,3.6,3.42,20.31,0.16,34.05,0.044444444444444446,9.458333333333332,1.3279379785426437e-10,2.590516925017353e-10,1,,,,
sparc,UGC06787,71,0.018982963818032772,,0.03368080003930138,42.89030177016931,42.871318806351276,0.12458460380161133,0.12461010834587817,2.0,spiral_T<8,HSB,21.3,5.32,1,66.0,3.0,248.1,4.8,55817900000.0,49128000000.0,6689900000.000001,0.11985223378163637,429.37,1891.6,12.846098977517332,5.37,2.88,26.44,0.12,37.19,0.022346368715083796,6.925512104283054,1.6122382696285934e-10,2.706748720686848e-10,2,,,,
sparc,UGC06818,8,0.5437832424997491,,0.776362805419493,-1.9082850732071983,-2.4520683157069474,0.20373181136444374,0.22303450297903835,9.0,dwarf_irregular_T>=8,HSB,18.0,2.5,4,75.0,3.0,71.2,4.0,2229070000.0,794000000.0,1435070000.0,0.6437976375797978,286.31,56.08,14.563407073745337,1.39,2.12,6.96,0.87,6.98,0.6258992805755396,5.02158273381295,8.148599517992236e-12,2.2788830050980297e-11,2,,,,
sparc,UGC06917,11,-0.12555732512324447,,0.006917711585760045,14.320870373313117,14.446427698436361,0.03531311725825823,0.03397751213134294,9.0,dwarf_irregular_T>=8,HSB,18.0,2.5,4,56.0,2.0,108.7,3.5,6106590000.0,3416000000.0,2690590000.0000005,0.4406043307312265,261.11,53.07,17.731910318844985,2.76,4.52,12.67,1.74,10.47,0.6304347826086957,3.793478260869566,1.3283869972914116e-11,5.304057756864754e-11,1,,,,
sparc,UGC06923,6,0.7418015623798908,,0.33639177659528363,6.444161408832525,5.702359846452635,0.016629064318234694,0.018812264503096213,10.0,dwarf_irregular_T>=8,HSB,18.0,2.5,4,65.0,2.0,79.6,2.5,2520970000.0,1445000000.0,1075970000.0,0.4268079350408771,347.4,166.28,30.138275711073206,1.44,1.66,6.75,0.93,5.16,0.6458333333333334,3.5833333333333335,2.1111305003874827e-11,5.103955160444038e-11,2,,,,
sparc,UGC06930,10,-0.016645665057476222,,0.02741856135423537,10.175252346012803,10.191898011070279,0.031005460050720884,0.0305859481423664,7.0,spiral_T<8,HSB,18.0,2.5,4,32.0,5.0,107.2,5.1,8771210000.0,4466000000.0,4305210000.000001,0.49083421785591735,189.16,73.93,10.119763693103668,3.94,4.38,16.76,1.74,16.61,0.4416243654822335,4.215736040609137,1.1155590722819382e-11,3.743316714824346e-11,1,,,,
sparc,UGC06983,17,-0.1880497389078819,,-0.06795571804714506,12.168283707002942,12.356333445910824,0.09328166043077427,0.09177343485065129,6.0,spiral_T<8,HSB,18.0,2.5,4,49.0,1.0,109.0,5.8,6595110000.0,2649000000.0,3946110000.0000005,0.5983387691789827,121.57,53.56,8.538469946887282,3.21,3.95,16.07,1.74,15.68,0.5420560747663551,4.8847352024922115,8.865910281886272e-12,4.334913948632921e-11,1,,,,
sparc,UGC07089,12,0.5380749407996617,,0.715588853140841,0.660259062553687,0.12218412175402538,0.1771417410501054,0.1848886557123964,8.0,dwarf_irregular_T>=8,HSB,18.0,2.5,4,80.0,3.0,0.0,0.0,3407120000.0,1792500000.0,1614620000.0,0.47389584164925214,520.99,37.4,12.925477911063348,2.26,3.9,9.29,0.87,9.16,0.3849557522123894,4.053097345132744,8.725123351759088e-12,2.383031467786005e-11,2,,,,
sparc,UGC07125,13,0.12523445136889855,,0.4704496218075085,-7.105301228098398,-7.230535679467296,0.35927262754964384,0.3626155518631282,9.0,dwarf_irregular_T>=8,HSB,19.8,5.9,1,90.0,3.0,65.2,2.1,7512569999.999999,1356000000.0,6156569999.999999,0.8195025137868931,103.0,28.11,6.853066012177826,3.38,3.92,23.04,1.44,18.68,0.4260355029585799,5.5266272189349115,4.462189336677237e-12,1.2160156217758879e-11,1,,,,
sparc,UGC07151,11,0.7498271764059368,,0.47694187259758647,12.501320492065972,11.751493315660035,0.05083470802685363,0.04797426107544021,6.0,spiral_T<8,HSB,6.87,0.34,2,90.0,3.0,73.5,2.8,1961280000.0,1142000000.0,819280000.0,0.417727198564203,965.67,76.71,20.637845076844464,1.25,2.17,6.39,0.5,5.5,0.4,4.4,1.6553670515152265e-11,4.382657193294463e-11,1,,,,
sparc,UGC07232,4,-1.1430637716625223,,-0.20994387434652534,0.8242977215333969,1.9673614931959191,0.10846260901744449,0.05309627605406988,10.0,dwarf_irregular_T>=8,HSB,2.83,0.17,2,59.0,5.0,0.0,0.0,117680000.0,56500000.0,61180000.00000001,0.5198844323589396,227.42,83.34,55.70896401860274,0.29,0.46,1.54,0.21,0.82,0.7241379310344828,2.8275862068965516,2.157335323745086e-11,5.951197781278182e-11,2,,,,
sparc,UGC07261,7,-1.2519716768466864,,-0.48359950322284284,7.369088465601994,8.62106014244868,0.016631340368929735,0.014097816355321358,8.0,dwarf_irregular_T>=8,HSB,13.1,3.93,1,30.0,10.0,74.7,3.4,2722540000.0,876500000.0,1846040000.0,0.678057989965253,566.02,39.16,19.479272302322993,1.2,2.66,10.1,0.95,6.67,0.7916666666666666,5.558333333333334,1.1755083929604884e-11,4.120433963977641e-11,2,,,,
sparc,UGC07323,10,1.3974142454610448,,0.8817816252597438,5.955322757371611,4.557908511910567,0.085444640863524,0.10255791231502392,8.0,dwarf_irregular_T>=8,HSB,8.0,2.4,1,47.0,3.0,0.0,0.0,3014760000.0,2054500000.0,960260000.0,0.3185195504783134,283.68,61.49,28.3306737187635,2.26,3.26,7.14,0.58,5.82,0.25663716814159293,2.5752212389380533,1.6367525963823505e-11,3.8939299566504736e-11,1,,,,
sparc,UGC07399,10,-0.44672179642186904,,-2.7139145765028165,-5.929550372312576,-5.482828575890707,0.36777633061320214,0.35171142847282005,8.0,dwarf_irregular_T>=8,HSB,8.43,2.53,1,55.0,3.0,103.0,3.3,1568850000.0,578000000.0,990850000.0,0.6315772699748223,135.78,113.98,13.2895599407998,1.64,1.27,7.85,0.61,6.13,0.3719512195121951,3.7378048780487805,1.0282051044764807e-11,8.420619771615405e-11,1,,,,
sparc,UGC07524,31,1.1084826673131651,,0.8827755548465281,32.148138330591784,31.03965566327862,0.06543969891174746,0.06579383793081661,9.0,dwarf_irregular_T>=8,HSB,4.74,0.24,2,46.0,3.0,79.5,3.6,3584070000.0,1218000000.0,2366070000.0,0.6601628874436046,106.86,29.71,9.983232834991208,3.46,3.61,12.11,0.35,10.69,0.10115606936416184,3.0895953757225434,5.832362105594402e-12,2.6827359741280032e-11,1,,,,
sparc,UGC07559,7,1.3299314390536945,,2.547184339819785,-2.790882961349866,-4.12081440040356,0.24897902718262202,0.3069264778022206,10.0,dwarf_irregular_T>=8,LSB,4.97,0.25,2,61.0,3.0,0.0,0.0,279270000.0,54500000.0,224770000.00000003,0.80484835463888,55.06,17.9,13.887797327648803,0.58,0.98,3.76,0.36,2.53,0.6206896551724138,4.362068965517241,4.999035912242932e-12,1.3742104475869826e-11,2,,,,
sparc,UGC07577,9,1.1006768751169815,,3.97532073199553,-10.470943689249435,-11.571620564366416,0.5508814413787844,0.6137363929849637,10.0,dwarf_irregular_T>=8,LSB,2.59,0.13,2,63.0,3.0,0.0,0.0,81020000.0,22500000.0,58520000.0,0.722290792396939,54.55,11.94,9.029609249889962,0.9,0.77,2.07,0.19,1.69,0.2111111111111111,1.8777777777777778,3.3179249601698246e-12,3.947200221792397e-12,2,,,,
sparc,UGC07603,12,-0.4041943195981412,,-0.2596839531714009,4.804785321749157,5.208979641347298,0.13116080338082475,0.12305680053779461,7.0,spiral_T<8,HSB,4.7,1.41,1,78.0,3.0,61.6,2.8,531140000.0,188000000.0,343140000.0,0.6460443574198893,520.99,81.81,10.0086497799361,0.53,0.85,4.37,0.34,4.11,0.6415094339622641,7.754716981132075,1.0702313148962035e-11,4.6105821065919775e-11,1,,,,
sparc,UGC07608,8,-0.5870888081931456,,-0.31640278570888714,1.3039876546163496,1.8910764628094952,0.0787757572944735,0.06297744905006214,10.0,dwarf_irregular_T>=8,LSB,8.21,2.46,1,25.0,10.0,0.0,0.0,843550000.0000001,132000000.0,711550000.0000001,0.8435184636358248,46.65,16.48,11.75182089294378,1.5,1.6,6.73,0.6,4.78,0.39999999999999997,3.186666666666667,4.080574365017025e-12,3.363936888873466e-11,1,,,,
sparc,UGC07690,7,-0.5695013143037828,,-0.13762153210773453,6.4359609236125275,7.00546223791631,0.030983335022284092,0.02602633492818026,10.0,dwarf_irregular_T>=8,HSB,8.11,2.43,1,41.0,5.0,57.4,3.2,947700000.0,429000000.0,518700000.00000006,0.5473251028806585,395.21,184.01,17.685645054868026,0.57,0.86,5.5,0.59,4.13,1.0350877192982457,7.24561403508772,1.7176456371801425e-11,4.747796587498527e-11,2,,,,
sparc,UGC07866,7,1.6521772967146342,,1.3840484469029488,0.5787136821081886,-1.0734636146064456,0.08629811952707689,0.14697247636737212,10.0,dwarf_irregular_T>=8,LSB,4.57,0.23,2,44.0,5.0,0.0,0.0,218940000.0,62000000.0,156940000.0,0.71681739289303,97.46,21.92,12.947898053113692,0.61,0.95,3.3,0.33,2.32,0.5409836065573771,3.80327868852459,5.173541978512333e-12,1.5432319294237947e-11,2,,,,
sparc,UGC08286,17,-1.3745302612464267,,-2.2238969362730803,1.9383189747506124,3.312849235997039,0.1878133493988922,0.1734831971582907,6.0,spiral_T<8,HSB,6.5,0.21,2,90.0,3.0,82.4,2.3,1481360000.0,627500000.0,853860000.0000001,0.5764027650267323,1488.78,39.52,7.294552316112539,1.05,2.25,8.07,0.47,8.04,0.4476190476190476,7.657142857142856,8.558209866044925e-12,4.528656757219349e-11,1,,,,
sparc,UGC08490,30,-3.4599437227265586,,-3.18450636738787,12.918842394510781,16.37878611723734,0.1363302243712669,0.1208984327748261,9.0,dwarf_irregular_T>=8,HSB,4.65,0.53,2,50.0,3.0,78.6,3.8,1466100000.0,508499999.99999994,957600000.0,0.6531614487415592,576.54,124.98,4.529827213803349,0.67,1.14,7.8,0.34,10.15,0.5074626865671642,15.149253731343283,6.18025272301242e-12,3.826353702627998e-11,1,,,,
sparc,UGC08550,11,-3.168872334495635,,-1.1711402252499212,8.04856289644097,11.217435230936605,0.08660313660506037,0.06089038685088727,7.0,spiral_T<8,HSB,6.7,2.0,1,90.0,3.0,56.9,1.9,527540000.0,144500000.0,383040000.0,0.7260871213557266,1284.78,45.38,5.844884626218149,0.45,1.01,5.59,0.49,5.36,1.0888888888888888,11.911111111111111,4.341121525531778e-12,2.95505798113116e-11,1,,,,
sparc,UGC08699,41,-0.30066638306518456,,0.005528587112501704,49.16312000967011,49.463786392735294,0.05811562372780631,0.05745603918177299,2.0,spiral_T<8,HSB,39.3,9.82,1,73.0,9.0,182.4,6.9,30122540000.0,25151000000.0,4971540000.0,0.1650438508837568,1370.35,2191.95,14.516952987882757,3.09,1.91,19.05,0.22,25.7,0.07119741100323625,8.31715210355987,6.829027294029993e-11,1.4992677818932283e-10,2,,,,
sparc,UGC08837,8,0.8579995541030998,,3.117863553669696,-5.690819982137804,-6.548819536240904,0.37779896812464997,0.41986424116108984,10.0,dwarf_irregular_T>=8,LSB,7.21,0.36,2,80.0,5.0,0.0,0.0,676100000.0,250500000.0,425600000.00000006,0.6294926785978406,77.42,15.73,12.20007449256581,1.72,2.25,4.75,0.52,4.2,0.3023255813953489,2.4418604651162794,6.689755881425537e-12,1.3799275594228689e-11,2,,,,
sparc,UGC09037,22,0.08339430019686156,,0.14249022053651517,-1.137344910097555,-1.2207392102944166,0.2235872226730679,0.22446839211248215,6.0,spiral_T<8,HSB,83.6,8.4,1,65.0,5.0,152.3,9.6,59680740000.0,34307000000.000004,25373740000.0,0.4251579320229608,841.07,334.83,24.300208089991123,4.28,5.69,39.72,2.43,27.96,0.5677570093457944,6.5327102803738315,2.8293526845740904e-11,4.874690495358522e-11,2,,,,
sparc,UGC09133,68,-0.0294772556268299,,0.0773650883234428,96.53638487166722,96.56586212729405,0.04753880797916355,0.0475547524582792,2.0,spiral_T<8,HSB,57.1,11.4,1,53.0,6.0,226.8,4.2,185922240000.0,141463000000.0,44459240000.0,0.23912814303442126,864.63,1284.78,5.044804708881703,6.97,5.92,60.35,0.32,108.31,0.04591104734576758,15.53945480631277,1.2267682474324288e-10,2.1215899479763697e-10,1,,,,
sparc,UGC09992,5,0.23275159720572747,,0.4089703576652346,-2.7783865632699936,-3.011138160475721,0.2671193623230854,0.28748387634042877,10.0,dwarf_irregular_T>=8,LSB,10.7,3.21,1,30.0,10.0,33.6,3.3,590940000.0,168000000.0,422940000.00000006,0.7157071783937456,73.25,20.18,12.430663565628649,1.04,1.62,5.45,0.78,3.89,0.75,3.7403846153846154,6.555955237807693e-12,1.508208823164493e-11,2,,,,
sparc,UGC10310,7,-0.23303410588914453,,-0.094246689708963,5.465864590169695,5.69889869605884,0.04337059589396411,0.04097181760986427,9.0,dwarf_irregular_T>=8,HSB,15.2,4.6,1,34.0,6.0,71.4,3.9,2461180000.0,870500000.0,1590680000.0,0.6463078685833624,158.79,28.37,13.07710416838301,1.8,3.12,9.58,1.1,7.74,0.6111111111111112,4.3,8.15017043375484e-12,3.2473786945428705e-11,1,,,,
sparc,UGC11455,36,2.559401295320022,,1.1238500828319367,32.54817268581182,29.9887713904918,0.05778028810313493,0.06451044650087474,6.0,spiral_T<8,HSB,78.6,11.8,1,90.0,1.0,269.4,7.4,204896550000.0,187161000000.0,17735550000.000004,0.086558558453034,9568.2,571.26,37.09668039509103,5.93,10.06,43.44,0.62,41.93,0.1045531197301855,7.070826306913997,1.327892568484439e-10,1.7543711032762987e-10,1,,,,
sparc,UGC11557,12,0.29146116434009706,,0.5896486250785775,-10.104365255088362,-10.39582641942846,0.38583853505452403,0.3932464681709494,8.0,dwarf_irregular_T>=8,HSB,24.2,6.05,1,30.0,10.0,0.0,0.0,9515150000.0,6050500000.0,3464650000.0,0.3641193254967079,337.93,106.86,27.160510588140784,2.75,4.18,16.66,0.33,10.56,0.12000000000000001,3.8400000000000003,2.7127115932082042e-11,2.753826045639028e-11,2,,,,
sparc,UGC11820,10,-1.5388292566439192,,-1.3665509201899506,2.412754498642393,3.9515837552863124,0.1272773479894957,0.11428458025781359,9.0,dwarf_irregular_T>=8,LSB,18.1,5.43,1,45.0,10.0,0.0,0.0,3114410000.0000005,485000000.0,2629410000.0000005,0.8442722698681291,34.11,20.18,3.9610739843053397,2.08,2.74,12.99,0.26,15.82,0.125,7.605769230769231,4.58585051258064e-12,2.4116097911601666e-11,1,,,,
sparc,UGC11914,65,-0.38924378691175576,,-0.29440141210032295,40.48628754787449,40.875531334786245,0.12028003301564269,0.11951357818903614,2.0,spiral_T<8,HSB,16.9,5.1,1,31.0,5.0,288.1,10.5,76195040000.0,75014000000.0,1181040000.0,0.01550022153672995,3168.33,2425.66,250.99772956299182,2.44,3.12,9.26,0.28,9.83,0.11475409836065575,4.028688524590164,4.923727725027756e-10,7.214668546610558e-10,1,,,,
sparc,UGC12506,31,-0.7461089652928332,,-1.0397390085613252,-0.03961489182038358,0.7064940734724496,0.19449852108965823,0.19097840222779905,6.0,spiral_T<8,HSB,100.6,10.1,1,86.0,4.0,234.0,16.8,117074980000.0,69785500000.0,47289480000.0,0.4039247326798604,5608.28,144.82,14.912413792528287,7.38,12.36,59.01,0.82,49.99,0.1111111111111111,6.773712737127371,1.997078717529615e-11,7.593193064791803e-11,2,,,,
sparc,UGC12632,15,-0.3782285749048633,,-0.2081225212069105,10.952291731783891,11.330520306688754,0.08807860335593541,0.0861491219977582,9.0,dwarf_irregular_T>=8,LSB,9.77,2.93,1,46.0,3.0,71.7,2.8,2970020000.0000005,650500000.0,2319520000.0000005,0.7809779058726878,66.81,13.09,8.319459114604772,2.42,3.94,12.6,0.71,10.66,0.2933884297520661,4.404958677685951,4.308137656222258e-12,2.4435418886711224e-11,1,,,,
sparc,UGC12732,16,-1.1500113280683628,,-0.4678376974117934,14.833314808791433,15.983326136859796,0.06626192231311141,0.06178937492598074,9.0,dwarf_irregular_T>=8,HSB,13.2,4.0,1,39.0,6.0,0.0,0.0,5701300000.000001,833500000.0,4867800000.000001,0.8538052724817147,120.46,26.84,7.652134230475823,1.98,3.12,17.41,0.96,15.4,0.48484848484848486,7.777777777777778,4.499081472861948e-12,2.536105075323267e-11,1,,,,
sparc,UGCA442,8,1.5806980227101484,,0.36393750601537855,9.550459406328738,7.969761383618589,0.04270780304665576,0.05480114111598967,9.0,dwarf_irregular_T>=8,HSB,4.35,0.22,2,64.0,7.0,56.4,2.1,419790000.00000006,70000000.0,349790000.00000006,0.8332499583124896,116.1,7.6,3.3348384188508673,1.18,1.71,4.37,0.42,6.33,0.3559322033898305,5.364406779661017,4.419949615618713e-12,2.1603877711116135e-11,1,,,,
sparc,UGCA444,36,4.883989024407734,,0.8290965590602442,20.18602240746034,15.302033383052605,0.01974018281127386,0.06902516619272037,10.0,dwarf_irregular_T>=8,LSB,0.98,0.05,2,78.0,4.0,37.0,4.8,95110000.00000001,6000000.0,89110000.00000001,0.9369151508779309,22.74,11.94,4.410356808306674,0.83,0.41,2.08,0.12,2.62,0.14457831325301204,3.1566265060240966,4.307308208339188e-12,1.8258087994709458e-11,2,,,,
things_4,NGC3031,117,-0.3259342831687917,-0.33570043618402856,-0.20191197808220485,63.03812580616456,63.36406008933335,0.13598105690365656,0.13559264876602614,2.0,spiral_T<8,NOT_RECORDED,3.6,,F01,59.0,,196.9,,60297617826.243385,52767165532.74926,7530452293.494128,0.12488805636060539,,,87.62476199518463,,,,2.432,14.8,,,8.950709918452976e-11,2.234539747610225e-10,deBlok2008_massmodel_sample,,-20.73,8.41,
things_4,NGC3621,123,-6.05578557076916,-6.05578557076916,-2.8307565298719055,147.41070706816438,153.46649263893354,0.06315341276717003,0.0601240637669455,7.0,spiral_T<8,NOT_RECORDED,6.6,,F01,65.0,,156.04000000000002,,24730111414.247223,10072555694.278677,14657555719.968546,0.5927007555463016,,,11.85352071913658,,,,0.2095,25.77,,,1.23303922285123e-11,4.770908320683872e-11,deBlok2008_massmodel_sample,,-20.05,8.24,
things_4,NGC4736,82,-1.5023822085913707,-2.4644866464883215,-1.4388853502917789,58.38815346029425,59.89053566888562,0.10938049487715942,0.10717457325445696,2.0,spiral_T<8,NOT_RECORDED,4.7,,K04,41.0,,116.73999999999998,,16973996024.56901,16320361098.919765,653634925.6492443,0.038508016892612705,,,58.45558186810422,,,,0.4524,9.614,,,7.161290758852099e-11,1.506879643079164e-10,deBlok2008_massmodel_sample,,-19.8,8.31,
things_4,NGC925,96,2.95052893380824,2.95052893380824,3.994445868720387,34.11101273122669,31.160483797418447,0.13659165373808765,0.14185598829411053,7.0,spiral_T<8,NOT_RECORDED,9.2,,F01,66.0,,113.58,,15103540172.082035,7961213314.909078,7142326857.172958,0.4728909100645894,,,28.14347412553874,,,,0.4002,13.07,,,1.1963045760886778e-11,3.438589420965736e-11,deBlok2008_massmodel_sample,,-20.04,8.24,
