Galaxy,T_RAR_resid,X_A,logVflat,logSBeff,T,Inc,X_A_perp,X_A_perp_full,T_GSG_resid,A_eff,R_IPR,R95,n_rows_strictW
ESO079-G014,0.051919,1.072967,2.243038,2.196839,4,79.0,0.067226,0.118506,0.051952,439.626290,11.829514,14.906385,15
ESO116-G012,0.087852,0.580407,2.037825,1.956840,7,74.0,-0.182272,-0.177663,0.088954,45.494974,3.805457,6.566843,15
ESO563-G021,0.145826,1.226177,2.497759,2.632832,4,83.0,-0.023216,-0.021068,0.145828,890.231519,16.833582,24.386959,24
F571-8,0.097314,0.377001,2.145196,2.916828,5,85.0,-0.162095,-0.157715,0.103515,17.830037,2.382326,8.514645,10
IC4202,0.022439,0.968422,2.384891,2.592832,4,90.0,-0.108612,-0.080566,0.022469,271.639802,9.298690,19.547823,21
NGC0024,0.250772,0.392725,2.026533,2.180842,5,64.0,-0.256866,-0.227144,0.254552,19.169044,2.470161,5.794169,28
NGC0055,-0.164834,0.937871,1.932474,1.736795,9,77.0,0.259268,0.241887,-0.164829,235.989524,8.667052,12.067951,21
NGC0247,-0.027020,0.967500,2.020775,1.528788,7,74.0,0.053460,0.084750,-0.027018,270.489745,9.278985,12.771899,26
NGC0300,0.049786,0.672823,1.969882,2.168821,7,42.0,0.113130,0.066217,0.051681,69.629757,4.707849,7.884723,23
NGC0801,-0.153255,1.018359,2.342620,2.912828,5,80.0,0.146688,0.120735,-0.153255,341.875823,10.431800,36.151996,7
NGC0891,-0.033578,0.652361,2.334655,3.208831,3,90.0,-0.081531,-0.057366,-0.033400,63.368200,4.491183,10.456234,8
NGC1090,-0.082504,0.978234,2.215902,2.452829,4,64.0,0.125583,0.143129,-0.082484,284.195809,9.511169,16.269261,22
NGC2403,0.059234,0.531583,2.117934,2.532831,6,63.0,-0.123238,-0.151757,0.059470,36.334140,3.400811,6.411270,67
NGC2683,-0.055745,0.743967,2.187521,3.056829,3,80.0,0.192784,0.228213,-0.055737,96.623574,5.545831,10.531591,9
NGC2841,0.176801,1.041000,2.454540,2.992832,3,76.0,0.015375,0.017237,0.176801,379.445544,10.990053,17.453668,26
NGC2903,0.026225,0.578597,2.266232,2.800827,4,66.0,-0.212123,-0.217596,0.026657,45.117408,3.789633,8.275690,19
NGC2976,-0.057861,0.260089,1.931458,2.488833,5,61.0,-0.100682,-0.081989,-0.033196,10.407070,1.820075,2.070621,24
NGC2998,-0.025117,0.961242,2.322012,2.680834,5,58.0,0.026589,-0.016070,-0.025117,262.805602,9.146235,26.004365,9
NGC3198,-0.006937,0.916247,2.176381,2.252829,5,73.0,0.045763,0.067039,-0.006650,213.620883,8.246068,14.435081,40
NGC3521,0.061996,0.578896,2.329805,3.348830,4,75.0,-0.088016,-0.119252,0.062408,45.179483,3.792239,8.457177,5
NGC3726,-0.120327,0.961753,2.225309,2.296841,5,53.0,0.027763,0.011210,-0.120278,263.424580,9.157000,14.037054,12
NGC3769,-0.060860,0.617942,2.074085,2.796831,3,70.0,0.147591,0.196554,-0.060599,54.079652,4.148986,9.910930,8
NGC3877,-0.068717,0.925835,2.226342,2.776832,5,76.0,0.191885,0.181514,-0.068716,223.264468,8.430142,10.076995,11
NGC3893,0.029481,0.700491,2.240549,3.196831,5,49.0,0.119281,0.043138,0.029668,79.091917,5.017543,10.577616,7
NGC3917,0.012720,0.932731,2.133219,2.052848,6,79.0,0.050524,0.071522,0.012762,230.469038,8.565079,11.203161,17
NGC3953,-0.024403,1.016765,2.343999,2.768830,4,62.0,0.082252,0.063585,-0.024272,339.375630,10.393585,13.124768,5
NGC3972,0.069400,0.773581,2.122871,2.216825,4,77.0,-0.022351,0.038930,0.071077,110.742102,5.937197,7.521285,10
NGC3992,0.058673,1.242976,2.382017,2.556833,4,56.0,0.155626,0.135855,0.058683,961.837367,17.497495,23.555072,9
NGC4010,-0.038890,0.802132,2.099681,1.168792,7,89.0,-0.395487,-0.330544,-0.037913,126.303070,6.340624,9.090281,12
NGC4013,-0.033794,0.907738,2.237795,2.872832,3,89.0,0.194947,0.248378,-0.033753,205.411623,8.086071,9.025539,32
NGC4051,-0.111572,0.953774,2.195900,2.504824,4,49.0,0.156505,0.151242,-0.110506,253.920714,8.990299,11.175806,6
NGC4085,-0.071016,0.571343,2.118926,2.932829,5,82.0,0.083005,0.085114,-0.069090,43.635129,3.726861,5.062050,4
NGC4088,-0.190551,0.879045,2.234770,2.660828,4,69.0,0.082205,0.092930,-0.190342,179.986375,7.569111,10.771159,7
NGC4100,0.034613,0.888872,2.199206,2.588832,4,73.0,0.121375,0.146336,0.035772,188.319288,7.742344,11.270516,24
NGC4138,-0.011962,0.586677,2.168203,3.280831,0,53.0,0.162035,0.224142,-0.011879,46.827853,3.860799,7.453758,5
NGC4157,-0.081734,0.845357,2.266467,2.928831,3,82.0,0.108050,0.144546,-0.081669,154.121516,7.004170,10.885464,12
NGC4183,-0.061388,0.900969,2.043755,1.936815,6,82.0,0.119933,0.162557,-0.061366,199.107916,7.961031,12.265759,23
NGC4217,-0.089973,0.473182,2.258398,2.684827,3,86.0,-0.353171,-0.295750,-0.089611,27.766000,2.972910,6.338266,9
NGC4559,-0.117260,0.775861,2.083503,2.324838,6,67.0,0.091316,0.084741,-0.117219,111.910696,5.968440,9.650570,32
NGC5033,0.044682,0.535845,2.288249,3.308829,5,66.0,-0.078233,-0.141319,0.044690,37.054351,3.434351,20.027736,16
NGC5055,-0.112635,0.808521,2.252853,3.140828,4,55.0,0.183147,0.143391,-0.112634,130.074121,6.434585,13.892720,16
NGC5371,-0.173435,1.194504,2.321184,2.748831,4,53.0,0.289823,0.261691,-0.173423,769.409041,15.649617,23.030810,12
NGC5907,-0.029610,1.171193,2.332438,2.652826,5,88.0,0.207292,0.209344,-0.029599,691.093185,14.831783,24.827858,19
NGC5985,0.196591,1.268451,2.467756,2.460823,3,60.0,-0.002962,0.004385,0.196598,1081.562439,18.554569,26.992182,31
NGC6015,0.040709,0.775495,2.187803,2.520824,6,60.0,-0.001477,-0.041938,0.040989,111.722486,5.963419,11.004886,44
NGC6195,-0.118674,1.011004,2.400883,2.836830,3,62.0,0.009734,0.006206,-0.118673,330.489008,10.256604,25.867007,9
NGC6503,0.014441,0.421910,2.065580,2.888831,6,74.0,0.004487,-0.022161,0.016142,21.926539,2.641862,6.940498,24
NGC6674,0.052094,1.152125,2.382557,2.748831,3,54.0,0.144579,0.136458,0.052095,632.994000,14.194656,27.539344,13
NGC6946,-0.072064,0.745638,2.201124,2.756834,6,38.0,0.045549,-0.042586,-0.071449,97.370280,5.567219,11.322494,39
NGC7331,-0.058539,0.889876,2.378398,3.392831,3,75.0,0.160015,0.146276,-0.058528,189.191697,7.760257,19.438426,23
NGC7814,0.106516,0.338781,2.340246,3.432830,2,90.0,-0.310321,-0.273989,0.106793,14.952427,2.181629,9.313909,11
UGC02259,0.134354,0.608203,1.935507,1.672836,8,41.0,-0.102370,-0.143866,0.135120,51.707846,4.056984,6.051366,8
UGC02487,0.161122,1.343210,2.521138,2.912828,0,36.0,0.172332,0.189109,0.161122,1526.052113,22.039906,38.099954,13
UGC02885,0.027433,1.175937,2.461649,2.624828,5,64.0,-0.016297,-0.063256,0.027434,706.356479,14.994674,49.089883,16
UGC02916,-0.028546,0.574748,2.261739,3.384830,2,50.0,0.037051,0.026273,-0.028467,44.324627,3.756190,19.359348,17
UGC02953,0.095097,0.712509,2.423082,3.188830,2,50.0,-0.178000,-0.196418,0.095097,83.592557,5.158327,15.645107,38
UGC03205,0.040645,0.765907,2.341632,2.768830,2,67.0,-0.164640,-0.124165,0.040803,106.896606,5.833202,14.991118,22
UGC03546,-0.016520,0.575292,2.294246,3.380830,1,55.0,-0.018569,0.000192,-0.016179,44.435979,3.760906,13.318574,13
UGC03580,-0.082617,0.296914,2.101059,2.788833,1,63.0,-0.222010,-0.134618,-0.082517,12.330405,1.981133,9.003903,26
UGC04325,0.194870,0.550030,1.958564,1.612784,9,41.0,-0.224432,-0.290910,0.194970,39.555746,3.548378,4.604787,8
UGC05253,0.042074,0.567266,2.329805,3.172831,2,37.0,-0.173630,-0.199381,0.042283,42.823403,3.692034,23.647382,17
UGC06399,0.044045,0.684146,1.929419,1.488833,9,75.0,-0.093571,-0.099251,0.044287,73.357065,4.832213,6.354074,9
UGC06614,-0.114118,0.936695,2.300595,3.164832,1,36.0,0.241393,0.243793,-0.113863,234.714181,8.643601,20.077591,12
UGC06786,0.179923,0.478585,2.341237,2.996831,0,64.0,-0.355455,-0.281036,0.180007,28.465575,3.010129,14.302744,18
UGC06787,0.175220,0.273260,2.394627,3.276829,2,66.0,-0.532564,-0.529079,0.175237,11.057814,1.876116,16.665847,27
UGC06917,0.028310,0.820651,2.036230,1.724849,9,56.0,-0.036874,-0.096771,0.028310,137.547438,6.616850,9.319779,11
UGC06923,-0.056640,0.498215,1.900913,2.220840,10,65.0,0.075984,-0.009067,-0.055766,31.158678,3.149304,4.627979,6
UGC06930,-0.067237,0.900347,2.030195,1.868821,7,32.0,0.113457,0.061987,-0.065082,198.538443,7.949638,11.158185,10
UGC07151,-0.049291,0.518064,1.866287,1.884852,6,90.0,0.012631,0.090904,-0.049195,34.141152,3.296584,4.976416,11
UGC08699,0.063671,0.252107,2.261025,3.340831,2,73.0,-0.302888,-0.277067,0.064151,10.031472,1.786929,10.905529,27
UGC09037,-0.180288,1.015977,2.182700,2.524824,6,65.0,0.249239,0.216533,-0.180269,338.146235,10.374743,20.559464,21
UGC09133,-0.035288,0.695200,2.355643,3.108829,2,53.0,-0.115906,-0.117363,-0.035288,77.188122,4.956787,26.619039,32
UGC11455,-0.004231,1.190373,2.430398,2.756834,6,90.0,0.106008,0.067780,-0.004222,754.912388,15.501486,23.513953,14
UGC12506,0.124579,1.279339,2.369216,2.160829,6,86.0,0.046979,0.044388,0.124579,1137.176456,19.025628,35.073555,31
