project_code,legacy_id,obs_id,sci_prod_locator,pi,coIs,instrument_name,vla_configuration,obs_band,obs_start,obs_stop,proj_start,proj_stop,num_antennas,num_scans,dataproduct_type,data_rights,access_estsize,obs_release_date,cal_status,eb_id,distance_from_query,mjd_start,mjd_stop,mjd_minus_50000,date_utc
AF310,AF310,AF310_1_50366.93160_50366.97303.exp,uid://VLA/execblock/9154be4d-df9e-42dc-ae29-fac0262c6862,C. Fassnacht,,VLA,D->A,"[""X""]",1996-10-10T22:21:29.998Z,1996-10-10T23:21:09.999Z,1996-10-10T22:21:29.998Z,1997-05-26T11:54:25.001Z,0,14,visibility,PUBLIC,7643136,1998-05-26T11:54:25.001Z,Do Not Calibrate,206514,5.048531e-06,50366.931597,50366.973032,366.931597,1996-10-10
AF310,AF310,AF310_1_50368.88559_50368.90532.exp,uid://VLA/execblock/486c1bad-b35f-4ccb-a9a8-97fa7ddb4b8e,C. Fassnacht,,VLA,D->A,"[""X""]",1996-10-12T21:15:15.001Z,1996-10-12T21:43:40.002Z,1996-10-10T22:21:29.998Z,1997-05-26T11:54:25.001Z,0,7,visibility,PUBLIC,6463488,1998-05-26T11:54:25.001Z,Do Not Calibrate,213604,5.048531e-06,50368.88559,50368.905324,368.88559,1996-10-12
AF310,AF310,AF310_1_50372.10735_50372.14653.exp,uid://VLA/execblock/f14f83ea-63c7-4293-882b-1be7ab0b2e52,C. Fassnacht,,VLA,A,"[""X""]",1996-10-16T02:34:34.996Z,1996-10-16T03:31:00.001Z,1996-10-10T22:21:29.998Z,1997-05-26T11:54:25.001Z,0,15,visibility,PUBLIC,14829568,1998-05-26T11:54:25.001Z,Do Not Calibrate,202956,5.048531e-06,50372.107349,50372.146528,372.107349,1996-10-16
AF310,AF310,AF310_1_50374.95330_50374.99294.exp,uid://VLA/execblock/d185d494-f409-43bc-afa7-86323689d18c,C. Fassnacht,,VLA,A,"[""X""]",1996-10-18T22:52:44.999Z,1996-10-18T23:49:49.998Z,1996-10-10T22:21:29.998Z,1997-05-26T11:54:25.001Z,0,15,visibility,PUBLIC,15415296,1998-05-26T11:54:25.001Z,Do Not Calibrate,213722,5.048531e-06,50374.953299,50374.99294,374.953299,1996-10-18
AF310,AF310,AF310_1_50376.28142_50376.32257.exp,uid://VLA/execblock/f7171b6a-3345-4a40-a8dc-df5dfd24ec7f,C. Fassnacht,,VLA,A,"[""X""]",1996-10-20T06:45:14.999Z,1996-10-20T07:44:29.996Z,1996-10-10T22:21:29.998Z,1997-05-26T11:54:25.001Z,0,15,visibility,PUBLIC,15202304,1998-05-26T11:54:25.001Z,Do Not Calibrate,208355,5.048531e-06,50376.281424,50376.322569,376.281424,1996-10-20
AF310,AF310,AF310_1_50379.93767_50379.95839.exp,uid://VLA/execblock/d717be58-0445-402f-b162-4471d8613997,C. Fassnacht,,VLA,A,"[""X""]",1996-10-23T22:30:14.999Z,1996-10-23T23:00:04.999Z,1996-10-10T22:21:29.998Z,1997-05-26T11:54:25.001Z,0,7,visibility,PUBLIC,7827456,1998-05-26T11:54:25.001Z,Do Not Calibrate,207795,5.048531e-06,50379.937674,50379.958391,379.937674,1996-10-23
AF310,AF310,AF310_1_50382.80515_50382.84641.exp,uid://VLA/execblock/bf6514cf-250f-42b9-9dc0-6f3287611c02,C. Fassnacht,,VLA,A,"[""X""]",1996-10-26T19:19:25.003Z,1996-10-26T20:18:49.996Z,1996-10-10T22:21:29.998Z,1997-05-26T11:54:25.001Z,0,15,visibility,PUBLIC,14278656,1998-05-26T11:54:25.001Z,Do Not Calibrate,203017,5.048531e-06,50382.80515,50382.846412,382.80515,1996-10-26
AF310,AF310,AF310_1_50385.13189_50385.15255.exp,uid://VLA/execblock/ca2476cc-36cb-48af-9248-e6ce65ee9c93,C. Fassnacht,,VLA,A,"[""X""]",1996-10-29T03:09:55.002Z,1996-10-29T03:39:40Z,1996-10-10T22:21:29.998Z,1997-05-26T11:54:25.001Z,0,7,visibility,PUBLIC,7215104,1998-05-26T11:54:25.001Z,Do Not Calibrate,213974,5.048531e-06,50385.131887,50385.152546,385.131887,1996-10-29
AF310,AF310,AF310_1_50388.02066_50388.06123.exp,uid://VLA/execblock/88f5f6cd-46e5-4cde-b41f-c9d011c00772,C. Fassnacht,,VLA,A,"[""X""]",1996-11-01T00:29:44.998Z,1996-11-01T01:28:10.004Z,1996-10-10T22:21:29.998Z,1997-05-26T11:54:25.001Z,0,15,visibility,PUBLIC,15468544,1998-05-26T11:54:25.001Z,Do Not Calibrate,214061,5.048531e-06,50388.02066,50388.061227,388.02066,1996-11-01
AF310,AF310,AF310_1_50388.95573_50388.99618.exp,uid://VLA/execblock/7c2f6719-534f-4f23-a88d-a7c87d88077f,C. Fassnacht,,VLA,A,"[""X""]",1996-11-01T22:56:15.002Z,1996-11-01T23:54:30.003Z,1996-10-10T22:21:29.998Z,1997-05-26T11:54:25.001Z,0,15,visibility,PUBLIC,15947776,1998-05-26T11:54:25.001Z,Do Not Calibrate,213525,5.048531e-06,50388.955729,50388.996181,388.955729,1996-11-01
AF310,AF310,AF310_1_50390.93027_50390.97002.exp,uid://VLA/execblock/5ea6e4c6-7cac-4d05-a546-450d8e6d0eb1,C. Fassnacht,,VLA,A,"[""X""]",1996-11-03T22:19:34.999Z,1996-11-03T23:16:49.995Z,1996-10-10T22:21:29.998Z,1997-05-26T11:54:25.001Z,0,15,visibility,PUBLIC,15681536,1998-05-26T11:54:25.001Z,Do Not Calibrate,205448,5.048531e-06,50390.930266,50390.970023,390.930266,1996-11-03
AF310,AF310,AF310_1_50395.70712_50395.74861.exp,uid://VLA/execblock/60574029-9703-4d5c-a6b0-5c51515e0f6a,C. Fassnacht,,VLA,A,"[""X""]",1996-11-08T16:58:15.003Z,1996-11-08T17:57:59.999Z,1996-10-10T22:21:29.998Z,1997-05-26T11:54:25.001Z,0,15,visibility,PUBLIC,15042560,1998-05-26T11:54:25.001Z,Do Not Calibrate,211888,5.048531e-06,50395.707118,50395.748611,395.707118,1996-11-08
AF310,AF310,AF310_1_50398.69890_50398.74034.exp,uid://VLA/execblock/a130e34c-92a3-4eba-970a-2cfbf88d6a96,C. Fassnacht,,VLA,A,"[""X""]",1996-11-11T16:46:25.003Z,1996-11-11T17:46:04.995Z,1996-10-10T22:21:29.998Z,1997-05-26T11:54:25.001Z,0,15,visibility,PUBLIC,14962688,1998-05-26T11:54:25.001Z,Do Not Calibrate,203561,5.048531e-06,50398.6989,50398.740336,398.6989,1996-11-11
AF310,AF310,AF310_1_50402.85654_50402.89572.exp,uid://VLA/execblock/5c6abf74-d178-48ff-9742-eb1107ef0a53,C. Fassnacht,,VLA,A,"[""X""]",1996-11-15T20:33:25.004Z,1996-11-15T21:29:50Z,1996-10-10T22:21:29.998Z,1997-05-26T11:54:25.001Z,0,15,visibility,PUBLIC,15095808,1998-05-26T11:54:25.001Z,Do Not Calibrate,208380,5.048531e-06,50402.856539,50402.895718,402.856539,1996-11-15
AF310,AF310,AF310_1_50405.78455_50405.82512.exp,uid://VLA/execblock/9660268d-89a2-416d-a9f5-18a8ef1ce9a9,C. Fassnacht,,VLA,A,"[""X""]",1996-11-18T18:49:44.999Z,1996-11-18T19:48:09.996Z,1996-10-10T22:21:29.998Z,1997-05-26T11:54:25.001Z,0,15,visibility,PUBLIC,14155776,1998-05-26T11:54:25.001Z,Do Not Calibrate,207432,5.048531e-06,50405.784549,50405.825116,405.784549,1996-11-18
AF310,AF310,AF310_1_50410.83235_50410.87384.exp,uid://VLA/execblock/f97addb2-daf4-4639-b85b-c05f8cddc9ab,C. Fassnacht,,VLA,A,"[""X""]",1996-11-23T19:58:34.996Z,1996-11-23T20:58:20Z,1996-10-10T22:21:29.998Z,1997-05-26T11:54:25.001Z,0,15,visibility,PUBLIC,16267264,1998-05-26T11:54:25.001Z,Do Not Calibrate,213773,5.048531e-06,50410.832349,50410.873843,410.832349,1996-11-23
AF310,AF310,AF310_1_50414.98860_50415.02917.exp,uid://VLA/execblock/26586ae3-807d-4c7a-9b98-4b209d865953,C. Fassnacht,,VLA,A,"[""X""]",1996-11-27T23:43:34.996Z,1996-11-28T00:42:00.002Z,1996-10-10T22:21:29.998Z,1997-05-26T11:54:25.001Z,0,15,visibility,PUBLIC,15468544,1998-05-26T11:54:25.001Z,Do Not Calibrate,208245,5.048531e-06,50414.988599,50415.029167,414.988599,1996-11-27
AF310,AF310,AF310_1_50418.68640_50418.72731.exp,uid://VLA/execblock/031b5545-8a95-440c-b730-41b05264edfe,C. Fassnacht,,VLA,A,"[""X""]",1996-12-01T16:28:25.003Z,1996-12-01T17:27:19.998Z,1996-10-10T22:21:29.998Z,1997-05-26T11:54:25.001Z,0,15,visibility,PUBLIC,15282176,1998-05-26T11:54:25.001Z,Do Not Calibrate,209362,5.048531e-06,50418.6864,50418.727315,418.6864,1996-12-01
AF310,AF310,AF310_1_50422.71649_50422.73715.exp,uid://VLA/execblock/9552e326-c3c0-4a85-84d4-ad9df719afad,C. Fassnacht,,VLA,A,"[""X""]",1996-12-05T17:11:45.003Z,1996-12-05T17:41:30.001Z,1996-10-10T22:21:29.998Z,1997-05-26T11:54:25.001Z,0,9,visibility,PUBLIC,7161856,1998-05-26T11:54:25.001Z,Do Not Calibrate,210860,5.048531e-06,50422.716493,50422.737153,422.716493,1996-12-05
AF310,AF310,AF310_1_50424.71094_50424.73171.exp,uid://VLA/execblock/293425c9-fbac-4a50-8163-237e855e8dff,C. Fassnacht,,VLA,A,"[""X""]",1996-12-07T17:03:45Z,1996-12-07T17:33:40.003Z,1996-10-10T22:21:29.998Z,1997-05-26T11:54:25.001Z,0,7,visibility,PUBLIC,7268352,1998-05-26T11:54:25.001Z,Do Not Calibrate,209609,5.048531e-06,50424.710938,50424.731713,424.710938,1996-12-07
AF310,AF310,AF310_1_50427.78594_50427.82749.exp,uid://VLA/execblock/d3877572-aed6-4437-ae1d-2c71a5e64f2b,C. Fassnacht,,VLA,A,"[""X""]",1996-12-10T18:51:45Z,1996-12-10T19:51:34.997Z,1996-10-10T22:21:29.998Z,1997-05-26T11:54:25.001Z,0,15,visibility,PUBLIC,16240640,1998-05-26T11:54:25.001Z,Do Not Calibrate,205942,5.048531e-06,50427.785937,50427.827488,427.785937,1996-12-10
AF310,AF310,AF310_1_50432.77390_50432.83449.exp,uid://VLA/execblock/641e77bb-8519-4e6b-9f7f-f97f0008c2c9,C. Fassnacht,,VLA,A,"[""X""]",1996-12-15T18:34:25.003Z,1996-12-15T20:01:39.996Z,1996-10-10T22:21:29.998Z,1997-05-26T11:54:25.001Z,0,25,visibility,PUBLIC,23615488,1998-05-26T11:54:25.001Z,Do Not Calibrate,213627,5.048531e-06,50432.7739,50432.834491,432.7739,1996-12-15
AF310,AF310,AF310_1_50437.79942_50437.81725.exp,uid://VLA/execblock/ee3be2e3-a328-4ce8-95b0-4e2f49458295,C. Fassnacht,,VLA,A,"[""X""]",1996-12-20T19:11:10Z,1996-12-20T19:36:50.002Z,1996-10-10T22:21:29.998Z,1997-05-26T11:54:25.001Z,0,7,visibility,PUBLIC,3381248,1998-05-26T11:54:25.001Z,Do Not Calibrate,206399,5.048531e-06,50437.799421,50437.817245,437.799421,1996-12-20
AF310,AF310,AF310_1_50440.77309_50440.83351.exp,uid://VLA/execblock/9a1614b7-b2c6-4428-a882-cd6788c76031,C. Fassnacht,,VLA,A,"[""X""]",1996-12-23T18:33:15.001Z,1996-12-23T20:00:14.996Z,1996-10-10T22:21:29.998Z,1997-05-26T11:54:25.001Z,0,25,visibility,PUBLIC,23855104,1998-05-26T11:54:25.001Z,Do Not Calibrate,206586,5.048531e-06,50440.77309,50440.833507,440.77309,1996-12-23
AF310,AF310,AF310_1_50446.65087_50446.69248.exp,uid://VLA/execblock/9cc667ae-09b3-4121-9358-01869cf58306,C. Fassnacht,,VLA,A,"[""X""]",1996-12-29T15:37:15.003Z,1996-12-29T16:37:10.004Z,1996-10-10T22:21:29.998Z,1997-05-26T11:54:25.001Z,0,15,visibility,PUBLIC,14622720,1998-05-26T11:54:25.001Z,Do Not Calibrate,209296,5.048531e-06,50446.650868,50446.692477,446.650868,1996-12-29
AF310,AF310,AF310_1_50451.69936_50451.74109.exp,uid://VLA/execblock/4b5d7b1c-3dc7-4f9c-bf90-4414a3310d86,C. Fassnacht,,VLA,A,"[""X""]",1997-01-03T16:47:04.997Z,1997-01-03T17:47:10.003Z,1996-10-10T22:21:29.998Z,1997-05-26T11:54:25.001Z,0,15,visibility,PUBLIC,16134144,1998-05-26T11:54:25.001Z,Do Not Calibrate,207670,5.048531e-06,50451.699363,50451.741088,451.699363,1997-01-03
AF310,AF310,AF310_1_50455.77182_50455.83409.exp,uid://VLA/execblock/929d76ef-fcc3-4502-b72b-c569ffbc52f3,C. Fassnacht,,VLA,A,"[""X""]",1997-01-07T18:31:24.997Z,1997-01-07T20:01:04.995Z,1996-10-10T22:21:29.998Z,1997-05-26T11:54:25.001Z,0,25,visibility,PUBLIC,24467456,1998-05-26T11:54:25.001Z,Do Not Calibrate,205247,5.048531e-06,50455.771817,50455.834086,455.771817,1997-01-07
AF310,AF310,AF310_1_50459.65712_50459.69850.exp,uid://VLA/execblock/d62a0591-3f0f-4bf2-ab2a-cda1d9b79fa7,C. Fassnacht,,VLA,A,"[""X""]",1997-01-11T15:46:15.003Z,1997-01-11T16:45:50.002Z,1996-10-10T22:21:29.998Z,1997-05-26T11:54:25.001Z,0,15,visibility,PUBLIC,15894528,1998-05-26T11:54:25.001Z,Do Not Calibrate,207781,5.048531e-06,50459.657118,50459.698495,459.657118,1997-01-11
AF310,AF310,AF310_1_50464.64334_50464.68484.exp,uid://VLA/execblock/f4dd51fa-acc4-47d1-8366-51fc6a4c7e48,C. Fassnacht,,VLA,A->BnA,"[""X""]",1997-01-16T15:26:24.999Z,1997-01-16T16:26:10.003Z,1996-10-10T22:21:29.998Z,1997-05-26T11:54:25.001Z,0,15,visibility,PUBLIC,16001024,1998-05-26T11:54:25.001Z,Do Not Calibrate,203197,5.048531e-06,50464.643345,50464.684838,464.643345,1997-01-16
AF310,AF310,AF310_1_50468.61163_50468.65313.exp,uid://VLA/execblock/2c6ad793-7dff-40cc-993b-d9651d44bf1c,C. Fassnacht,,VLA,A->BnA,"[""X""]",1997-01-20T14:40:44.996Z,1997-01-20T15:40:30Z,1996-10-10T22:21:29.998Z,1997-05-26T11:54:25.001Z,0,15,visibility,PUBLIC,15788032,1998-05-26T11:54:25.001Z,Do Not Calibrate,205601,5.048531e-06,50468.611632,50468.653125,468.611632,1997-01-20
AF310,AF310,AF310_1_50474.53293_50474.57442.exp,uid://VLA/execblock/0e4806b4-5d48-4ca1-b0f1-335728a4647f,C. Fassnacht,,VLA,BnA,"[""X""]",1997-01-26T12:47:24.996Z,1997-01-26T13:47:10Z,1996-10-10T22:21:29.998Z,1997-05-26T11:54:25.001Z,0,15,visibility,PUBLIC,15575040,1998-05-26T11:54:25.001Z,Do Not Calibrate,210227,5.048531e-06,50474.532928,50474.574421,474.532928,1997-01-26
AF310,AF310,AF310_1_50478.48050_50478.52199.exp,uid://VLA/execblock/1fa9f729-1a31-41a3-b4da-8f700eac533c,C. Fassnacht,,VLA,BnA,"[""X""]",1997-01-30T11:31:55.001Z,1997-01-30T12:31:39.996Z,1996-10-10T22:21:29.998Z,1997-05-26T11:54:25.001Z,0,17,visibility,PUBLIC,14696448,1998-05-26T11:54:25.001Z,Do Not Calibrate,208404,5.048531e-06,50478.480498,50478.521991,478.480498,1997-01-30
AF310,AF310,AF310_1_50481.76568_50481.80463.exp,uid://VLA/execblock/9deb8ef1-2169-4636-b4d9-72d1cd8cf5ac,C. Fassnacht,,VLA,BnA,"[""X""]",1997-02-02T18:22:35.002Z,1997-02-02T19:18:39.997Z,1996-10-10T22:21:29.998Z,1997-05-26T11:54:25.001Z,0,16,visibility,PUBLIC,14589952,1998-05-26T11:54:25.001Z,Do Not Calibrate,202420,5.048531e-06,50481.765683,50481.80463,481.765683,1997-02-02
AF310,AF310,AF310_1_50487.70758_50487.74664.exp,uid://VLA/execblock/541a9505-83ae-4ddf-958f-6e4672c0ae3d,C. Fassnacht,,VLA,BnA,"[""X""]",1997-02-08T16:58:54.998Z,1997-02-08T17:55:09.998Z,1996-10-10T22:21:29.998Z,1997-05-26T11:54:25.001Z,0,17,visibility,PUBLIC,14856192,1998-05-26T11:54:25.001Z,Do Not Calibrate,203431,5.048531e-06,50487.707581,50487.746643,487.707581,1997-02-08
AF310,AF310,AF310_1_50492.54797_50492.58756.exp,uid://VLA/execblock/8b15b6b3-af07-45ec-b918-665d99c339e1,C. Fassnacht,,VLA,B,"[""X""]",1997-02-13T13:09:04.996Z,1997-02-13T14:06:05.002Z,1996-10-10T22:21:29.998Z,1997-05-26T11:54:25.001Z,0,17,visibility,PUBLIC,14589952,1998-05-26T11:54:25.001Z,Do Not Calibrate,209306,5.048531e-06,50492.547974,50492.587558,492.547974,1997-02-13
AF310,AF310,AF310_1_50497.63791_50497.67778.exp,uid://VLA/execblock/0496e9f5-d28c-44f1-ac0a-2bcb836e8ae2,C. Fassnacht,,VLA,B,"[""X""]",1997-02-18T15:18:35Z,1997-02-18T16:16:00.001Z,1996-10-10T22:21:29.998Z,1997-05-26T11:54:25.001Z,0,17,visibility,PUBLIC,15362048,1998-05-26T11:54:25.001Z,Do Not Calibrate,207605,5.048531e-06,50497.637905,50497.677778,497.637905,1997-02-18
AF310,AF310,AF310_1_50502.62425_50502.66412.exp,uid://VLA/execblock/26f66a9f-7151-45cb-9bb3-534238c1eb09,C. Fassnacht,,VLA,B,"[""X""]",1997-02-23T14:58:55.001Z,1997-02-23T15:56:20.002Z,1996-10-10T22:21:29.998Z,1997-05-26T11:54:25.001Z,0,17,visibility,PUBLIC,15362048,1998-05-26T11:54:25.001Z,Do Not Calibrate,209887,5.048531e-06,50502.624248,50502.66412,502.624248,1997-02-23
AF310,AF310,AF310_1_50507.61047_50507.65058.exp,uid://VLA/execblock/9a3da76b-7934-4549-b5ac-cba71ff444af,C. Fassnacht,,VLA,B,"[""X""]",1997-02-28T14:39:04.996Z,1997-02-28T15:36:49.999Z,1996-10-10T22:21:29.998Z,1997-05-26T11:54:25.001Z,0,17,visibility,PUBLIC,15468544,1998-05-26T11:54:25.001Z,Do Not Calibrate,204217,5.048531e-06,50507.610474,50507.650579,507.610474,1997-02-28
AF310,AF310,AF310_1_50510.60226_50510.64236.exp,uid://VLA/execblock/93ecb2d7-7437-4c32-ab0b-5ac0edc0e08d,C. Fassnacht,,VLA,B,"[""X""]",1997-03-03T14:27:14.996Z,1997-03-03T15:24:59.999Z,1996-10-10T22:21:29.998Z,1997-05-26T11:54:25.001Z,0,17,visibility,PUBLIC,15468544,1998-05-26T11:54:25.001Z,Do Not Calibrate,208336,5.048531e-06,50510.602257,50510.642361,510.602257,1997-03-03
AF310,AF310,AF310_1_50515.50145_50515.54560.exp,uid://VLA/execblock/fd8569d5-2ab7-4637-9336-93a6e23383d4,C. Fassnacht,,VLA,B,"[""X""]",1997-03-08T12:02:05.003Z,1997-03-08T13:05:40.004Z,1996-10-10T22:21:29.998Z,1997-05-26T11:54:25.001Z,0,17,visibility,PUBLIC,16666624,1998-05-26T11:54:25.001Z,Do Not Calibrate,204974,5.048531e-06,50515.501447,50515.545602,515.501447,1997-03-08
AF310,AF310,AF310_1_50521.58108_50521.63316.exp,uid://VLA/execblock/6aec8f53-53bc-4d5e-ad0f-4543526462a7,C. Fassnacht,,VLA,B,"[""X""]",1997-03-14T13:56:45Z,1997-03-14T15:11:44.998Z,1996-10-10T22:21:29.998Z,1997-05-26T11:54:25.001Z,0,21,visibility,PUBLIC,20393984,1998-05-26T11:54:25.001Z,Do Not Calibrate,211701,5.048531e-06,50521.581076,50521.63316,521.581076,1997-03-14
AF310,AF310,AF310_1_50523.56823_50523.59647.exp,uid://VLA/execblock/1206be3b-9a2b-4b46-b582-089fb8afc58c,C. Fassnacht,,VLA,B,"[""X""]",1997-03-16T13:38:15.002Z,1997-03-16T14:18:54.999Z,1996-10-10T22:21:29.998Z,1997-05-26T11:54:25.001Z,0,13,visibility,PUBLIC,10596352,1998-05-26T11:54:25.001Z,Do Not Calibrate,209497,5.048531e-06,50523.568229,50523.59647,523.568229,1997-03-16
AF310,AF310,AF310_1_50528.55330_50528.59317.exp,uid://VLA/execblock/b5a07d80-8372-4326-8782-605170077f55,C. Fassnacht,,VLA,B,"[""X""]",1997-03-21T13:16:44.999Z,1997-03-21T14:14:10Z,1996-10-10T22:21:29.998Z,1997-05-26T11:54:25.001Z,0,17,visibility,PUBLIC,15521792,1998-05-26T11:54:25.001Z,Do Not Calibrate,208717,5.048531e-06,50528.553299,50528.593171,528.553299,1997-03-21
AF310,AF310,AF310_1_50532.68617_50532.72766.exp,uid://VLA/execblock/f385af54-951f-4300-8211-a99f1d8a896d,C. Fassnacht,,VLA,B,"[""X""]",1997-03-25T16:28:05.001Z,1997-03-25T17:27:49.996Z,1996-10-10T22:21:29.998Z,1997-05-26T11:54:25.001Z,0,17,visibility,PUBLIC,15734784,1998-05-26T11:54:25.001Z,Do Not Calibrate,205445,5.048531e-06,50532.686169,50532.727662,532.686169,1997-03-25
AF310,AF310,AF310_1_50537.56898_50537.63090.exp,uid://VLA/execblock/f5d884be-320f-4762-9ede-600ef0783f13,C. Fassnacht,,VLA,B,"[""X""]",1997-03-30T13:39:20.001Z,1997-03-30T15:08:30.001Z,1996-10-10T22:21:29.998Z,1997-05-26T11:54:25.001Z,0,27,visibility,PUBLIC,24174592,1998-05-26T11:54:25.001Z,Do Not Calibrate,206721,5.048531e-06,50537.568981,50537.630903,537.568981,1997-03-30
AF310,AF310,AF310_1_50539.50110_50539.54236.exp,uid://VLA/execblock/49695e3f-a87f-43f9-8588-8792f2082b3f,C. Fassnacht,,VLA,B,"[""X""]",1997-04-01T12:01:34.996Z,1997-04-01T13:00:59.999Z,1996-10-10T22:21:29.998Z,1997-05-26T11:54:25.001Z,0,17,visibility,PUBLIC,16107520,1998-05-26T11:54:25.001Z,Do Not Calibrate,209428,5.048531e-06,50539.501099,50539.542361,539.501099,1997-04-01
AF310,AF310,AF310_1_50543.51233_50543.55220.exp,uid://VLA/execblock/ad64c0d5-b129-4b9e-ab59-6e180e93f800,C. Fassnacht,,VLA,B,"[""X""]",1997-04-05T12:17:45Z,1997-04-05T13:15:10.002Z,1996-10-10T22:21:29.998Z,1997-05-26T11:54:25.001Z,0,17,visibility,PUBLIC,15521792,1998-05-26T11:54:25.001Z,Do Not Calibrate,202653,5.048531e-06,50543.512326,50543.552199,543.512326,1997-04-05
AF310,AF310,AF310_1_50545.50677_50545.54676.exp,uid://VLA/execblock/382c8f91-55c4-4eba-85f1-d2cf772377c2,C. Fassnacht,,VLA,B,"[""X""]",1997-04-07T12:09:44.997Z,1997-04-07T13:07:20.003Z,1996-10-10T22:21:29.998Z,1997-05-26T11:54:25.001Z,0,17,visibility,PUBLIC,15575040,1998-05-26T11:54:25.001Z,Do Not Calibrate,211531,5.048531e-06,50545.506771,50545.546759,545.506771,1997-04-07
AF310,AF310,AF310_1_50549.49566_50549.53588.exp,uid://VLA/execblock/c8741a55-4e38-4323-ab9d-aaa30397fd09,C. Fassnacht,,VLA,B,"[""X""]",1997-04-11T11:53:44.998Z,1997-04-11T12:51:39.997Z,1996-10-10T22:21:29.998Z,1997-05-26T11:54:25.001Z,0,17,visibility,PUBLIC,15681536,1998-05-26T11:54:25.001Z,Do Not Calibrate,205523,5.048531e-06,50549.49566,50549.53588,549.49566,1997-04-11
AF310,AF310,AF310_1_50553.48478_50553.52488.exp,uid://VLA/execblock/57166b42-36a8-4887-b43f-79f04e49be4f,C. Fassnacht,,VLA,B,"[""X""]",1997-04-15T11:38:05Z,1997-04-15T12:35:50.003Z,1996-10-10T22:21:29.998Z,1997-05-26T11:54:25.001Z,0,17,visibility,PUBLIC,15628288,1998-05-26T11:54:25.001Z,Do Not Calibrate,212660,5.048531e-06,50553.48478,50553.524884,553.48478,1997-04-15
AF310,AF310,AF310_1_50557.34334_50557.38935.exp,uid://VLA/execblock/b293d22f-fc82-45c5-a490-bd7656848fa0,C. Fassnacht,,VLA,B,"[""X""]",1997-04-19T08:14:24.999Z,1997-04-19T09:20:40.004Z,1996-10-10T22:21:29.998Z,1997-05-26T11:54:25.001Z,0,17,visibility,PUBLIC,17068032,1998-05-26T11:54:25.001Z,Do Not Calibrate,203272,5.048531e-06,50557.343345,50557.389352,557.343345,1997-04-19
AF310,AF310,AF310_1_50560.46557_50560.50584.exp,uid://VLA/execblock/b790ee3f-fbfe-47fb-813e-eedbea527f92,C. Fassnacht,,VLA,B,"[""X""]",1997-04-22T11:10:24.997Z,1997-04-22T12:08:24.999Z,1996-10-10T22:21:29.998Z,1997-05-26T11:54:25.001Z,0,17,visibility,PUBLIC,15708160,1998-05-26T11:54:25.001Z,Do Not Calibrate,211100,5.048531e-06,50560.465567,50560.505845,560.465567,1997-04-22
AF310,AF310,AF310_1_50564.45480_50564.49491.exp,uid://VLA/execblock/672445ed-7c92-43fd-9e52-bf1ade9eccec,C. Fassnacht,,VLA,B,"[""X""]",1997-04-26T10:54:54.996Z,1997-04-26T11:52:39.999Z,1996-10-10T22:21:29.998Z,1997-05-26T11:54:25.001Z,0,18,visibility,PUBLIC,14260224,1998-05-26T11:54:25.001Z,Do Not Calibrate,211524,5.048531e-06,50564.454803,50564.494907,564.454803,1997-04-26
AF310,AF310,AF310_1_50571.43594_50571.47581.exp,uid://VLA/execblock/7ae517ff-bb64-4e3f-9f48-b337b2b51f78,C. Fassnacht,,VLA,B,"[""X""]",1997-05-03T10:27:45Z,1997-05-03T11:25:10.001Z,1996-10-10T22:21:29.998Z,1997-05-26T11:54:25.001Z,0,17,visibility,PUBLIC,15521792,1998-05-26T11:54:25.001Z,Do Not Calibrate,206800,5.048531e-06,50571.435937,50571.47581,571.435937,1997-05-03
AF310,AF310,AF310_1_50576.42228_50576.48293.exp,uid://VLA/execblock/7cb97dc5-fff9-4d8a-aa38-2ec7ceeeb4df,C. Fassnacht,,VLA,B,"[""X""]",1997-05-08T10:08:05Z,1997-05-08T11:35:24.996Z,1996-10-10T22:21:29.998Z,1997-05-26T11:54:25.001Z,0,27,visibility,PUBLIC,23588864,1998-05-26T11:54:25.001Z,Do Not Calibrate,206867,5.048531e-06,50576.42228,50576.482928,576.42228,1997-05-08
AF310,AF310,AF310_1_50581.40851_50581.44855.exp,uid://VLA/execblock/9863cde6-d365-4b7c-8be3-2474b2e94526,C. Fassnacht,,VLA,B,"[""X""]",1997-05-13T09:48:14.996Z,1997-05-13T10:45:54.996Z,1996-10-10T22:21:29.998Z,1997-05-26T11:54:25.001Z,0,17,visibility,PUBLIC,15601664,1998-05-26T11:54:25.001Z,Do Not Calibrate,210884,5.048531e-06,50581.408507,50581.448553,581.408507,1997-05-13
AF310,AF310,AF310_1_50585.33455_50585.37529.exp,uid://VLA/execblock/99d9c397-8663-46f5-865c-8acb2071f397,C. Fassnacht,,VLA,B,"[""X""]",1997-05-17T08:01:44.999Z,1997-05-17T09:00:25.004Z,1996-10-10T22:21:29.998Z,1997-05-26T11:54:25.001Z,0,17,visibility,PUBLIC,16187392,1998-05-26T11:54:25.001Z,Do Not Calibrate,205421,5.048531e-06,50585.334549,50585.375289,585.334549,1997-05-17
AF310,AF310,AF310_1_50589.38675_50589.42668.exp,uid://VLA/execblock/1ce042ae-c49d-4eee-bf87-bc7336915931,C. Fassnacht,,VLA,B,"[""X""]",1997-05-21T09:16:55.001Z,1997-05-21T10:14:24.996Z,1996-10-10T22:21:29.998Z,1997-05-26T11:54:25.001Z,0,17,visibility,PUBLIC,16293888,1998-05-26T11:54:25.001Z,Do Not Calibrate,205845,5.048531e-06,50589.386748,50589.426678,589.386748,1997-05-21
AF310,AF310,AF310_1_50591.38142_50591.42124.exp,uid://VLA/execblock/c552dd63-0ac5-4a65-995a-444db896e4c2,C. Fassnacht,,VLA,B,"[""X""]",1997-05-23T09:09:14.999Z,1997-05-23T10:06:34.997Z,1996-10-10T22:21:29.998Z,1997-05-26T11:54:25.001Z,0,17,visibility,PUBLIC,16240640,1998-05-26T11:54:25.001Z,Do Not Calibrate,209089,5.048531e-06,50591.381424,50591.421238,591.381424,1997-05-23
AF310,AF310,AF310_1_50594.45689_50594.49612.exp,uid://VLA/execblock/d6811f27-2670-4aa4-8e5c-8a4ec69e774e,C. Fassnacht,,VLA,B,"[""X""]",1997-05-26T10:57:55.002Z,1997-05-26T11:54:25.001Z,1996-10-10T22:21:29.998Z,1997-05-26T11:54:25.001Z,0,17,visibility,PUBLIC,15415296,1998-05-26T11:54:25.001Z,Do Not Calibrate,212742,5.048531e-06,50594.456887,50594.496123,594.456887,1997-05-26
