GALAXY,PGC,DIST,INCL,PA,HAS_BAR,OM_P_ALMA,OM_P_ALMA_ERR_UP,OM_P_ALMA_ERR_DOWN,OM_P_ALMA_QUAL,OM_P_MUSE_MASS,OM_P_MUSE_MASS_ERR_UP,OM_P_MUSE_MASS_ERR_DOWN,OM_P_MUSE_MASS_QUAL,OM_P_MUSE_HA,OM_P_MUSE_HA_ERR_UP,OM_P_MUSE_HA_ERR_DOWN,OM_P_MUSE_HA_QUAL,R_CR_ALMA_1,R_CR_ALMA_1_ERR,R_CR_MUSE_MASS_1,R_CR_MUSE_MASS_1_ERR,R_CR_MUSE_HA_1,R_CR_MUSE_HA_1_ERR,LITERATURE_OM_P,LITERATURE_OM_P_ERR,LITERATURE_OM_P_REF
ESO097-013,50779,4.199999809265137,64.30000305175781,36.7400016784668,0,-12.787063765391002,68.72846620361135,124.81400678267634,3.0,,,,,,,,,,,,,,,,,
IC1954,13090,12.0,57.099998474121094,63.400001525878906,1,69.33957407190782,1.4281322338537197,1.8045148396191384,4.0,,,,,,,,,0.07894737124443055,0.07894737124443055,,,,,,,
IC5273,70184,14.180000305175781,52.0,234.10000610351562,1,40.57583562400043,2.7630122539256106,1.8932395944093627,1.0,,,,,,,,,2.8697620376944544,0.7958163633942603,,,,,,,
IC5332,71775,8.180000305175781,26.899999618530273,74.4000015258789,0,,,,,-9.179880612530127,16.490515361483855,4.433053149374242,3.0,31.41578324709998,1.2327076820755498,1.03168049341429,3.0,,,,,,,,,
NGC0253,2789,3.700000047683716,75.0,52.47999954223633,0,51.397729959292654,32.049505128504435,7.095516505515029,3.0,,,,,,,,,,,,,,,57.21186229685224,,2014A%26A...567A..86I
NGC0300,3238,2.0899999141693115,39.79999923706055,114.30000305175781,0,31.62856368961508,4.6610277309571595,4.172525045128999,3.0,,,,,,,,,,,,,,,,,
NGC0628,5974,9.84000015258789,8.899999618530273,20.700000762939453,0,32.941025378922724,0.19023345114977058,0.2777023839919792,1.0,31.071082615035344,3.9815802252895556,2.933905367923211,1.0,35.41846128336871,0.418816218592569,0.455349633558334,1.0,4.355987399816513,0.9819855988025665,4.5070621073246,2.0395085513591766,3.827225923538208,1.2085976600646973,33.22809453010139,0.7949304911507509,2014ApJ...790..118M
NGC0685,6581,19.940000534057617,23.0,100.9000015258789,1,36.747591634786325,2.8990373308643527,2.277020256094855,1.0,,,,,,,,,0.12462500333786011,0.12462500333786011,,,,,,,
NGC1087,10496,15.850000381469727,42.900001525878906,359.1000061035156,1,46.715213014509565,0.646122680342122,0.8449202495365562,1.0,31.94471350445024,3.1938067140268975,1.6099750683603977,1.0,49.68389931539133,6.938442975501973,7.35537057380111,1.0,3.3571183383464813,0.6604167222976685,4.2651913315057755,1.0731771737337112,3.6873266994953156,1.6510418057441711,,,
NGC1097,10488,13.579999923706055,48.599998474121094,122.4000015258789,1,39.93134725011304,2.550932620412291,0.8060268361807631,2.0,,,,,,,,,6.359648019075394,2.0083099007606506,,,,,29.392496656983848,1.6329164809435472,2014MNRAS.438..971P
NGC1300,12412,18.989999771118164,31.799999237060547,278.0,1,24.88579830766181,1.671837643476679,0.2051094735816111,1.0,18.918493051741166,9.36003410272923,8.94054546833621,3.0,25.10078719608848,0.6705135200911906,0.6202335598388591,1.0,6.093534506857395,2.4556034579873085,0.07275862097740174,0.07275862097740174,6.093534506857395,2.4556034579873085,22.927260100604645,,1996A%26A...313..733L
NGC1317,12653,19.110000610351562,23.200000762939453,221.5,1,94.60788047456994,43.746708308785934,14.87005346435486,3.0,,,,,,,,,0.17601316571235656,0.17601316571235656,,,,,,,
NGC1365,13179,19.56999969482422,55.400001525878906,201.10000610351562,1,109.13127264524128,21.97476211164353,36.78137093821237,3.0,38.061665008028385,20.127645114007027,21.19386695394229,3.0,26.814731997328533,5.586622104397739,20.679554777727407,2.0,2.324613070487976,1.6218230724334721,2.811159992218018,1.1352761507034304,,,20.16121362711793,4.2002528389829035,2016ApJ...826....2S
NGC1385,13368,17.219999313354492,44.0,181.3000030517578,0,27.36267826499704,4.112795194969125,7.145106106356201,3.0,25.01043796034698,5.553246662396808,19.287443857296868,3.0,21.858186641045197,10.35027809390912,5.873132618086386,3.0,0.07585902810096741,0.07585902810096741,0.07585902810096741,0.07585902810096741,0.07585902810096741,0.07585902810096741,,,
NGC1433,13586,12.109999656677246,28.600000381469727,199.6999969482422,1,105.55383782281288,4.617606128025366,8.064561787841386,3.0,19.98845091851578,2.447836856623876,1.934184187219013,1.0,41.206558912141936,0.6603231143310376,0.7370660564952252,1.0,0.07208333611488343,0.07208333611488343,6.275,0.375,0.07208333611488343,0.07208333611488343,17.21962462862518,,2008AJ....136..300T
NGC1511,14236,15.279999732971191,72.69999694824219,297.0,0,44.29456074046007,1.5814606622255636,0.9782462830804506,1.0,,,,,,,,,0.31833331435918805,0.31833331435918805,,,,,,,
NGC1512,14391,17.1299991607666,42.5,261.8999938964844,1,27.587327022149083,2.2557077815531748,1.9707884178501966,1.0,22.25473420913624,5.147185236832425,5.50803762294665,1.0,24.993330455307643,2.3101058053787225,2.225801785609096,1.0,5.365870392322541,2.179486548900605,5.365870392322541,2.179486548900605,5.365870392322541,2.179486548900605,31.897419391178907,,2009MNRAS.400.1749K
NGC1546,14723,17.690000534057617,70.30000305175781,147.8000030517578,0,74.46306268189724,1.7783957735579456,2.117851922796905,3.0,,,,,,,,,2.3340973556041718,0.3685416877269745,,,,,,,
NGC1559,14814,19.440000534057617,65.4000015258789,244.5,1,21.16732972839421,3.0563663528047895,1.196455041278875,1.0,,,,,,,,,0.17181819528341294,0.17181819528341294,,,,,,,
NGC1566,14897,17.690000534057617,29.5,214.6999969482422,1,58.467150272700046,7.214412284604379,5.743877776327968,1.0,29.399025857045626,9.119303307092713,7.196180297111187,3.0,64.6546360400756,6.447332506189993,7.116657843763039,1.0,4.029389119148255,2.5060834765434263,6.756597608327865,2.7272084891796107,3.8082641065120697,2.284958463907242,28.89604975283491,,2005astro.ph..9708K
NGC1637,15821,11.699999809265137,31.100000381469727,20.610000610351562,1,90.52965372177,10.24754263017672,29.48603491986978,3.0,,,,,,,,,,,,,,,,,
NGC1672,15941,19.399999618530273,42.599998474121094,134.3000030517578,1,32.47053697079449,1.9722836267442025,1.2978017012244192,2.0,22.733289969060042,0.6098333069729083,0.608426301499509,1.0,28.0712956135823,0.07530486970783398,0.07914721947464691,1.0,3.260504245758056,0.9781512737274167,6.072689157724381,1.5894958198070528,3.9941177010536197,0.48907563686370814,22.174554051442364,,1999ApJ...512..623D
NGC1792,16709,16.200000762939453,65.0999984741211,318.8999938964844,0,57.69330397179798,2.8043413096571177,4.210112092300743,1.0,,,,,,,,,1.8667968750000001,0.4746093750000002,,,,,,,
NGC1809,16599,19.950000762939453,57.599998474121094,138.1999969482422,0,47.426366040067506,3.5415795952327684,6.058297734057479,4.0,,,,,,,,,1.3632500439882278,1.0972500354051589,,,,,,,
NGC2090,17819,11.75,64.5,192.4600067138672,0,58.06154343420582,4.013131732945795,4.631374862999422,1.0,,,,,,,,,0.09957627058029175,0.09957627058029175,,,,,,,
NGC2283,19562,13.680000305175781,43.70000076293945,-4.099999904632568,1,41.03179008772773,1.9386392198855082,3.140789840115455,1.0,,,,,,,,,0.13153847455978396,0.13153847455978396,,,,,,,
NGC2566,23303,23.440000534057617,48.5,312.0,1,34.58071640641122,1.977876365629992,4.823479006892101,1.0,,,,,,,,,3.7583122014999386,2.225316435098647,,,,,,,
NGC2775,25861,23.149999618530273,41.20000076293945,156.5,0,54.87313751825695,0.07171149635171296,0.05034292891752548,1.0,,,,,,,,,5.583235144615173,0.20426470041275024,,,,,,,
NGC2835,26259,12.380000114440918,41.29999923706055,1.0,1,41.267545901239295,0.25935668558612945,0.7608306976773158,1.0,34.62025951670967,4.297022813148015,3.1028937064356343,1.0,37.63327050616549,0.44799119112261004,0.40083607680517824,1.0,2.8192079305648803,0.5515841603279115,2.8192079305648803,0.5515841603279115,3.186930704116821,0.18386138677597064,,,
NGC2903,27077,10.0,66.80000305175781,203.6999969482422,1,25.005475196451716,1.8451083906922592,0.5228044844317843,1.0,,,,,,,,,,,,,,,27.785783612420378,,2009PASJ...61..441H
NGC2997,27978,14.0600004196167,33.0,108.0999984741211,1,36.02317401241711,0.6549963646174243,0.34586355944858005,4.0,,,,,,,,,7.247743400931357,3.8260619670152654,,,,,,,
NGC3059,28298,20.229999542236328,29.399999618530273,-14.800000190734863,1,36.77164507012048,5.178476140536539,7.839470559164747,1.0,,,,,,,,,0.10217171907424927,0.10217171907424927,,,,,,,
NGC3137,29530,16.3700008392334,70.30000305175781,-0.30000001192092896,0,21.571083750239797,0.6490448166653987,0.6633457941515556,1.0,,,,,,,,,4.998893201351166,0.49439603090286255,,,,,,,
NGC3351,32007,9.960000038146973,45.099998474121094,193.1999969482422,1,60.51085233238971,7.152176037523906,12.567562248882158,1.0,43.60781074843836,11.55728309496115,12.411067597401587,1.0,89.67181966318108,12.637602557810686,16.279592226484393,3.0,2.9000000000000004,1.2000000000000002,3.35,0.7500000000000004,2.45,1.6500000000000004,,,
NGC3489,33160,11.859999656677246,63.68000030517578,70.0,0,193.87555484278548,78.9229324295059,56.78301196432932,4.0,,,,,,,,,,,,,,,,,
NGC3507,33390,23.549999237060547,21.700000762939453,55.79999923706055,1,33.874726700764654,2.292871799830981,1.5938861084623324,1.0,,,,,,,,,0.11267942190170288,0.11267942190170288,,,,,,,
NGC3511,33385,13.9399995803833,75.0999984741211,256.79998779296875,1,22.569316110872304,1.8488222999034678,0.8711737655805002,1.0,,,,,,,,,5.744120621681214,1.4710552811622613,,,,,,,
NGC3521,33550,13.239999771118164,68.80000305175781,343.0,0,35.72440977002456,0.3502457276048526,0.6842725866901204,1.0,,,,,,,,,6.442678552865982,0.35464285612106305,,,,,,,
NGC3596,34298,11.0,25.100000381469727,78.4000015258789,0,67.78872730562509,0.593759393912444,1.118486586011491,1.0,,,,,,,,,1.8514850020408629,1.1435642659664151,,,,,,,
NGC3599,34326,19.860000610351562,23.0,41.900001525878906,0,55.5971940687167,16.02407950239519,13.018079376581321,4.0,,,,,,,,,,,,,,,,,
NGC3621,34554,7.059999942779541,65.80000305175781,343.79998779296875,0,36.303126095960344,0.41701841140249146,0.41365656829307884,2.0,,,,,,,,,3.443902587890625,0.16143293380737278,,,,,,,
NGC3626,34684,20.049999237060547,46.599998474121094,165.1999969482422,1,170.2278543830562,11.6133203189153,4.132536224778745,1.0,,,,,,,,,1.4786874085664747,0.37593747675418854,,,,,,,
NGC3627,34695,11.319999694824219,57.29999923706055,173.10000610351562,1,45.79794236131075,0.9969976636212005,2.531588258446675,1.0,29.12833037438878,20.59248243125573,8.118037985589494,2.0,50.68737683205367,5.591111419960077,6.353906992381859,1.0,4.712204265594483,0.4819299817085261,1.9009460389614103,0.0803216636180879,4.230274283885955,1.44578994512558,52.803486553103966,,2004ApJ...614..142R
NGC4207,39206,15.779999732971191,64.5,121.9000015258789,0,64.58042639974016,4.575790331238225,14.83638545995647,4.0,,,,,,,,,1.1506250500679016,1.1506250500679016,,,,,,,
NGC4254,39578,13.0,34.400001525878906,68.0999984741211,0,47.30100804294333,1.7782930882959727,1.7380081876637088,1.0,52.43858980856927,6.208867833399252,4.455491327794189,3.0,36.12969347511653,0.45570999533002193,0.3002001864007299,3.0,3.404762029647827,0.3482142984867096,3.114583447575569,0.6383928805589676,4.449404925107956,0.580357164144516,31.8709063299719,12.258040896143038,2004PASJ...56L..45E
NGC4293,39907,15.760000228881836,65.0,48.29999923706055,1,185.18884524529886,6.266672822382414,4.815532246357037,4.0,,,,,,,,,0.17237500250339508,0.17237500250339508,,,,,,,
NGC4298,39950,13.0,59.20000076293945,313.8999938964844,0,27.1722103937825,0.7485561725079828,0.21291224068648693,1.0,,,,,,,,,4.7976192235946655,0.580357164144516,,,,,,,
NGC4303,40001,16.989999771118164,23.5,312.3999938964844,1,46.6739961652923,2.20244633224113,8.193404667736743,1.0,43.518410689641584,5.282630293293607,10.01966218989743,1.0,48.409305354373934,2.488160974844677,6.7192547957258,1.0,3.957897496223449,2.316818046569824,3.813096368312835,2.461619174480438,3.8854969322681425,2.3892186105251305,46.19967244969258,6.026044232568596,2002ApJ...575..826S
NGC4321,40153,15.210000038146973,38.5,156.1999969482422,1,26.580090067486527,5.726211700475938,9.56568262540947,3.0,43.40909744067251,3.112077239513225,9.054561582785219,4.0,34.65332665520347,8.08422711348083,3.3852950337408765,3.0,6.279128423333168,2.3265296548604955,5.603684329986572,3.0019737482070914,5.078338924050332,2.6267270296812057,17.870074399716223,0.8935037199858112,2005ApJ...632..253H
NGC4424,40809,16.200000762939453,58.20000076293945,88.30000305175781,0,17.16716937956538,1.379372580526314,2.163740266679939,4.0,,,,,,,,,,,,,,,,,
NGC4457,41101,15.0,17.399999618530273,78.69999694824219,0,122.39030047231829,0.9773148477994849,0.359394418269551,3.0,,,,,,,,,0.09615384340286255,0.09615384340286255,,,,,,,
NGC4459,41104,15.850000381469727,46.95000076293945,108.75,0,89.11958145601398,366.81603157388,40.6255977695889,3.0,,,,,,,,,,,,,,,,,
NGC4476,41255,17.540000915527344,60.13999938964844,27.3799991607666,0,174.55765132750642,33.90869858985017,25.109817323034175,4.0,,,,,,,,,,,,,,,,,
NGC4477,41260,15.760000228881836,33.5099983215332,25.68000030517578,0,1440.297105871347,439.2076797167258,623.288118628322,4.0,,,,,,,,,,,,,,,,,
NGC4496A,41471,14.859999656677246,53.79999923706055,51.099998474121094,1,23.90852298850409,2.317650315551945,1.2262758407999081,1.0,,,,,,,,,1.8201007261872295,1.8201007261872295,,,,,,,
NGC4535,41812,15.770000457763672,44.70000076293945,179.6999969482422,1,30.88709264896637,0.45840215750676916,0.2939960214496626,1.0,20.957247875785733,7.732963018453558,1.3124560945308648,3.0,30.65798466829443,0.9047546941504478,0.349549954233318,1.0,5.364794455468654,2.7697310909628863,5.439652052521705,2.99430388212204,5.364794455468654,2.7697310909628863,,,
NGC4536,41823,16.25,66.0,305.6000061035156,1,17.91050090253024,2.569697227979116,4.096571703076856,1.0,,,,,,,,,8.953535974025726,2.1648848176002495,,,,,,,
NGC4540,41876,15.760000228881836,28.700000762939453,12.800000190734863,1,55.58636091109934,11.880747098028525,9.004152196974106,1.0,,,,,,,,,1.5009524345397949,1.5009524345397949,,,,,,,
NGC4548,41934,16.219999313354492,38.29999923706055,138.0,1,26.22690241745621,2.6884062812975773,2.512447135050563,2.0,,,,,,,,,5.682005965709687,0.6758333086967472,,,,,,,
NGC4569,42089,15.760000228881836,70.0,18.0,1,31.886494676972706,10.514362251667105,11.932609526525656,1.0,,,,,,,,,0.0938095271587372,0.0938095271587372,,,,,,,
NGC4571,42100,14.0,32.70000076293945,217.5,0,30.795966377945035,1.2071805805242515,0.9533815070555234,1.0,,,,,,,,,4.134228420257569,0.7046980261802673,,,,,,,
NGC4579,42168,21.0,40.220001220703125,91.30000305175781,1,23.996504858850678,5.489714682175548,6.454447998673123,2.0,,,,,,,,,8.21875,1.78125,,,,,40.093759083520524,5.021229790346023,2019PASJ...71S..16S
NGC4596,42401,15.760000228881836,36.560001373291016,120.0,0,1289.9854935481062,604.7220543097616,754.0906222522996,4.0,,,,,,,,,,,,,,,53.54109021810737,13.385272554526843,1999MNRAS.306..926G
NGC4654,42857,21.979999542236328,55.599998474121094,123.19999694824219,1,19.034274845497503,0.8046272276673783,0.1781027343643825,1.0,,,,,,,,,8.307917070388793,1.7662500858306895,,,,,,,
NGC4689,43186,15.0,38.70000076293945,164.10000610351562,0,35.054018609954056,0.6995495810055523,0.8288409939153275,1.0,,,,,,,,,3.794643074274063,0.5357143163681028,,,,,,,
NGC4694,43241,15.760000228881836,60.70000076293945,143.3000030517578,0,95.8559496050951,12.016559363317672,7.329966961692368,4.0,,,,,,,,,,,,,,,,,
NGC4731,43507,13.279999732971191,64.0,255.39999389648438,1,22.74536344957969,5.046110379835777,10.643103138801765,4.0,,,,,,,,,,,,,,,,,
NGC4781,43902,11.3100004196167,59.0,290.0,1,32.78811123502654,0.9365848342329302,0.8382702315359456,1.0,,,,,,,,,3.8624021977186205,0.720735338330269,,,,,,,
NGC4826,44182,4.409999847412109,59.099998474121094,293.6000061035156,0,236.90399981773297,48.629985800591264,25.986485229442597,3.0,,,,,,,,,0.8091742515563964,0.30344034433364864,,,,,,,
NGC4941,45165,15.0,53.400001525878906,202.1999969482422,1,46.19581835784487,0.15818880050765619,0.17801367616026578,1.0,,,,,,,,,3.6696427404880523,0.2410714209079745,,,,,,,
NGC4951,45246,15.0,70.19999694824219,91.19999694824219,0,64.01871999456623,1.5746918916017805,1.300282135538451,3.0,,,,,,,,,0.125,0.125,,,,,,,
NGC5042,46126,16.780000686645508,49.400001525878906,190.60000610351562,0,28.062476352375345,0.4999892647731304,0.47850960125179953,1.0,,,,,,,,,4.161706566810608,0.898928618431091,,,,,,,
NGC5068,46400,5.159999847412109,35.70000076293945,342.3999938964844,1,18.54874201643749,0.3346274844416398,3.3497498056831128,1.0,16.311199565713757,2.012922462369845,9.42020706360071,3.0,15.754468052931582,4.458714443077116,2.02885944930008,1.0,0.175,0.175,1.0750000000000002,1.0750000000000002,0.175,0.175,,,
NGC5128,46957,3.690000057220459,45.33000183105469,32.16999816894531,0,644.1032301720504,376.154033302569,1416.9167408650437,3.0,,,,,,,,,,,,,,,,,
NGC5134,46938,19.920000076293945,22.700000762939453,311.6000061035156,1,31.118469104736416,4.022556352436122,1.302927077273032,1.0,,,,,,,,,0.34994593262672424,0.34994593262672424,,,,,,,
NGC5248,48130,14.869999885559082,47.400001525878906,109.19999694824219,1,47.99325361287535,6.609595669886198,10.787938368072236,3.0,,,,,,,,,4.71273618042469,2.3710039168596264,,,,,14.011091501554919,,2001MNRAS.324..891L
NGC5530,51106,12.270000457763672,61.900001525878906,305.3999938964844,0,32.76020514243745,0.8021241266794918,0.34222707408804676,1.0,,,,,,,,,0.10398305654525758,0.10398305654525758,,,,,,,
NGC5643,51969,12.680000305175781,29.899999618530273,318.70001220703125,1,54.67662119898446,5.61452919643784,5.269161421080835,1.0,,,,,,,,,0.10745762586593628,0.10745762586593628,,,,,,,
NGC6300,60001,11.579999923706055,49.599998474121094,105.4000015258789,1,41.73969266584889,4.064540663180805,4.829355583442925,3.0,,,,,,,,,4.419847130775452,1.3259541392326355,,,,,34.50099798784738,10.22251792232515,1996ApJ...460..665R
NGC6744,62836,9.390000343322754,52.70000076293945,14.0,1,27.66962907121195,0.046514070894459546,0.10955718386549505,1.0,,,,,,,,,6.128210711479187,0.4447894871234892,,,,,,,
NGC7456,70304,15.699999809265137,67.30000305175781,16.0,0,23.947703656567125,0.5942864499940914,0.7820243276306483,1.0,,,,,,,,,3.954659938812256,0.8897984862327579,,,,,,,
NGC7496,70588,18.719999313354492,35.900001525878906,193.6999969482422,1,24.447326735549822,3.123518810204545,2.965054005492957,1.0,16.755889967448002,6.491045242764537,12.121541077849448,1.0,23.042916844931163,7.526369432307338,4.283164414597728,3.0,4.25454506278038,1.9520853817462918,4.25454506278038,1.9520853817462918,4.029304441809654,2.1773260027170176,,,
NGC7743,72263,20.31999969482422,37.099998474121094,86.23999786376953,0,-13.885129529717494,31.003104168187196,17.808158522661476,4.0,,,,,,,,,,,,,,,,,
