element	sp_num	obs_wl_air(nm)	ritz_wl_air(nm)	intens	Aki(s^-1)	Acc	Ei(eV)	Ek(eV)	conf_i	term_i	J_i	conf_k	term_k	J_k	g_i	g_k	Type	tp_ref	line_ref	
Al	3	"242.244"	"242.2386"	"1*"	"8.48e+04"	B	"20.781332"	"25.898046"	"2p6.4f"	"2F*"	"5/2"	"2p6.7d"	"2D"	"5/2"	6	6		"c32"	"L3473"	
Al	3	"242.244"	"242.2386"	"1*"	"1.78e+06"	B+	"20.781332"	"25.898046"	"2p6.4f"	"2F*"	"5/2"	"2p6.7d"	"2D"	"3/2"	6	4		"c32"	"L3473"	
Al	3	"242.244"	"242.2422"	"1*"	"1.70e+06"	B+	"20.781409"	"25.898046"	"2p6.4f"	"2F*"	"7/2"	"2p6.7d"	"2D"	"5/2"	8	6		"c32"	"L3473"	
Al	1	"242.305"	"242.3040"	"5"	""		"4.8271968"	"9.94253"	"3s2.nd"	"y 2D"	"5/2"	"3s.3p.(3P*).5d"	"2D*"	"5/2"	6	6		""	"L3514"	
Al	1	"242.477"	"242.4765"	"5"	""		"4.8266321"	"9.93833"	"3s2.nd"	"y 2D"	"3/2"	"3s.3p.(3P*).5d"	"2D*"	"3/2"	4	4		""	"L3514"	
Al	1	"242.505"	"242.5033"	"1"	""		"4.8271968"	"9.93833"	"3s2.nd"	"y 2D"	"5/2"	"3s.3p.(3P*).5d"	"2D*"	"3/2"	6	4		""	"L3514"	
Al	2	"242.5596"	"242.5590"	"5"	""		"13.256460"	"18.366415"	"3s.4p"	"1P*"	"1"	"3s.11d"	"1D"	"2"	3	5		""	"L4575"	
Al	2	"242.7742"	"242.7742"	"50"	""		"13.256460"	"18.36189"	"3s.4p"	"1P*"	"1"	"3s.12s"	"1S"	"0"	3	1		""	"L4575"	
Al	2	"245.2584"	"245.2584"	"30"	""		"13.071347"	"18.12506"	"3s.4p"	"3P*"	"0"	"3s.9d"	"3D"	"1"	1	3		""	"L4575"	
Al	2	"245.3423"	"245.3426"	"100"	""		"13.073080"	"18.12506"	"3s.4p"	"3P*"	"1"	"3s.9d"	"3D"	"2"	3	5		""	"L4575"	
Al	2	"245.5177"	"245.5175"	"200"	""		"13.076729"	"18.12511"	"3s.4p"	"3P*"	"2"	"3s.9d"	"3D"	"3"	5	7		""	"L4575"	
Al	2	"245.7187"	"245.7188"	"100"	""		"13.071347"	"18.115597"	"3s.4p"	"3P*"	"0"	"3s.10s"	"3S"	"1"	1	3		""	"L4575"	
Al	2	"245.8037"	"245.8032"	"300"	""		"13.073080"	"18.115597"	"3s.4p"	"3P*"	"1"	"3s.10s"	"3S"	"1"	3	3		""	"L4575"	
Al	2	"245.888"	"245.8883"	"3"	""		"13.649399"	"18.69017"	"3s.3d"	"1D"	"2"	"3s.20f"	"1F*"	"3"	5	7		""	"L3471"	
Al	2	"245.9809"	"245.9812"	"500"	""		"13.076729"	"18.115597"	"3s.4p"	"3P*"	"2"	"3s.10s"	"3S"	"1"	5	3		""	"L4575"	
Al	1	"245.983"	"245.9825"	"5"	""		"4.0216502"	"9.06049"	"3s2.3d"	"2D"	"5/2"	"3s.3p.(3P*).3d"	"2F*"	"7/2"	6	8		""	"L3514"	
Al	1	"246.574"	"246.5744"	"4"	""		"4.0214836"	"9.04823"	"3s2.3d"	"2D"	"3/2"	"3s.3p.(3P*).3d"	"2F*"	"5/2"	4	6		""	"L3514"	
Al	2	"246.628"	"246.6278"	"3"	""		"13.649399"	"18.67506"	"3s.3d"	"1D"	"2"	"3s.19f"	"1F*"	"3"	5	7		""	"L3471"	
Al	2	"247.3008"	"247.3010"	"25"	""		"13.256460"	"18.268438"	"3s.4p"	"1P*"	"1"	"3s.10d"	"1D"	"2"	3	5		""	"L4575"	
Al	2	"247.5252"	"247.5256"	"1500"	"4.60e+07"	C+	"10.598337"	"15.6057689"	"3p2"	"1D"	"2"	"3s.5p"	"1P*"	"1"	5	3		"T6533"	"L4575"	
Al	2	"247.6322"	"247.6313"	"300"	""		"13.256460"	"18.261754"	"3s.4p"	"1P*"	"1"	"3s.11s"	"1S"	"0"	3	1		""	"L4575"	
Al	2	"248.535"	"248.5354"	"5"	""		"13.649399"	"18.63649"	"3s.3d"	"1D"	"2"	"3s.17f"	"1F*"	"3"	5	7		""	"L3471"	
Al	2	"249.7886"	"249.7887"	"10"	""		"13.649399"	"18.61147"	"3s.3d"	"1D"	"2"	"3s.16f"	"1F*"	"3"	5	7		""	"L4575"	
Al	2	"250.425"	"250.4251"	"5"	""		"13.649399"	"18.59886"	"3s.3d"	"1D"	"2"	"3s.17p"	"1P*"	"1"	5	3		""	"L3471"	
Al	2	"251.3145"	"251.3147"	"20"	""		"13.649399"	"18.58134"	"3s.3d"	"1D"	"2"	"3s.15f"	"1F*"	"3"	5	7		""	"L4575"	
Al	1	"251.3305"	"251.3304"	"5"	""		"4.8271968"	"9.758828"	"3s2.nd"	"y 2D"	"5/2"	"3s.3p.(3P*).4d"	"2F*"	"7/2"	6	8		""	"L4737"	
Al	1	"251.9222"	"251.9224"	"4"	""		"4.8266321"	"9.746674"	"3s2.nd"	"y 2D"	"3/2"	"3s.3p.(3P*).4d"	"2F*"	"5/2"	4	6		""	"L4737"	
Al	1	"251.9514"	"251.9514"	"1"	""		"4.8271968"	"9.746674"	"3s2.nd"	"y 2D"	"5/2"	"3s.3p.(3P*).4d"	"2F*"	"5/2"	6	6		""	"L4737"	
Al	2	"252.0579"	"252.0587"	"45"	""		"13.649399"	"18.56678"	"3s.3d"	"1D"	"2"	"3s.16p"	"1P*"	"1"	5	3		""	"L4575"	
Al	3	""	"252.4401"	""	"1.01e+07"	A	"20.554884"	"25.464838"	"2p6.4d"	"2D"	"5/2"	"2p6.7p"	"2P*"	"3/2"	6	4		"c32"	""	
Al	3	""	"252.4477"	""	"1.12e+06"	B+	"20.555032"	"25.464838"	"2p6.4d"	"2D"	"3/2"	"2p6.7p"	"2P*"	"3/2"	4	4		"c32"	""	
Al	3	""	"252.5244"	""	"1.12e+07"	A	"20.555032"	"25.463347"	"2p6.4d"	"2D"	"3/2"	"2p6.7p"	"2P*"	"1/2"	4	2		"c32"	""	
Al	2	"252.6486"	"252.6484"	"1000"	"1.94e+07"	C+	"11.821968"	"16.727874"	"3s.4s"	"1S"	"0"	"3s.6p"	"1P*"	"1"	1	3		"T6533"	"L4575"	
Al	2	"253.2092"	"253.2092"	"50"	""		"13.649399"	"18.54444"	"3s.3d"	"1D"	"2"	"3s.14f"	"1F*"	"3"	5	7		""	"L4575"	
Al	2	"253.2629"	"253.2635"	"300"	""		"11.846618"	"16.7406102"	"3s.3d"	"3D"	"3"	"3s.6p"	"3P*"	"2"	7	5		""	"L4575"	
Al	2	"253.3117"	"253.3117"	"5"	""		"11.846753"	"16.7398135"	"3s.3d"	"3D"	"2"	"3s.6p"	"3P*"	"1"	5	3		""	"L4575"	
Al	2	"253.3170"	"253.3177"	"45"	""		"11.846869"	"16.7398135"	"3s.3d"	"3D"	"1"	"3s.6p"	"3P*"	"1"	3	3		""	"L4575"	
Al	2	"254.0179"	"254.0182"	"150"	""		"13.256460"	"18.13591"	"3s.4p"	"1P*"	"1"	"3s.9d"	"1D"	"2"	3	5		""	"L4575"	
Al	2	"254.0706"	"254.0705"	"100"	""		"13.649399"	"18.527848"	"3s.3d"	"1D"	"2"	"3s.15p"	"1P*"	"1"	5	3		""	"L4575"	
Al	2	"254.5606"	"254.5609"	"450"	""		"13.256460"	"18.12551"	"3s.4p"	"1P*"	"1"	"3s.10s"	"1S"	"0"	3	1		""	"L4575"	
Al	2	"254.9314"	"254.9313"	"150"	""		"13.071347"	"17.93332"	"3s.4p"	"3P*"	"0"	"3s.8d"	"3D"	"1"	1	3		""	"L4575"	
Al	2	"255.0217"	"255.0211"	"450"	""		"13.073080"	"17.933345"	"3s.4p"	"3P*"	"1"	"3s.8d"	"3D"	"2"	3	5		""	"L4575"	
Al	2	"255.2109"	"255.2109"	"500"	""		"13.076729"	"17.933378"	"3s.4p"	"3P*"	"2"	"3s.8d"	"3D"	"3"	5	7		""	"L4575"	
Al	2	"255.6007"	"255.6008"	"50"	""		"13.649399"	"18.49864"	"3s.3d"	"1D"	"2"	"3s.13f"	"1F*"	"3"	5	7		""	"L4575"	
Al	2	"255.6793"	"255.6789"	"300"	""		"13.071347"	"17.919108"	"3s.4p"	"3P*"	"0"	"3s.9s"	"3S"	"1"	1	3		""	"L4575"	
Al	2	"255.7707"	"255.7704"	"500"	""		"13.073080"	"17.919108"	"3s.4p"	"3P*"	"1"	"3s.9s"	"3S"	"1"	3	3		""	"L4575"	
Al	2	"255.9627"	"255.9631"	"1000"	""		"13.076729"	"17.919108"	"3s.4p"	"3P*"	"2"	"3s.9s"	"3S"	"1"	5	3		""	"L4575"	
Al	2	"256.5694"	"256.5693"	"150"	""		"13.649399"	"18.480338"	"3s.3d"	"1D"	"2"	"3s.14p"	"1P*"	"1"	5	3		""	"L4575"	
Al	1	"256.7984"	"256.79823"	"10g"	"1.92e+07"	B	"0.0000000"	"4.8266321"	"3s2.3p"	"2P*"	"1/2"	"3s2.nd"	"y 2D"	"3/2"	2	4		"T5653"	"L3514"	
Al	1	"257.5094"	"257.50940"	"10g"	"3.60e+07"	C+	"0.0138938"	"4.8271968"	"3s2.3p"	"2P*"	"3/2"	"3s2.nd"	"y 2D"	"5/2"	4	6		"u36,T5653,LS"	"L3514"	
Al	1	"257.5393"	"257.53962"	"3g"	"5.99e+06"	C+	"0.0138938"	"4.8266321"	"3s2.3p"	"2P*"	"3/2"	"3s2.nd"	"y 2D"	"3/2"	4	4		"T5653LS"	"L3514"	
Al	2	"258.6829"	"258.6827"	"150"	""		"13.649399"	"18.440872"	"3s.3d"	"1D"	"2"	"3s.12f"	"1F*"	"3"	5	7		""	"L4575"	
Al	2	"259.6992"	"259.6990"	"300"	""		"13.649399"	"18.422123"	"3s.3d"	"1D"	"2"	"3s.13p"	"1P*"	"1"	5	3		""	"L4575"	
Al	2	"262.2926"	"262.2934"	"15"	""		"13.841265"	"18.56678"	"3p2"	"1S"	"0"	"3s.16p"	"1P*"	"1"	1	3		""	"L4575"	
Al	2	"262.7597"	"262.7609"	"350"	""		"13.649399"	"18.36651"	"3s.3d"	"1D"	"2"	"3s.11f"	"1F*"	"3"	5	7		""	"L4575"	
Al	2	"263.1546"	"263.1546"	"100"	"2.48e+08"	B+	"10.598337"	"15.30839"	"3p2"	"1D"	"2"	"3s.4f"	"1F*"	"3"	5	7		"T6533"	"L4575"	
Al	1	"263.395"	"263.3975"	"2"	""		"5.2368177"	"9.94253"	"3s2.4d"	"2D"	"5/2"	"3s.3p.(3P*).5d"	"2D*"	"5/2"	6	6		""	"L3514"	
Al	2	"263.5020"	"263.5018"	"250"	""		"10.598337"	"15.302186"	"3p2"	"1D"	"2"	"3s.4f"	"3F*"	"3"	5	7		""	"L4575"	
Al	1	"263.603"	"263.6049"	"2"	""		"5.2363166"	"9.93833"	"3s2.4d"	"2D"	"3/2"	"3s.3p.(3P*).5d"	"2D*"	"3/2"	4	4		""	"L3514"	
Al	1	"263.632"	"263.6330"	"1"	""		"5.2368177"	"9.93833"	"3s2.4d"	"2D"	"5/2"	"3s.3p.(3P*).5d"	"2D*"	"3/2"	6	4		""	"L3514"	
Al	2	"263.6724"	"263.6716"	"500"	""		"13.649399"	"18.350218"	"3s.3d"	"1D"	"2"	"3s.12p"	"1P*"	"1"	5	3		""	"L4575"	
Al	2	"263.7689"	"263.7691"	"3000"	"2.85e+07"	C+	"11.846618"	"16.545700"	"3s.3d"	"3D"	"3"	"3s.5f"	"3F*"	"4"	7	9		"T6298c4,LS"	"L4575"	
Al	2	"263.8178"	"263.8178"	"1000"	"3.18e+06"	C+	"11.846618"	"16.544833"	"3s.3d"	"3D"	"3"	"3s.5f"	"3F*"	"3"	7	7		"T6298c4,LS"	"L4575"	
Al	2	"263.8255"	"263.8254"	"2500"	"2.53e+07"	C+	"11.846753"	"16.544833"	"3s.3d"	"3D"	"2"	"3s.5f"	"3F*"	"3"	5	7		"T6298c4,LS"	"L4575"	
Al	2	""	"263.8552"	""	"1.25e+05"	E	"11.846618"	"16.544168"	"3s.3d"	"3D"	"3"	"3s.5f"	"3F*"	"2"	7	5		"T6298c4,LS"	""	
Al	2	"263.8627"	"263.8628"	"500"	"4.44e+06"	C+	"11.846753"	"16.544168"	"3s.3d"	"3D"	"2"	"3s.5f"	"3F*"	"2"	5	5		"T6298c4,LS"	"L4575"	
Al	2	"263.8690"	"263.8692"	"2000"	"2.40e+07"	C+	"11.846869"	"16.544168"	"3s.3d"	"3D"	"1"	"3s.5f"	"3F*"	"2"	3	5		"T6298c4,LS"	"L4575"	
Al	2	"264.0408"	"264.0407"	"450"	""		"13.256460"	"17.950709"	"3s.4p"	"1P*"	"1"	"3s.8d"	"1D"	"2"	3	5		""	"L4575"	
Al	1	"264.749"	"264.7545"	"6"	""		"4.0852554"	"8.76685"	"3s2.4p"	"2P*"	"1/2"	"3s.3p.(3P*).4p"	"2P"	"1/2"	2	2		""	"L3514"	
Al	1	"264.861"	"264.8656"	"4"	""		"4.0872183"	"8.76685"	"3s2.4p"	"2P*"	"3/2"	"3s.3p.(3P*).4p"	"2P"	"1/2"	4	2		""	"L3514"	
Al	2	"265.0073"	"265.0073"	"500"	""		"13.256460"	"17.933588"	"3s.4p"	"1P*"	"1"	"3s.9s"	"1S"	"0"	3	1		""	"L4575"	
Al	1	"265.2484"	"265.24758"	"10g"	"1.42e+07"	B	"0.0000000"	"4.6728909"	"3s2.3p"	"2P*"	"1/2"	"3s2.5s"	"2S"	"1/2"	2	2		"T7365"	"L3514"	
Al	1	"265.7406"	"265.7405"	"3"	""		"4.8271968"	"9.491421"	"3s2.nd"	"y 2D"	"5/2"	"3s.3p.(3P*).4d"	"2D*"	"5/2"	6	6		""	"L4737"	
Al	1	"265.933"	"265.9329"	"3"	""		"4.8266321"	"9.48748"	"3s2.nd"	"y 2D"	"3/2"	"3s.3p.(3P*).4d"	"2D*"	"3/2"	4	4		""	"L3514"	
Al	2	""	"266.0355"	""	"3.35e-03"	A+	"0.000000"	"4.659052"	"2p6.3s2"	"1S"	"0"	"3s.3p"	"3P*"	"2"	1	5	M2	"c41"	""	
Al	1	"266.0393"	"266.03863"	"10g"	"2.84e+07"	B	"0.0138938"	"4.6728909"	"3s2.3p"	"2P*"	"3/2"	"3s2.5s"	"2S"	"1/2"	4	2		"T7365"	"L3514"	
Al	2	"266.9157"	"266.9155"	"2500g"	"3.28e+03"	A+	"0.000000"	"4.643693"	"2p6.3s2"	"1S"	"0"	"3s.3p"	"3P*"	"1"	1	3		"T6947"	"L4575"	
Al	2	"267.1811"	"267.1813"	"45"	""		"13.841265"	"18.480338"	"3p2"	"1S"	"0"	"3s.14p"	"1P*"	"1"	1	3		""	"L4575"	
Al	2	"268.3274"	"268.3274"	"500"	""		"13.649399"	"18.268659"	"3s.3d"	"1D"	"2"	"3s.10f"	"1F*"	"3"	5	7		""	"L4575"	
Al	2	"268.8743"	"268.8748"	"500"	""		"13.649399"	"18.259255"	"3s.3d"	"1D"	"2"	"3s.11p"	"1P*"	"1"	5	3		""	"L4575"	
Al	2	"270.5770"	"270.5769"	"50"	""		"13.841265"	"18.422123"	"3p2"	"1S"	"0"	"3s.13p"	"1P*"	"1"	1	3		""	"L4575"	
Al	2	"270.6435"	"270.6435"	"300"	""		"13.071347"	"17.651077"	"3s.4p"	"3P*"	"0"	"3s.7d"	"3D"	"1"	1	3		""	"L4575"	
Al	2	"270.7452"	"270.7449"	"500"	""		"13.073080"	"17.651096"	"3s.4p"	"3P*"	"1"	"3s.7d"	"3D"	"2"	3	5		""	"L4575"	
Al	2	"270.9593"	"270.9587"	"1000"	""		"13.076729"	"17.651132"	"3s.4p"	"3P*"	"2"	"3s.7d"	"3D"	"3"	5	7		""	"L4575"	
Al	2	"271.9884"	"271.9881"	"350"	""		"13.071347"	"17.628438"	"3s.4p"	"3P*"	"0"	"3s.8s"	"3S"	"1"	1	3		""	"L4575"	
Al	2	"272.3098"	"272.3098"	"500"	""		"13.076729"	"17.628438"	"3s.4p"	"3P*"	"2"	"3s.8s"	"3S"	"1"	5	3		""	"L4575"	
Al	1	"274.0980"	"274.0983"	"4"	""		"5.2368177"	"9.758828"	"3s2.4d"	"2D"	"5/2"	"3s.3p.(3P*).4d"	"2F*"	"7/2"	6	8		""	"L4737"	
Al	1	"274.8065"	"274.8065"	"3"	""		"5.2363166"	"9.746674"	"3s2.4d"	"2D"	"3/2"	"3s.3p.(3P*).4d"	"2F*"	"5/2"	4	6		""	"L4737"	
Al	2	"274.8925"	"274.8921"	"150"	""		"13.841265"	"18.350218"	"3p2"	"1S"	"0"	"3s.12p"	"1P*"	"1"	1	3		""	"L4575"	
Al	2	"276.0844"	"276.0845"	"500"	""		"13.649399"	"18.138878"	"3s.3d"	"1D"	"2"	"3s.10p"	"1P*"	"1"	5	3		""	"L4575"	
Al	2	"276.2464"	"276.2464"	"500"	""		"13.649399"	"18.136247"	"3s.3d"	"1D"	"2"	"3s.9f"	"1F*"	"3"	5	7		""	"L4575"	
Al	3	"276.2815"	"276.2772"	"9d*"	"7.47e+06"	A	"20.554884"	"25.041232"	"2p6.4d"	"2D"	"5/2"	"2p6.6f"	"2F*"	"5/2"	6	6		"c32"	"L3473"	
Al	3	"276.2815"	"276.2772"	"9d*"	"1.12e+08"	A+	"20.554884"	"25.041232"	"2p6.4d"	"2D"	"5/2"	"2p6.6f"	"2F*"	"7/2"	6	8		"c32"	"L3473"	
Al	3	"276.2815"	"276.2863"	"9d*"	"1.05e+08"	A+	"20.555032"	"25.041232"	"2p6.4d"	"2D"	"3/2"	"2p6.6f"	"2F*"	"5/2"	4	6		"c32"	"L3473"	
Al	1	"277.519"	"277.5181"	"1"	""		"5.4762391"	"9.94253"	"3s2.5d"	"2D"	"5/2"	"3s.3p.(3P*).5d"	"2D*"	"5/2"	6	6		""	"L3514"	
Al	1	"277.763"	"277.7606"	"2"	""		"5.4759355"	"9.93833"	"3s2.5d"	"2D"	"3/2"	"3s.3p.(3P*).5d"	"2D*"	"3/2"	4	4		""	"L3514"	
Al	2	"280.1178"	"280.1181"	"500"	""		"13.256460"	"17.681296"	"3s.4p"	"1P*"	"1"	"3s.7d"	"1D"	"2"	3	5		""	"L4575"	
Al	2	"280.5518"	"280.5522"	"150"	""		"13.841265"	"18.259255"	"3p2"	"1S"	"0"	"3s.11p"	"1P*"	"1"	1	3		""	"L4575"	
Al	2	"281.6185"	"281.6185"	"4000"	"3.57e+08"	A	"7.420705"	"11.821968"	"3s.3p"	"1P*"	"1"	"3s.4s"	"1S"	"0"	3	1		"c47,u24"	"L4575"	
Al	2	"282.0646"	"282.0641"	"125"	""		"13.256460"	"17.650770"	"3s.4p"	"1P*"	"1"	"3s.8s"	"1S"	"0"	3	1		""	"L4575"	
Al	3	""	"283.1706"	""	"7.15e+05"	B+	"22.122926"	"26.500065"	"2p6.5p"	"2P*"	"1/2"	"2p6.8d"	"2D"	"3/2"	2	4		"c32"	""	
Al	3	""	"283.4669"	"*"	"1.35e+05"	B	"22.127500"	"26.500065"	"2p6.5p"	"2P*"	"3/2"	"2p6.8d"	"2D"	"3/2"	4	4		"c32"	""	
Al	3	""	"283.4669"	"*"	"8.13e+05"	B+	"22.127500"	"26.500065"	"2p6.5p"	"2P*"	"3/2"	"2p6.8d"	"2D"	"5/2"	4	6		"c32"	""	
Al	1	"283.7856"	"283.78563"	"2"	""		"4.0214836"	"8.3891377"	"3s2.3d"	"2D"	"3/2"	"3s.3p.(3P*).3d"	"2D*"	"5/2"	4	6		""	"L4737"	
Al	1	"283.7963"	"283.79645"	"7"	""		"4.0216502"	"8.3891377"	"3s2.3d"	"2D"	"5/2"	"3s.3p.(3P*).3d"	"2D*"	"5/2"	6	6		""	"L4737"	
Al	1	"284.0099"	"284.01002"	"7"	""		"4.0214836"	"8.3856871"	"3s2.3d"	"2D"	"3/2"	"3s.3p.(3P*).3d"	"2D*"	"3/2"	4	4		""	"L4737"	
Al	1	"284.0205"	"284.02086"	"2"	""		"4.0216502"	"8.3856871"	"3s2.3d"	"2D"	"5/2"	"3s.3p.(3P*).3d"	"2D*"	"3/2"	6	4		""	"L4737"	
Al	2	"286.8494"	"286.8494"	"1000"	""		"13.649399"	"17.970406"	"3s.3d"	"1D"	"2"	"3s.9p"	"1P*"	"1"	5	3		""	"L4575"	
Al	1	"286.892"	"286.8902"	"1"	""		"5.6221371"	"9.94253"	"3s2.6d"	"2D"	"5/2"	"3s.3p.(3P*).5d"	"2D*"	"5/2"	6	6		""	"L3514"	
Al	1	"287.157"	"287.1578"	"2"	""		"5.6219600"	"9.93833"	"3s2.6d"	"2D"	"3/2"	"3s.3p.(3P*).5d"	"2D*"	"3/2"	4	4		""	"L3514"	
Al	3	""	"287.6819"	""	"9.61e+05"	B+	"21.156335"	"25.464838"	"2p6.5s"	"2S"	"1/2"	"2p6.7p"	"2P*"	"3/2"	2	4		"c32"	""	
Al	3	""	"287.7815"	""	"1.03e+06"	B+	"21.156335"	"25.463347"	"2p6.5s"	"2S"	"1/2"	"2p6.7p"	"2P*"	"1/2"	2	2		"c32"	""	
Al	2	"288.1450"	"288.1446"	"500"	""		"13.649399"	"17.950984"	"3s.3d"	"1D"	"2"	"3s.8f"	"1F*"	"3"	5	7		""	"L4575"	
Al	2	"288.4106"	"288.4109"	"10"	""		"13.841265"	"18.138878"	"3p2"	"1S"	"0"	"3s.10p"	"1P*"	"1"	1	3		""	"L4575"	
Al	1	"289.4228"	"289.4227"	"3"	""		"5.4762391"	"9.758828"	"3s2.5d"	"2D"	"5/2"	"3s.3p.(3P*).4d"	"2F*"	"7/2"	6	8		""	"L4737"	
Al	2	"290.2141"	"290.2143"	""	""		"11.316596"	"15.5875046"	"3s.4s"	"3S"	"1"	"3s.5p"	"3P*"	"2"	3	5		""	"L3515"	
Al	1	"290.2258"	"290.2258"	"2"	""		"5.4759355"	"9.746674"	"3s2.5d"	"2D"	"3/2"	"3s.3p.(3P*).4d"	"2F*"	"5/2"	4	6		""	"L4737"	
Al	2	"290.3225"	"290.3228"	""	""		"11.316596"	"15.5859083"	"3s.4s"	"3S"	"1"	"3s.5p"	"3P*"	"1"	3	3		""	"L3515"	
Al	2	"290.3718"	"290.3708"	""	""		"11.316596"	"15.585203"	"3s.4s"	"3S"	"1"	"3s.5p"	"3P*"	"0"	3	1		""	"L3515"	
Al	3	"290.705"	"290.6900"	"10*"	""		"20.781332"	"25.045252"	"2p6.4f"	"2F*"	"5/2"	"2p6.6g"	"2G"	"7/2"	6	8		""	"L3473"	
Al	3	"290.705"	"290.6953"	"10*"	""		"20.781409"	"25.045252"	"2p6.4f"	"2F*"	"7/2"	"2p6.6g"	"2G"	"9/2"	8	10		""	"L3473"	
Al	3	"290.705"	"290.6953"	"10*"	""		"20.781409"	"25.045252"	"2p6.4f"	"2F*"	"7/2"	"2p6.6g"	"2G"	"7/2"	8	8		""	"L3473"	
Al	1	"291.3267"	"291.3266"	"3"	""		"5.2368177"	"9.491421"	"3s2.4d"	"2D"	"5/2"	"3s.3p.(3P*).4d"	"2D*"	"5/2"	6	6		""	"L4737"	
Al	1	"291.566"	"291.5622"	"2"	""		"5.2363166"	"9.48748"	"3s2.4d"	"2D"	"3/2"	"3s.3p.(3P*).4d"	"2D*"	"3/2"	4	4		""	"L3514"	
Al	1	"292.7930"	"292.7930"	"5"	""		"4.8271968"	"9.06049"	"3s2.nd"	"y 2D"	"5/2"	"3s.3p.(3P*).3d"	"2F*"	"7/2"	6	8		""	"L3514"	
Al	1	"293.604"	"293.6043"	"3"	""		"4.8266321"	"9.04823"	"3s2.nd"	"y 2D"	"3/2"	"3s.3p.(3P*).3d"	"2F*"	"5/2"	4	6		""	"L3514"	
Al	3	""	"296.1005"	""	"1.58e+05"	B+	"20.781332"	"24.967343"	"2p6.4f"	"2F*"	"5/2"	"2p6.6d"	"2D"	"5/2"	6	6		"c32"	""	
Al	3	"296.106"	"296.0974"	"2*"	"3.33e+06"	A	"20.781332"	"24.967387"	"2p6.4f"	"2F*"	"5/2"	"2p6.6d"	"2D"	"3/2"	6	4		"c32"	"L3473"	
Al	3	"296.106"	"296.1060"	"2*"	"3.17e+06"	A	"20.781409"	"24.967343"	"2p6.4f"	"2F*"	"7/2"	"2p6.6d"	"2D"	"5/2"	8	6		"c32"	"L3473"	
Al	2	"299.4277"	"299.4273"	"50"	"4.04e+06"	C	"13.071347"	"17.210850"	"3s.4p"	"3P*"	"0"	"3s.6d"	"3D"	"1"	1	3		"T6298c4,LS"	"L4575"	
Al	2	"299.5525"	"299.5528"	"400"	"5.44e+06"	C+	"13.073080"	"17.210850"	"3s.4p"	"3P*"	"1"	"3s.6d"	"3D"	"2"	3	5		"T6298c4,LS"	"L4575"	
Al	2	""	"299.5528"	""	"3.03e+06"	C	"13.073080"	"17.210850"	"3s.4p"	"3P*"	"1"	"3s.6d"	"3D"	"1"	3	3		"T6298c4,LS"	""	
Al	1	"299.629"	"299.6309"	"3"	""		"5.6221371"	"9.758828"	"3s2.6d"	"2D"	"5/2"	"3s.3p.(3P*).4d"	"2F*"	"7/2"	6	8		""	"L3514"	
Al	2	"299.8150"	"299.8149"	"500"	"7.26e+06"	C+	"13.076729"	"17.210881"	"3s.4p"	"3P*"	"2"	"3s.6d"	"3D"	"3"	5	7		"T6298c4,LS"	"L4575"	
Al	2	""	"299.8172"	""	"2.01e+05"	D	"13.076729"	"17.210850"	"3s.4p"	"3P*"	"2"	"3s.6d"	"3D"	"1"	5	3		"T6298c4,LS"	""	
Al	2	""	"299.8172"	""	"1.81e+06"	C	"13.076729"	"17.210850"	"3s.4p"	"3P*"	"2"	"3s.6d"	"3D"	"2"	5	5		"T6298c4,LS"	""	
Al	2	"300.1790"	"300.1788"	"30"	""		"13.841265"	"17.970406"	"3p2"	"1S"	"0"	"3s.9p"	"1P*"	"1"	1	3		""	"L4575"	
Al	1	"300.502"	"300.5010"	"1"	""		"5.6219600"	"9.746674"	"3s2.6d"	"2D"	"3/2"	"3s.3p.(3P*).4d"	"2F*"	"5/2"	4	6		""	"L3514"	
Al	2	"302.2789"	"302.2792"	"15"	"2.68e+06"	E	"13.071347"	"17.171798"	"3s.4p"	"3P*"	"0"	"3s.7s"	"3S"	"1"	1	3		"T6298c4,LS"	"L4575"	
Al	2	"302.4077"	"302.4070"	"200"	"8.02e+06"	D	"13.073080"	"17.171798"	"3s.4p"	"3P*"	"1"	"3s.7s"	"3S"	"1"	3	3		"T6298c4,LS"	"L4575"	
Al	2	"302.6761"	"302.6765"	"500"	"1.33e+07"	C	"13.076729"	"17.171798"	"3s.4p"	"3P*"	"2"	"3s.7s"	"3S"	"1"	5	3		"T6298c4,LS"	"L4575"	
Al	2	"304.1276"	"304.1276"	"750"	""		"13.649399"	"17.724930"	"3s.3d"	"1D"	"2"	"3s.8p"	"1P*"	"1"	5	3		""	"L4575"	
Al	1	"305.0073"	"305.0072"	"13"	""		"3.603844"	"7.667622"	"3s.3p2"	"4P"	"3/2"	"3s.3p.(3P*).4s"	"4P*"	"5/2"	4	6		""	"L4737"	
Al	1	"305.4679"	"305.4679"	"5"	""		"3.598072"	"7.655722"	"3s.3p2"	"4P"	"1/2"	"3s.3p.(3P*).4s"	"4P*"	"3/2"	2	4		""	"L4737"	
Al	1	"305.7144"	"305.7144"	"14"	""		"3.613244"	"7.667622"	"3s.3p2"	"4P"	"5/2"	"3s.3p.(3P*).4s"	"4P*"	"5/2"	6	6		""	"L4737"	
Al	1	"305.9029"	"305.9030"	"4"	""		"3.603844"	"7.655722"	"3s.3p2"	"4P"	"3/2"	"3s.3p.(3P*).4s"	"4P*"	"3/2"	4	4		""	"L4737"	
Al	1	"305.9924"	"305.9924"	"4"	""		"3.598072"	"7.648766"	"3s.3p2"	"4P"	"1/2"	"3s.3p.(3P*).4s"	"4P*"	"1/2"	2	2		""	"L4737"	
Al	1	"306.4290"	"306.4290"	"7"	""		"3.603844"	"7.648766"	"3s.3p2"	"4P"	"3/2"	"3s.3p.(3P*).4s"	"4P*"	"1/2"	4	2		""	"L4737"	
Al	1	"306.512"	"306.5094"	"1"	""		"5.7149663"	"9.758828"	"3s2.7d"	"2D"	"5/2"	"3s.3p.(3P*).4d"	"2F*"	"7/2"	6	8		""	"L3514"	
Al	1	"306.6145"	"306.6144"	"5"	""		"3.613244"	"7.655722"	"3s.3p2"	"4P"	"5/2"	"3s.3p.(3P*).4s"	"4P*"	"3/2"	6	4		""	"L4737"	
Al	2	"307.4691"	"307.4684"	"750"	"9.02e+06"	C	"13.649399"	"17.680649"	"3s.3d"	"1D"	"2"	"3s.7f"	"1F*"	"3"	5	7		"T6533"	"L4575"	
Al	1	"308.21529"	"308.21510"	"24g"	"5.87e+07"	B+	"0.0000000"	"4.0214836"	"3s2.3p"	"2P*"	"1/2"	"3s2.3d"	"2D"	"3/2"	2	4		"c40,T5653"	"L4737"	
Al	1	"308.702"	"308.6989"	"5"	""		"5.4762391"	"9.491421"	"3s2.5d"	"2D"	"5/2"	"3s.3p.(3P*).4d"	"2D*"	"5/2"	6	6		""	"L3514"	
Al	2	"308.8516"	"308.8518"	"800"	"1.08e+07"	B	"13.256460"	"17.269654"	"3s.4p"	"1P*"	"1"	"3s.6d"	"1D"	"2"	3	5		"T6533"	"L4575"	
Al	1	"308.982"	"308.9786"	"1"	""		"5.4759355"	"9.48748"	"3s2.5d"	"2D"	"3/2"	"3s.3p.(3P*).4d"	"2D*"	"3/2"	4	4		""	"L3514"	
Al	1	"309.27099"	"309.27084"	"26g"	"7.29e+07"	B+	"0.0138938"	"4.0216502"	"3s2.3p"	"2P*"	"3/2"	"3s2.3d"	"2D"	"5/2"	4	6		"c40,T7070"	"L4737"	
Al	1	"309.28386"	"309.28369"	"20g"	"1.16e+07"	B	"0.0138938"	"4.0214836"	"3s2.3p"	"2P*"	"3/2"	"3s2.3d"	"2D"	"3/2"	4	4		"c40"	"L4737"	
Al	2	"313.5848"	"313.5850"	"75"	""		"13.256460"	"17.209081"	"3s.4p"	"1P*"	"1"	"3s.7s"	"1S"	"0"	3	1		""	"L4575"	
Al	3	"318.0111"	"318.0100"	"3d"	"1.04e+07"	A	"22.122926"	"26.020550"	"2p6.5p"	"2P*"	"1/2"	"2p6.8s"	"2S"	"1/2"	2	2		"c32"	"L277"	
Al	3	"318.3824"	"318.3836"	"4d"	"2.08e+07"	A	"22.127500"	"26.020550"	"2p6.5p"	"2P*"	"3/2"	"2p6.8s"	"2S"	"1/2"	4	2		"c32"	"L277"	
Al	2	"319.1529"	"319.1531"	"2"	""		"13.841265"	"17.724930"	"3p2"	"1S"	"0"	"3s.8p"	"1P*"	"1"	1	3		""	"L4575"	
Al	1	"320.339"	"320.3394"	"4"	""		"5.6221371"	"9.491421"	"3s2.6d"	"2D"	"5/2"	"3s.3p.(3P*).4d"	"2D*"	"5/2"	6	6		""	"L3514"	
Al	1	"324.159"	"324.1605"	"3"	""		"5.2368177"	"9.06049"	"3s2.4d"	"2D"	"5/2"	"3s.3p.(3P*).3d"	"2F*"	"7/2"	6	8		""	"L3514"	
Al	1	"325.160"	"325.1607"	"2"	""		"5.2363166"	"9.04823"	"3s2.4d"	"2D"	"3/2"	"3s.3p.(3P*).3d"	"2F*"	"5/2"	4	6		""	"L3514"	
Al	2	"327.5767"	"327.5766"	"80"	"7.41e+06"	C+	"11.821968"	"15.6057689"	"3s.4s"	"1S"	"0"	"3s.5p"	"1P*"	"1"	1	3		"T6533"	"L4575"	
Al	1	"328.220"	"328.2139"	"3"	""		"5.7149663"	"9.491421"	"3s2.7d"	"2D"	"5/2"	"3s.3p.(3P*).4d"	"2D*"	"5/2"	6	6		""	"L3514"	
Al	3	"328.3316"	"328.3299"	"2d"	"1.99e+06"	B+	"22.122926"	"25.898046"	"2p6.5p"	"2P*"	"1/2"	"2p6.7d"	"2D"	"3/2"	2	4		"c32"	"L277"	
Al	3	""	"328.7282"	""	"3.82e+05"	B+	"22.127500"	"25.898046"	"2p6.5p"	"2P*"	"3/2"	"2p6.7d"	"2D"	"3/2"	4	4		"c32"	""	
Al	3	"328.7302"	"328.7282"	"3d"	"2.29e+06"	A	"22.127500"	"25.898046"	"2p6.5p"	"2P*"	"3/2"	"2p6.7d"	"2D"	"5/2"	4	6		"c32"	"L277"	
Al	2	"331.3344"	"331.3346"	"80"	"1.33e+06"	C	"11.846618"	"15.5875046"	"3s.3d"	"3D"	"3"	"3s.5p"	"3P*"	"2"	7	5		"T6298c4,LS"	"L3515"	
Al	2	"331.3470"	"331.3466"	"2"	"2.37e+05"	D	"11.846753"	"15.5875046"	"3s.3d"	"3D"	"2"	"3s.5p"	"3P*"	"2"	5	5		"T6298c4,LS"	"L3515"	
Al	2	""	"331.3568"	""	"1.58e+04"	E	"11.846869"	"15.5875046"	"3s.3d"	"3D"	"1"	"3s.5p"	"3P*"	"2"	3	5		"T6298c4,LS"	""	
Al	2	"331.4756"	"331.4761"	"2"	""		"11.846618"	"15.5859083"	"3s.3d"	"3D"	"3"	"3s.5p"	"3P*"	"1"	7	3		""	"L3515"	
Al	2	"331.4883"	"331.4881"	"40"	"1.18e+06"	C	"11.846753"	"15.5859083"	"3s.3d"	"3D"	"2"	"3s.5p"	"3P*"	"1"	5	3		"T6298c4,LS"	"L3515"	
Al	2	"331.4981"	"331.4983"	"1"	"3.94e+05"	D	"11.846869"	"15.5859083"	"3s.3d"	"3D"	"1"	"3s.5p"	"3P*"	"1"	3	3		"T6298c4,LS"	"L3515"	
Al	2	"331.5516"	"331.5506"	"2"	""		"11.846753"	"15.585203"	"3s.3d"	"3D"	"2"	"3s.5p"	"3P*"	"0"	5	1		""	"L3515"	
Al	2	"331.5608"	"331.5608"	"10"	"1.58e+06"	D	"11.846869"	"15.585203"	"3s.3d"	"3D"	"1"	"3s.5p"	"3P*"	"0"	3	1		"T6298c4,LS"	"L3515"	
Al	3	"334.8517"	"334.8513"	"9"	"1.88e+07"	A+	"20.554884"	"24.256484"	"2p6.4d"	"2D"	"5/2"	"2p6.6p"	"2P*"	"3/2"	6	4		"c32"	"L277"	
Al	3	""	"334.8646"	""	"2.08e+06"	A	"20.555032"	"24.256484"	"2p6.4d"	"2D"	"3/2"	"2p6.6p"	"2P*"	"3/2"	4	4		"c32"	""	
Al	3	"335.0885"	"335.0894"	"8"	"2.07e+07"	A+	"20.555032"	"24.254002"	"2p6.4d"	"2D"	"3/2"	"2p6.6p"	"2P*"	"1/2"	4	2		"c32"	"L277"	
Al	2	"335.1462"	"335.1462"	"50"	"1.04e+07"	C	"13.649399"	"17.347743"	"3s.3d"	"1D"	"2"	"3s.7p"	"1P*"	"1"	5	3		"T6533"	"L4575"	
Al	2	"342.8894"	"342.8900"	"30"	"5.78e+06"	C+	"13.649399"	"17.2642222"	"3s.3d"	"1D"	"2"	"3s.6f"	"1F*"	"3"	5	7		"T6533"	"L4575"	
Al	1	"343.9347"	"343.9346"	"6g"	""		"0.0000000"	"3.603844"	"3s2.3p"	"2P*"	"1/2"	"3s.3p2"	"4P"	"3/2"	2	4		""	"L4737"	
Al	1	"344.3640"	"344.3640"	"9g"	""		"0.0138938"	"3.613244"	"3s2.3p"	"2P*"	"3/2"	"3s.3p2"	"4P"	"5/2"	4	6		""	"L4737"	
Al	1	"344.4865"	"344.4863"	"6g"	""		"0.0000000"	"3.598072"	"3s2.3p"	"2P*"	"1/2"	"3s.3p2"	"4P"	"1/2"	2	2		""	"L4737"	
Al	1	"345.2657"	"345.2658"	"2g"	""		"0.0138938"	"3.603844"	"3s2.3p"	"2P*"	"3/2"	"3s.3p2"	"4P"	"3/2"	4	4		""	"L4737"	
Al	1	"345.8216"	"345.8145"	"6g*"	""		"5.4762391"	"9.06049"	"3s2.5d"	"2D"	"5/2"	"3s.3p.(3P*).3d"	"2F*"	"7/2"	6	8		""	"L4737"	
Al	1	"345.8216"	"345.8218"	"6g*"	""		"0.0138938"	"3.598072"	"3s2.3p"	"2P*"	"3/2"	"3s.3p2"	"4P"	"1/2"	4	2		""	"L4737"	
Al	2	"346.363"	"346.3603"	"5"	""		"15.062034"	"18.64064"	"3s.4d"	"3D"	"3"	"3s.17f"	"3F*"	"4"	7	9		""	"L3471"	
Al	1	"346.980"	"346.9722"	"1"	""		"5.4759355"	"9.04823"	"3s2.5d"	"2D"	"3/2"	"3s.3p.(3P*).3d"	"2F*"	"5/2"	4	6		""	"L3514"	
Al	1	"347.9806"	"347.98083"	"5"	""		"4.8271968"	"8.3891377"	"3s2.nd"	"y 2D"	"5/2"	"3s.3p.(3P*).3d"	"2D*"	"5/2"	6	6		""	"L4737"	
Al	1	"348.2628"	"348.26300"	"5"	""		"4.8266321"	"8.3856871"	"3s2.nd"	"y 2D"	"3/2"	"3s.3p.(3P*).3d"	"2D*"	"3/2"	4	4		""	"L4737"	
Al	2	"351.605"	"351.6059"	"2"	""		"15.062034"	"18.58725"	"3s.4d"	"3D"	"3"	"3s.15f"	"3F*"	"4"	7	9		""	"L3471"	
Al	3	""	"352.4869"	""	"1.07e+06"	B+	"23.417834"	"26.934242"	"2p6.5d"	"2D"	"5/2"	"2p6.9f"	"2F*"	"5/2"	6	6		"c32"	""	
Al	3	""	"352.4869"	""	"1.61e+07"	A	"23.417834"	"26.934242"	"2p6.5d"	"2D"	"5/2"	"2p6.9f"	"2F*"	"7/2"	6	8		"c32"	""	
Al	3	""	"352.4950"	""	"1.50e+07"	A	"23.417915"	"26.934242"	"2p6.5d"	"2D"	"3/2"	"2p6.9f"	"2F*"	"5/2"	4	6		"c32"	""	
Al	2	"353.4856"	"353.4851"	"5"	"8.11e+05"	C	"13.841265"	"17.347743"	"3p2"	"1S"	"0"	"3s.7p"	"1P*"	"1"	1	3		"T6533"	"L4575"	
Al	2	"355.200"	"355.1951"	"3"	""		"15.062034"	"18.55163"	"3s.4d"	"3D"	"3"	"3s.14f"	"3F*"	"4"	7	9		""	"L3471"	
Al	2	"358.6557"	"358.6557"	"200"	"2.35e+08"	A	"11.846618"	"15.302546"	"3s.3d"	"3D"	"3"	"3s.4f"	"3F*"	"4"	7	9		"T6298c4,LS"	"L3515"	
Al	2	"358.6708"	"358.6697"	"15"	""		"11.846753"	"15.302546"	"3s.3d"	"3D"	"2"	"3s.4f"	"3F*"	"4"	5	9		""	"L3515"	
Al	2	"358.6811"	"358.6817"	"2"	""		"11.846869"	"15.302546"	"3s.3d"	"3D"	"1"	"3s.4f"	"3F*"	"4"	3	9		""	"L3515"	
Al	2	"358.6912"	"358.6931+"	"50"	""		"11.846618"	"15.302186"	"3s.3d"	"3D"	"3"	"3s.4f"	"3F*"	"3"	7	7		""	"L3515c14"	
Al	2	"358.6920"	"358.6931"	"75hfs"	"2.62e+07"	B	"11.846618"	"15.302186"	"3s.3d"	"3D"	"3"	"3s.4f"	"3F*"	"3"	7	7		"T6298c4,LS"	"L3515c150"	
Al	2	"358.6936"	"358.6931+"	"25"	""		"11.846618"	"15.302186"	"3s.3d"	"3D"	"3"	"3s.4f"	"3F*"	"3"	7	7		""	"L3515c14"	
Al	2	"358.7068"	"358.7072"	"100"	"2.09e+08"	B+	"11.846753"	"15.302186"	"3s.3d"	"3D"	"2"	"3s.4f"	"3F*"	"3"	5	7		"T6298c4,LS"	"L3515"	
Al	2	"358.7165"	"358.7185+"	"5"	""		"11.846618"	"15.301941"	"3s.3d"	"3D"	"3"	"3s.4f"	"3F*"	"2"	7	5		""	"L3515c14"	
Al	2	"358.7185"	"358.7185"	"15hfs"	"1.03e+06"	C	"11.846618"	"15.301941"	"3s.3d"	"3D"	"3"	"3s.4f"	"3F*"	"2"	7	5		"T6298c4,LS"	"L3515c150"	
Al	2	"358.7195"	"358.7185+"	"10"	""		"11.846618"	"15.301941"	"3s.3d"	"3D"	"3"	"3s.4f"	"3F*"	"2"	7	5		""	"L3515c14"	
Al	2	"358.7309"	"358.7325+"	"30"	""		"11.846753"	"15.301941"	"3s.3d"	"3D"	"2"	"3s.4f"	"3F*"	"2"	5	5		""	"L3515c14"	
Al	2	"358.7330"	"358.7325"	"80hfs"	"3.66e+07"	B	"11.846753"	"15.301941"	"3s.3d"	"3D"	"2"	"3s.4f"	"3F*"	"2"	5	5		"T6298c4,LS"	"L3515c150"	
Al	2	"358.7342"	"358.7325+"	"50"	""		"11.846753"	"15.301941"	"3s.3d"	"3D"	"2"	"3s.4f"	"3F*"	"2"	5	5		""	"L3515c14"	
Al	2	"358.7450"	"358.7445"	"70"	"1.97e+08"	B+	"11.846869"	"15.301941"	"3s.3d"	"3D"	"1"	"3s.4f"	"3F*"	"2"	3	5		"T6298c4,LS"	"L4575"	
Al	2	"359.750"	"359.7455"	"4"	""		"15.062034"	"18.50749"	"3s.4d"	"3D"	"3"	"3s.13f"	"3F*"	"4"	7	9		""	"L3471"	
Al	3	"360.1628"	"360.1630"	"14"	"1.31e+08"	A+	"14.376738"	"17.818203"	"2p6.3d"	"2D"	"5/2"	"2p6.4p"	"2P*"	"3/2"	6	4		"c32"	"L277"	
Al	3	"360.1926"	"360.1927"	"11"	"1.46e+07"	A+	"14.377022"	"17.818203"	"2p6.3d"	"2D"	"3/2"	"2p6.4p"	"2P*"	"3/2"	4	4		"c32"	"L277"	
Al	3	"361.2356"	"361.2355"	"13"	"1.45e+08"	A+	"14.377022"	"17.808269"	"2p6.3d"	"2D"	"3/2"	"2p6.4p"	"2P*"	"1/2"	4	2		"c32"	"L277"	
Al	2	"364.9184"	"364.9204+"	"10"	""		"13.071347"	"16.467947"	"3s.4p"	"3P*"	"0"	"3s.5d"	"3D"	"1"	1	3		""	"L3515c14"	
Al	2	"364.9200"	"364.9204"	"15hfs"	"1.26e+07"	C+	"13.071347"	"16.467947"	"3s.4p"	"3P*"	"0"	"3s.5d"	"3D"	"1"	1	3		"T6298c4,LS"	"L3515c150"	
Al	2	"364.9232"	"364.9204+"	"5"	""		"13.071347"	"16.467947"	"3s.4p"	"3P*"	"0"	"3s.5d"	"3D"	"1"	1	3		""	"L3515c14"	
Al	2	"365.1065"	"365.1087+"	"40"	""		"13.073080"	"16.467928"	"3s.4p"	"3P*"	"1"	"3s.5d"	"3D"	"2"	3	5		""	"L3515c14"	
Al	2	""	"365.1067"	""	"9.45e+06"	C+	"13.073080"	"16.467947"	"3s.4p"	"3P*"	"1"	"3s.5d"	"3D"	"1"	3	3		"T6298c4,LS"	""	
Al	2	"365.1078"	"365.1087"	"70hfs"	"1.70e+07"	C+	"13.073080"	"16.467928"	"3s.4p"	"3P*"	"1"	"3s.5d"	"3D"	"2"	3	5		"T6298c4,LS"	"L3515c150"	
Al	2	"365.1096"	"365.1087+"	"30"	""		"13.073080"	"16.467928"	"3s.4p"	"3P*"	"1"	"3s.5d"	"3D"	"2"	3	5		""	"L3515c14"	
Al	3	""	"365.2052"	""	""		"23.541636"	"26.935588"	"2p6.5f"	"2F*"	"5/2"	"2p6.9g"	"2G"	"7/2"	6	8		""	""	
Al	3	""	"365.2094"	""	""		"23.541676"	"26.935588"	"2p6.5f"	"2F*"	"7/2"	"2p6.9g"	"2G"	"9/2"	8	10		""	""	
Al	2	"365.4981"	"365.5004+"	"35"	""		"13.076729"	"16.467940"	"3s.4p"	"3P*"	"2"	"3s.5d"	"3D"	"3"	5	7		""	"L3515c14"	
Al	2	"365.4991"	"365.5004"	"85hfs"	"2.26e+07"	B	"13.076729"	"16.467940"	"3s.4p"	"3P*"	"2"	"3s.5d"	"3D"	"3"	5	7		"T6298c4,LS"	"L3515c150"	
Al	2	""	"365.4996"	""	"6.28e+05"	C	"13.076729"	"16.467947"	"3s.4p"	"3P*"	"2"	"3s.5d"	"3D"	"1"	5	3		"T6298c4,LS"	""	
Al	2	"365.4998"	"365.5004+"	"50"	""		"13.076729"	"16.467940"	"3s.4p"	"3P*"	"2"	"3s.5d"	"3D"	"3"	5	7		""	"L3515c14"	
Al	2	""	"365.5016"	""	"5.64e+06"	C+	"13.076729"	"16.467928"	"3s.4p"	"3P*"	"2"	"3s.5d"	"3D"	"2"	5	5		"T6298c4,LS"	""	
Al	2	"365.6319"	"365.6309"	"2"	""		"15.062034"	"18.45204"	"3s.4d"	"3D"	"3"	"3s.12f"	"3F*"	"4"	7	9		""	"L3471"	
Al	3	"365.83"	"365.8790"	"1d*"	""		"23.548132"	"26.935834"	"2p6.5g"	"2G"	"7/2"	"2p6.9h"	"2H*"	"9/2"	8	10		""	"L3473"	
Al	3	"365.83"	"365.8815"	"*"	""		"23.548155"	"26.935834"	"2p6.5g"	"2G"	"9/2"	"2p6.9h"	"2H*"	"11/2"	10	12		""	"L3473"	
Al	3	""	"366.0510"	""	""		"23.548132"	"26.934242"	"2p6.5g"	"2G"	"7/2"	"2p6.9f"	"2F*"	"5/2"	8	6		""	""	
Al	3	""	"366.0535"	""	""		"23.548155"	"26.934242"	"2p6.5g"	"2G"	"9/2"	"2p6.9f"	"2F*"	"7/2"	10	8		""	""	
Al	3	"370.2106"	"370.2106"	"10"	"1.13e+08"	A+	"17.808269"	"21.156335"	"2p6.4p"	"2P*"	"1/2"	"2p6.5s"	"2S"	"1/2"	2	2		"c32"	"L277"	
Al	2	"370.3219"	"370.3225"	"30"	"3.23e+07"	B+	"13.256460"	"16.6035135"	"3s.4p"	"1P*"	"1"	"3s.5d"	"1D"	"2"	3	5		"T6533"	"L4575"	
Al	3	"371.3123"	"371.3123"	"11"	"2.27e+08"	A+	"17.818203"	"21.156335"	"2p6.4p"	"2P*"	"3/2"	"2p6.5s"	"2S"	"1/2"	4	2		"c32"	"L277"	
Al	2	"373.1952"	"373.1954"	"10"	"4.95e+06"	C+	"13.071347"	"16.3926349"	"3s.4p"	"3P*"	"0"	"3s.6s"	"3S"	"1"	1	3		"T6298c4,LS"	"L4575"	
Al	2	"373.3908"	"373.3903"	"20"	"1.48e+07"	C+	"13.073080"	"16.3926349"	"3s.4p"	"3P*"	"1"	"3s.6s"	"3S"	"1"	3	3		"T6298c4,LS"	"L4575"	
Al	2	"373.4567"	"373.4522"	"3"	""		"15.062034"	"18.381039"	"3s.4d"	"3D"	"3"	"3s.11f"	"3F*"	"4"	7	9		""	"L3471"	
Al	2	"373.4715"	"373.4658"	"2*"	""		"15.062086"	"18.380970"	"3s.4d"	"3D"	"2"	"3s.11f"	"3F*"	"3"	5	7		""	"L3471"	
Al	2	"373.4715"	"373.4726"	"2*"	""		"15.0621276"	"18.380951"	"3s.4d"	"3D"	"1"	"3s.11f"	"3F*"	"2"	3	5		""	"L3471"	
Al	2	"373.8015"	"373.8012"	"50"	"2.46e+07"	C+	"13.076729"	"16.3926349"	"3s.4p"	"3P*"	"2"	"3s.6s"	"3S"	"1"	5	3		"T6298c4,LS"	"L4575"	
Al	2	"375.310"	"375.3002"	"2"	""		"15.0475561"	"18.350218"	"3s.5s"	"1S"	"0"	"3s.12p"	"1P*"	"1"	1	3		""	"L3471"	
Al	2	""	"377.1207"	""	""		"14.8896243"	"18.176344"	"3s.5s"	"3S"	"1"	"3s.10p"	"3P*"	"2"	3	5		""	""	
Al	2	""	"377.1939"	""	""		"14.8896243"	"18.175705"	"3s.5s"	"3S"	"1"	"3s.10p"	"3P*"	"1"	3	3		""	""	
Al	2	""	"377.2238"	""	""		"14.8896243"	"18.175445"	"3s.5s"	"3S"	"1"	"3s.10p"	"3P*"	"0"	3	1		""	""	
Al	2	"384.2037"	"384.2016"	"6"	""		"15.062034"	"18.288180"	"3s.4d"	"3D"	"3"	"3s.10f"	"3F*"	"4"	7	9		""	"L3471"	
Al	2	"384.2213"	"384.2204"	"4"	""		"15.062086"	"18.288075"	"3s.4d"	"3D"	"2"	"3s.10f"	"3F*"	"3"	5	7		""	"L3471"	
Al	2	"384.2317"	"384.2328"	"2"	""		"15.0621276"	"18.288011"	"3s.4d"	"3D"	"1"	"3s.10f"	"3F*"	"2"	3	5		""	"L3471"	
Al	2	"385.933"	"385.9299"	"6"	""		"15.0475561"	"18.259255"	"3s.5s"	"1S"	"0"	"3s.11p"	"1P*"	"1"	1	3		""	"L3471"	
Al	2	"386.6160"	"386.6168"	"8"	"4.26e+07"	B	"13.256460"	"16.4624524"	"3s.4p"	"1P*"	"1"	"3s.6s"	"1S"	"0"	3	1		"T6533"	"L4575"	
Al	2	"390.0675"	"390.0675"	"100"	"4.8e+05"	E	"7.420705"	"10.598337"	"3s.3p"	"1P*"	"1"	"3p2"	"1D"	"2"	3	5		"T6298c4"	"L4575"	
Al	1	"393.1996"	"393.19962"	"5"	""		"5.2368177"	"8.3891377"	"3s2.4d"	"2D"	"5/2"	"3s.3p.(3P*).3d"	"2D*"	"5/2"	6	6		""	"L4737"	
Al	1	"393.5677"	"393.56789"	"4"	""		"5.2363166"	"8.3856871"	"3s2.4d"	"2D"	"3/2"	"3s.3p.(3P*).3d"	"2D*"	"3/2"	4	4		""	"L4737"	
Al	1	"394.40058"	"394.40060"	"24g"	"4.99e+07"	B+	"0.0000000"	"3.1427212"	"3s2.3p"	"2P*"	"1/2"	"3s2.4s"	"2S"	"1/2"	2	2		"c40,T7070"	"L4737"	
Al	1	"396.15200"	"396.15201"	"26g"	"9.85e+07"	B+	"0.0138938"	"3.1427212"	"3s2.3p"	"2P*"	"3/2"	"3s2.4s"	"2S"	"1/2"	4	2		"c40"	"L4737"	
Al	2	""	"397.9988"	""	""		"15.062034"	"18.176344"	"3s.4d"	"3D"	"3"	"3s.10p"	"3P*"	"2"	7	5		""	""	
Al	3	""	"398.0097"	""	"1.55e+06"	A	"23.417834"	"26.532058"	"2p6.5d"	"2D"	"5/2"	"2p6.8f"	"2F*"	"5/2"	6	6		"c32"	""	
Al	3	"398.014"	"398.0097"	"5d*"	"2.33e+07"	A+	"23.417834"	"26.532058"	"2p6.5d"	"2D"	"5/2"	"2p6.8f"	"2F*"	"7/2"	6	8		"c32"	"L277"	
Al	3	"398.014"	"398.0200"	"5d*"	"2.17e+07"	A	"23.417915"	"26.532058"	"2p6.5d"	"2D"	"3/2"	"2p6.8f"	"2F*"	"5/2"	4	6		"c32"	"L277"	
Al	2	""	"398.0871"	""	""		"15.062086"	"18.175705"	"3s.4d"	"3D"	"2"	"3s.10p"	"3P*"	"1"	5	3		""	""	
Al	2	""	"398.1256"	""	""		"15.0621276"	"18.175445"	"3s.4d"	"3D"	"1"	"3s.10p"	"3P*"	"0"	3	1		""	""	
Al	2	""	"398.8249"	""	""		"14.8896243"	"17.997483"	"3s.5s"	"3S"	"1"	"3s.9p"	"3P*"	"2"	3	5		""	""	
Al	2	""	"398.9591"	""	""		"14.8896243"	"17.996438"	"3s.5s"	"3S"	"1"	"3s.9p"	"3P*"	"1"	3	3		""	""	
Al	2	""	"399.0422"	""	""		"14.8896243"	"17.995791"	"3s.5s"	"3S"	"1"	"3s.9p"	"3P*"	"0"	3	1		""	""	
Al	2	"399.5838"	"399.5837"	"40"	"7.05e+06"	C	"15.062034"	"18.163991"	"3s.4d"	"3D"	"3"	"3s.9f"	"3F*"	"4"	7	9		"T6298c4,LS"	"L4575"	
Al	2	"399.6075"	"399.6074"	"10"	"7.85e+05"	E	"15.062034"	"18.163808"	"3s.4d"	"3D"	"3"	"3s.9f"	"3F*"	"3"	7	7		"T6298c4,LS"	"L3471"	
Al	2	"399.6143"	"399.6141"	"30"	"6.26e+06"	D	"15.062086"	"18.163808"	"3s.4d"	"3D"	"2"	"3s.9f"	"3F*"	"3"	5	7		"T6298c4,LS"	"L4575"	
Al	2	"399.6182"	"399.6194"	"5"	""		"15.0621276"	"18.163808"	"3s.4d"	"3D"	"1"	"3s.9f"	"3F*"	"3"	3	7		""	"L3471"	
Al	2	""	"399.6248"	""	"3.10e+04"	E	"15.062034"	"18.163673"	"3s.4d"	"3D"	"3"	"3s.9f"	"3F*"	"2"	7	5		"T6298c4,LS"	""	
Al	2	"399.6323"	"399.6315"	"5"	"1.10e+06"	E	"15.062086"	"18.163673"	"3s.4d"	"3D"	"2"	"3s.9f"	"3F*"	"2"	5	5		"T6298c4,LS"	"L3471"	
Al	2	"399.6370"	"399.6368"	"20"	"5.91e+06"	D	"15.0621276"	"18.163673"	"3s.4d"	"3D"	"1"	"3s.9f"	"3F*"	"2"	3	5		"T6298c4,LS"	"L4575"	
Al	3	"399.8164"	"399.8167"	"2"	"3.11e+05"	A	"21.156335"	"24.256484"	"2p6.5s"	"2S"	"1/2"	"2p6.6p"	"2P*"	"3/2"	2	4		"c32"	"L277"	
Al	3	"400.1376"	"400.1371"	"1"	"3.59e+05"	A	"21.156335"	"24.254002"	"2p6.5s"	"2S"	"1/2"	"2p6.6p"	"2P*"	"1/2"	2	2		"c32"	"L277"	
Al	2	"400.57"	"400.5748"	"2"	""		"15.472500"	"18.56678"	"3s.4d"	"1D"	"2"	"3s.16p"	"1P*"	"1"	5	3		""	"L3471"	
Al	2	"400.958"	"400.9584"	"2"	""		"15.0475561"	"18.138878"	"3s.5s"	"1S"	"0"	"3s.10p"	"1P*"	"1"	1	3		""	"L3471"	
Al	2	"402.65"	"402.6318"	"20"	"1.16e+07"	C+	"13.649399"	"16.727874"	"3s.3d"	"1D"	"2"	"3s.6p"	"1P*"	"1"	5	3		"T6533"	"L3471"	
Al	2	"405.68"	"405.6795"	"2"	""		"15.472500"	"18.527848"	"3s.4d"	"1D"	"2"	"3s.15p"	"1P*"	"1"	5	3		""	"L3471"	
Al	3	"408.2450"	"408.2452"	"5"	"1.78e+07"	A	"22.122926"	"25.159072"	"2p6.5p"	"2P*"	"1/2"	"2p6.7s"	"2S"	"1/2"	2	2		"c32"	"L277"	
Al	2	""	"408.4141"	""	"6.04e+05"	C	"15.062034"	"18.096925"	"3s.4d"	"3D"	"3"	"3p.4s"	"3P*"	"2"	7	5		"T6298c4,LS"	""	
Al	2	""	"408.4212"	""	"1.08e+05"	D	"15.062086"	"18.096925"	"3s.4d"	"3D"	"2"	"3p.4s"	"3P*"	"2"	5	5		"T6298c4,LS"	""	
Al	2	""	"408.4267"	""	"7.17e+03"	E	"15.0621276"	"18.096925"	"3s.4d"	"3D"	"1"	"3p.4s"	"3P*"	"2"	3	5		"T6298c4,LS"	""	
Al	3	"408.8611"	"408.8611"	"6"	"3.55e+07"	A	"22.127500"	"25.159072"	"2p6.5p"	"2P*"	"3/2"	"2p6.7s"	"2S"	"1/2"	4	2		"c32"	"L277"	
Al	2	""	"410.5486"	""	"5.30e+05"	C	"15.062086"	"18.081198"	"3s.4d"	"3D"	"2"	"3p.4s"	"3P*"	"1"	5	3		"T6298c4,LS"	""	
Al	2	""	"410.5542"	""	"1.77e+05"	D	"15.0621276"	"18.081198"	"3s.4d"	"3D"	"1"	"3p.4s"	"3P*"	"1"	3	3		"T6298c4,LS"	""	
Al	2	""	"411.5438"	""	"7.01e+05"	D	"15.0621276"	"18.073939"	"3s.4d"	"3D"	"1"	"3p.4s"	"3P*"	"0"	3	1		"T6298c4,LS"	""	
Al	3	"414.237"	"414.2343"	"5d*"	""		"23.541636"	"26.533886"	"2p6.5f"	"2F*"	"5/2"	"2p6.8g"	"2G"	"7/2"	6	8		""	"L277"	
Al	3	"414.237"	"414.2398"	"5d*"	""		"23.541676"	"26.533886"	"2p6.5f"	"2F*"	"7/2"	"2p6.8g"	"2G"	"9/2"	8	10		""	"L277"	
Al	3	"414.9915"	"414.9913"	"12"	"2.05e+08"	A+	"20.554884"	"23.541676"	"2p6.4d"	"2D"	"5/2"	"2p6.5f"	"2F*"	"7/2"	6	8		"c32"	"L277"	
Al	3	""	"414.9968"	""	"1.37e+07"	A+	"20.554884"	"23.541636"	"2p6.4d"	"2D"	"5/2"	"2p6.5f"	"2F*"	"5/2"	6	6		"c32"	""	
Al	3	"415.0173"	"415.0173"	"12"	"1.91e+08"	A+	"20.555032"	"23.541636"	"2p6.4d"	"2D"	"3/2"	"2p6.5f"	"2F*"	"5/2"	4	6		"c32"	"L277"	
Al	3	"415.091"	"415.0888"	"bl*"	""		"23.548132"	"26.534222"	"2p6.5g"	"2G"	"7/2"	"2p6.8h"	"2H*"	"9/2"	8	10		""	"L277"	
Al	3	"415.091"	"415.0921"	"*"	""		"23.548155"	"26.534222"	"2p6.5g"	"2G"	"9/2"	"2p6.8h"	"2H*"	"11/2"	10	12		""	"L277"	
Al	3	"415.091"	"415.0921"	"*"	""		"23.548155"	"26.534222"	"2p6.5g"	"2G"	"9/2"	"2p6.8h"	"2H*"	"9/2"	10	10		""	"L277"	
Al	3	""	"415.3898"	""	""		"23.548132"	"26.532058"	"2p6.5g"	"2G"	"7/2"	"2p6.8f"	"2F*"	"5/2"	8	6		""	""	
Al	3	""	"415.3930"	""	""		"23.548155"	"26.532058"	"2p6.5g"	"2G"	"9/2"	"2p6.8f"	"2F*"	"7/2"	10	8		""	""	
Al	3	"418.973"	"418.9699"	"bl*"	"1.59e+06"	A	"23.541636"	"26.500065"	"2p6.5f"	"2F*"	"5/2"	"2p6.8d"	"2D"	"3/2"	6	4		"c32"	"L277"	
Al	3	"418.973"	"418.9699"	"bl*"	"7.58e+04"	B+	"23.541636"	"26.500065"	"2p6.5f"	"2F*"	"5/2"	"2p6.8d"	"2D"	"5/2"	6	6		"c32"	"L277"	
Al	3	"418.973"	"418.9755"	"*"	"1.52e+06"	A	"23.541676"	"26.500065"	"2p6.5f"	"2F*"	"7/2"	"2p6.8d"	"2D"	"5/2"	8	6		"c32"	"L277"	
Al	2	"422.6813"	"422.6816"	"50"	"9.37e+06"	C+	"15.062034"	"17.994485"	"3s.4d"	"3D"	"3"	"3s.8f"	"3F*"	"4"	7	9		"T6298c4,LS"	"L4575"	
Al	2	"422.6918"	"422.6891"	"2"	""		"15.062086"	"17.994485"	"3s.4d"	"3D"	"2"	"3s.8f"	"3F*"	"4"	5	9		""	"L3515"	
Al	2	"422.7420"	"422.7420"	"10"	"1.04e+06"	D	"15.062034"	"17.994066"	"3s.4d"	"3D"	"3"	"3s.8f"	"3F*"	"3"	7	7		"T6298c4,LS"	"L3515"	
Al	2	"422.7492"	"422.7495"	"50"	"8.31e+06"	C+	"15.062086"	"17.994066"	"3s.4d"	"3D"	"2"	"3s.8f"	"3F*"	"3"	5	7		"T6298c4,LS"	"L4575"	
Al	2	"422.7545"	"422.7554"	"5"	""		"15.0621276"	"17.994066"	"3s.4d"	"3D"	"1"	"3s.8f"	"3F*"	"3"	3	7		""	"L3515"	
Al	2	"422.7875"	"422.7853"	"2"	"4.11e+04"	E	"15.062034"	"17.993766"	"3s.4d"	"3D"	"3"	"3s.8f"	"3F*"	"2"	7	5		"T6298c4,LS"	"L3515"	
Al	2	"422.7945"	"422.7928"	"5"	"1.46e+06"	D	"15.062086"	"17.993766"	"3s.4d"	"3D"	"2"	"3s.8f"	"3F*"	"2"	5	5		"T6298c4,LS"	"L3515"	
Al	2	"422.7999"	"422.7987"	"50"	"7.85e+06"	C	"15.0621276"	"17.993766"	"3s.4d"	"3D"	"1"	"3s.8f"	"3F*"	"2"	3	5		"T6298c4,LS"	"L3515"	
Al	2	"424.0708"	"424.0700"	"10"	""		"15.0475561"	"17.970406"	"3s.5s"	"1S"	"0"	"3s.9p"	"1P*"	"1"	1	3		""	"L4575"	
Al	1	"425.512"	"425.5188"	"2"	""		"5.4762391"	"8.3891377"	"3s2.5d"	"2D"	"5/2"	"3s.3p.(3P*).3d"	"2D*"	"5/2"	6	6		""	"L3514"	
Al	2	"428.297"	"428.2960"	"2"	""		"15.472500"	"18.36651"	"3s.4d"	"1D"	"2"	"3s.11f"	"1F*"	"3"	5	7		""	"L3471"	
Al	2	""	"429.3943"	""	"4.85e+05"	C+	"13.841265"	"16.727874"	"3p2"	"1S"	"0"	"3s.6p"	"1P*"	"1"	1	3		"T6533"	""	
Al	2	"430.7203"	"430.7209"	"5"	""		"15.472500"	"18.350218"	"3s.4d"	"1D"	"2"	"3s.12p"	"1P*"	"1"	5	3		""	"L4575"	
Al	2	"433.20"	"433.2078"	"2"	""		"14.8896243"	"17.750823"	"3s.5s"	"3S"	"1"	"3s.8p"	"3P*"	"2"	3	5		""	"L3471"	
Al	2	"434.6866"	"434.690+"	"2"	""		"15.301941"	"18.15338"	"3s.4f"	"3F*"	"2"	"3s.9g"	"3G"	"3"	5	7		""	"L3471c14"	
Al	2	"434.6897"	"434.6903"	"5hfs"	"4.18e+06"	D	"15.301941"	"18.15338"	"3s.4f"	"3F*"	"2"	"3s.9g"	"3G"	"3"	5	7		"T6298c4,LS"	"L3471c150"	
Al	2	"434.6918"	"434.690+"	"3"	""		"15.301941"	"18.15338"	"3s.4f"	"3F*"	"2"	"3s.9g"	"3G"	"3"	5	7		""	"L3471c14"	
Al	2	""	"434.7275"	""	"4.28e+06"	D	"15.302186"	"18.15338"	"3s.4f"	"3F*"	"3"	"3s.9g"	"3G"	"4"	7	9		"T6298c4,LS"	""	
Al	2	""	"434.7275"	""	"3.67e+05"	E	"15.302186"	"18.15338"	"3s.4f"	"3F*"	"3"	"3s.9g"	"3G"	"3"	7	7		"T6298c4,LS"	""	
Al	2	""	"434.7825"	""	"5.58e+03"	E	"15.302546"	"18.15338"	"3s.4f"	"3F*"	"4"	"3s.9g"	"3G"	"3"	9	7		"T6298c4,LS"	""	
Al	2	""	"434.7825"	""	"2.85e+05"	E	"15.302546"	"18.15338"	"3s.4f"	"3F*"	"4"	"3s.9g"	"3G"	"4"	9	9		"T6298c4,LS"	""	
Al	2	""	"434.7825"	""	"4.56e+06"	C	"15.302546"	"18.15338"	"3s.4f"	"3F*"	"4"	"3s.9g"	"3G"	"5"	9	11		"T6298c4,LS"	""	
Al	3	"435.7562"	"435.757"	"4d"	"7.40e+06"	A+	"22.122926"	"24.967387"	"2p6.5p"	"2P*"	"1/2"	"2p6.6d"	"2D"	"3/2"	2	4		"c32"	"L277"	
Al	3	""	"436.459"	""	"1.44e+06"	A	"22.127500"	"24.967387"	"2p6.5p"	"2P*"	"3/2"	"2p6.6d"	"2D"	"3/2"	4	4		"c32"	""	
Al	3	"436.4642"	"436.466"	"5d"	"8.67e+06"	A+	"22.127500"	"24.967343"	"2p6.5p"	"2P*"	"3/2"	"2p6.6d"	"2D"	"5/2"	4	6		"c32"	"L277"	
Al	2	"443.282"	"443.2846"	"5"	""		"15.472500"	"18.268659"	"3s.4d"	"1D"	"2"	"3s.10f"	"1F*"	"3"	5	7		""	"L3471"	
Al	2	"444.7803"	"444.7805"	"200"	""		"15.472500"	"18.259255"	"3s.4d"	"1D"	"2"	"3s.11p"	"1P*"	"1"	5	3		""	"L4575"	
Al	3	"447.9892"	"447.989"	"12"	""		"20.781332"	"23.548132"	"2p6.4f"	"2F*"	"5/2"	"2p6.5g"	"2G"	"7/2"	6	8		""	"L277"	
Al	3	"447.9968"	"447.997"	"12"	""		"20.781409"	"23.548155"	"2p6.4f"	"2F*"	"7/2"	"2p6.5g"	"2G"	"9/2"	8	10		""	"L277"	
Al	2	"448.9870"	"448.9870"	"10"	""		"15.6057689"	"18.366415"	"3s.5p"	"1P*"	"1"	"3s.11d"	"1D"	"2"	3	5		""	"L4575"	
Al	3	"451.2564"	"451.257"	"13"	"2.09e+08"	A+	"17.808269"	"20.555032"	"2p6.4p"	"2P*"	"1/2"	"2p6.4d"	"2D"	"3/2"	2	4		"c32"	"L277"	
Al	3	"452.8942"	"452.894"	"11"	"4.15e+07"	A+	"17.818203"	"20.555032"	"2p6.4p"	"2P*"	"3/2"	"2p6.4d"	"2D"	"3/2"	4	4		"c32"	"L277"	
Al	3	"452.9194"	"452.919"	"14"	"2.49e+08"	A+	"17.818203"	"20.554884"	"2p6.4p"	"2P*"	"3/2"	"2p6.4d"	"2D"	"5/2"	4	6		"c32"	"L277"	
Al	2	"458.5817"	"458.5818"	"500"	"1.00e+07"	C+	"15.062034"	"17.764921"	"3s.4d"	"3D"	"3"	"3s.7f"	"3F*"	"4"	7	9		"T6298c4,LS"	"L4575"	
Al	2	"458.8082"	"458.8110"	"5"	"1.12e+06"	D	"15.062034"	"17.763571"	"3s.4d"	"3D"	"3"	"3s.7f"	"3F*"	"3"	7	7		"T6298c4,LS"	"L3471"	
Al	2	"458.8191"	"458.8199"	"400"	"8.91e+06"	C+	"15.062086"	"17.763571"	"3s.4d"	"3D"	"2"	"3s.7f"	"3F*"	"3"	5	7		"T6298c4,LS"	"L4575"	
Al	2	""	"458.9591"	""	"4.40e+04"	E	"15.062034"	"17.762699"	"3s.4d"	"3D"	"3"	"3s.7f"	"3F*"	"2"	7	5		"T6298c4,LS"	""	
Al	2	"458.9674"	"458.9680"	"200"	"1.56e+06"	D	"15.062086"	"17.762699"	"3s.4d"	"3D"	"2"	"3s.7f"	"3F*"	"2"	5	5		"T6298c4,LS"	"L4575"	
Al	2	"458.9742"	"458.9750"	"300"	"8.41e+06"	C	"15.0621276"	"17.762699"	"3s.4d"	"3D"	"1"	"3s.7f"	"3F*"	"2"	3	5		"T6298c4,LS"	"L4575"	
Al	2	"460.97"	"460.9864"	"7"	""		"15.062034"	"17.750823"	"3s.4d"	"3D"	"3"	"3s.8p"	"3P*"	"2"	7	5		""	"L3471"	
Al	2	""	"461.0650"	""	""		"15.062086"	"17.750416"	"3s.4d"	"3D"	"2"	"3s.8p"	"3P*"	"1"	5	3		""	""	
Al	2	""	"461.1010"	""	""		"15.0621276"	"17.75025"	"3s.4d"	"3D"	"1"	"3s.8p"	"3P*"	"0"	3	1		""	""	
Al	2	"462.97"	"462.9518"	"7"	""		"15.0475561"	"17.724930"	"3s.5s"	"1S"	"0"	"3s.8p"	"1P*"	"1"	1	3		""	"L3471"	
Al	2	"463.15"	"463.158"	"5"	""		"15.585203"	"18.26138"	"3s.5p"	"3P*"	"0"	"3s.10d"	"3D"	"1"	1	3		""	"L3471"	
Al	2	"463.32"	"463.3091"	"5"	""		"15.5859083"	"18.261217"	"3s.5p"	"3P*"	"1"	"3s.10d"	"3D"	"2"	3	5		""	"L3471"	
Al	2	"463.5763"	"463.5760"	"30"	""		"15.5875046"	"18.261273"	"3s.5p"	"3P*"	"2"	"3s.10d"	"3D"	"3"	5	7		""	"L4575"	
Al	2	""	"463.937"	""	"6.66e+06"	C+	"15.301941"	"17.97363"	"3s.4f"	"3F*"	"2"	"3s.8g"	"3G"	"3"	5	7		"T6298c4,LS"	""	
Al	2	""	"463.979"	""	"6.79e+06"	C+	"15.302186"	"17.97363"	"3s.4f"	"3F*"	"3"	"3s.8g"	"3G"	"4"	7	9		"T6298c4,LS"	""	
Al	2	""	"463.979"	""	"5.82e+05"	D	"15.302186"	"17.97363"	"3s.4f"	"3F*"	"3"	"3s.8g"	"3G"	"3"	7	7		"T6298c4,LS"	""	
Al	2	""	"464.042"	""	"8.88e+03"	E	"15.302546"	"17.97363"	"3s.4f"	"3F*"	"4"	"3s.8g"	"3G"	"3"	9	7		"T6298c4,LS"	""	
Al	2	""	"464.042"	""	"4.52e+05"	D	"15.302546"	"17.97363"	"3s.4f"	"3F*"	"4"	"3s.8g"	"3G"	"4"	9	9		"T6298c4,LS"	""	
Al	2	""	"464.042"	""	"7.24e+06"	C+	"15.302546"	"17.97363"	"3s.4f"	"3F*"	"4"	"3s.8g"	"3G"	"5"	9	11		"T6298c4,LS"	""	
Al	2	"464.7321"	"464.7322"	"10"	""		"15.5875046"	"18.254621"	"3s.5p"	"3P*"	"2"	"3s.11s"	"3S"	"1"	5	3		""	"L4575"	
Al	2	"464.8611"	"464.8609"	"400"	""		"15.472500"	"18.138878"	"3s.4d"	"1D"	"2"	"3s.10p"	"1P*"	"1"	5	3		""	"L4575"	
Al	2	"465.30"	"465.3200"	"2"	""		"15.472500"	"18.136247"	"3s.4d"	"1D"	"2"	"3s.9f"	"1F*"	"3"	5	7		""	"L3471"	
Al	2	"465.505"	"465.5084"	"2"	""		"15.6057689"	"18.268438"	"3s.5p"	"1P*"	"1"	"3s.10d"	"1D"	"2"	3	5		""	"L4575"	
Al	2	"466.3056"	"466.3046"	"1000"	"5.81e+07"	A+	"10.598337"	"13.256460"	"3p2"	"1D"	"2"	"3s.4p"	"1P*"	"1"	5	3		"c47,u24"	"L4575"	
Al	2	"466.6800"	"466.6799"	"400"	""		"15.6057689"	"18.261754"	"3s.5p"	"1P*"	"1"	"3s.11s"	"1S"	"0"	3	1		""	"L4575"	
Al	3	"470.1148"	"470.114"	"5"	"7.67e+06"	A+	"20.781332"	"23.417915"	"2p6.4f"	"2F*"	"5/2"	"2p6.5d"	"2D"	"3/2"	6	4		"c32"	"L277"	
Al	3	""	"470.129"	""	"3.65e+05"	A	"20.781332"	"23.417834"	"2p6.4f"	"2F*"	"5/2"	"2p6.5d"	"2D"	"5/2"	6	6		"c32"	""	
Al	3	"470.1412"	"470.142"	"6"	"7.31e+06"	A+	"20.781409"	"23.417834"	"2p6.4f"	"2F*"	"7/2"	"2p6.5d"	"2D"	"5/2"	8	6		"c32"	"L277"	
Al	2	"489.852"	"489.8431"	"10"	""		"15.585203"	"18.115597"	"3s.5p"	"3P*"	"0"	"3s.10s"	"3S"	"1"	1	3		""	"L3471"	
Al	2	"489.876"	"489.891"	"5"	""		"15.6057689"	"18.13591"	"3s.5p"	"1P*"	"1"	"3s.9d"	"1D"	"2"	3	5		""	"L4575"	
Al	2	"489.964"	"489.9797"	"6"	""		"15.5859083"	"18.115597"	"3s.5p"	"3P*"	"1"	"3s.10s"	"3S"	"1"	3	3		""	"L3471"	
Al	2	"490.277"	"490.2891"	"10"	""		"15.5875046"	"18.115597"	"3s.5p"	"3P*"	"2"	"3s.10s"	"3S"	"1"	5	3		""	"L3471"	
Al	3	""	"490.403"	""	"2.34e+06"	A	"23.417834"	"25.945336"	"2p6.5d"	"2D"	"5/2"	"2p6.7f"	"2F*"	"5/2"	6	6		"c32"	""	
Al	3	"490.410"	"490.403"	"5d*"	"3.51e+07"	A+	"23.417834"	"25.945336"	"2p6.5d"	"2D"	"5/2"	"2p6.7f"	"2F*"	"7/2"	6	8		"c32"	"L277"	
Al	3	"490.410"	"490.419"	"5d*"	"3.27e+07"	A+	"23.417915"	"25.945336"	"2p6.5d"	"2D"	"3/2"	"2p6.7f"	"2F*"	"5/2"	4	6		"c32"	"L277"	
Al	2	"491.898"	"491.914"	"6"	""		"15.6057689"	"18.12551"	"3s.5p"	"1P*"	"1"	"3s.10s"	"1S"	"0"	3	1		""	"L3471"	
Al	2	"496.210"	"496.2141"	"6"	""		"15.472500"	"17.970406"	"3s.4d"	"1D"	"2"	"3s.9p"	"1P*"	"1"	5	3		""	"L3471"	
Al	2	"500.097"	"500.1026"	"6"	""		"15.472500"	"17.950984"	"3s.4d"	"1D"	"2"	"3s.8f"	"1F*"	"3"	5	7		""	"L3471"	
Al	2	"508.502"	"508.5169"	"8"	""		"15.062034"	"17.499508"	"3s.4d"	"3D"	"3"	"3p.3d"	"3F*"	"4"	7	9		""	"L3471"	
Al	2	"509.365"	"509.3826"	"5"	""		"15.062086"	"17.495418"	"3s.4d"	"3D"	"2"	"3p.3d"	"3F*"	"3"	5	7		""	"L3471"	
Al	2	"510.034"	"510.0453"	"3"	""		"15.0621276"	"17.492297"	"3s.4d"	"3D"	"1"	"3p.3d"	"3F*"	"2"	3	5		""	"L3471"	
Al	1	"510.7520"	"510.7517"	"6"	""		"3.1427212"	"5.5695298"	"3s2.4s"	"2S"	"1/2"	"3s2.7p"	"2P*"	"3/2"	2	4		""	"L4737"	
Al	1	"510.7943"	"510.7940"	"4"	""		"3.1427212"	"5.5693288"	"3s2.4s"	"2S"	"1/2"	"3s2.7p"	"2P*"	"1/2"	2	2		""	"L4737"	
Al	2	""	"514.442"	""	"1.17e+07"	C+	"15.301941"	"17.71134"	"3s.4f"	"3F*"	"2"	"3s.7g"	"3G"	"3"	5	7		"T6298c4,LS"	""	
Al	2	""	"514.494"	""	"1.03e+06"	D	"15.302186"	"17.71134"	"3s.4f"	"3F*"	"3"	"3s.7g"	"3G"	"3"	7	7		"T6298c4,LS"	""	
Al	2	""	"514.494"	""	"1.19e+07"	C+	"15.302186"	"17.71134"	"3s.4f"	"3F*"	"3"	"3s.7g"	"3G"	"4"	7	9		"T6298c4,LS"	""	
Al	2	""	"514.571"	""	"1.56e+04"	E	"15.302546"	"17.71134"	"3s.4f"	"3F*"	"4"	"3s.7g"	"3G"	"3"	9	7		"T6298c4,LS"	""	
Al	2	""	"514.571"	""	"7.96e+05"	D	"15.302546"	"17.71134"	"3s.4f"	"3F*"	"4"	"3s.7g"	"3G"	"4"	9	9		"T6298c4,LS"	""	
Al	2	""	"514.571"	""	"1.27e+07"	C+	"15.302546"	"17.71134"	"3s.4f"	"3F*"	"4"	"3s.7g"	"3G"	"5"	9	11		"T6298c4,LS"	""	
Al	3	"515.101"	"515.097"	"5d*"	""		"23.541636"	"25.947975"	"2p6.5f"	"2F*"	"5/2"	"2p6.7g"	"2G"	"7/2"	6	8		""	"L277"	
Al	3	"515.101"	"515.105"	"5d*"	""		"23.541676"	"25.947975"	"2p6.5f"	"2F*"	"7/2"	"2p6.7g"	"2G"	"9/2"	8	10		""	"L277"	
Al	2	""	"515.823"	""	"1.26e+07"	C+	"15.30839"	"17.71134"	"3s.4f"	"1F*"	"3"	"3s.7g"	"1G"	"4"	7	9		"T6298c4"	""	
Al	3	"516.389"	"516.386"	"5d*"	""		"23.548132"	"25.948462"	"2p6.5g"	"2G"	"7/2"	"2p6.7h"	"2H*"	"9/2"	8	10		""	"L277"	
Al	3	"516.389"	"516.391"	"5d*"	""		"23.548155"	"25.948462"	"2p6.5g"	"2G"	"9/2"	"2p6.7h"	"2H*"	"11/2"	10	12		""	"L277"	
Al	3	"517.060"	"517.059"	"1d*"	""		"23.548132"	"25.945336"	"2p6.5g"	"2G"	"7/2"	"2p6.7f"	"2F*"	"5/2"	8	6		""	"L277"	
Al	3	"517.060"	"517.059"	"1d*"	""		"23.548132"	"25.945336"	"2p6.5g"	"2G"	"7/2"	"2p6.7f"	"2F*"	"7/2"	8	8		""	"L277"	
Al	3	"526.011"	"526.011"	"3d*"	"1.32e+05"	B+	"23.541636"	"25.898046"	"2p6.5f"	"2F*"	"5/2"	"2p6.7d"	"2D"	"5/2"	6	6		"c32"	"L277"	
Al	3	"526.011"	"526.011"	"3d*"	"2.77e+06"	A	"23.541636"	"25.898046"	"2p6.5f"	"2F*"	"5/2"	"2p6.7d"	"2D"	"3/2"	6	4		"c32"	"L277"	
Al	3	""	"526.020"	""	"2.64e+06"	A	"23.541676"	"25.898046"	"2p6.5f"	"2F*"	"7/2"	"2p6.7d"	"2D"	"5/2"	8	6		"c32"	""	
Al	2	"527.642"	"527.6395"	"4"	""		"15.301941"	"17.651077"	"3s.4f"	"3F*"	"2"	"3s.7d"	"3D"	"1"	5	3		""	"L3471"	
Al	2	"527.681"	"527.6902"	"4"	""		"15.302186"	"17.651096"	"3s.4f"	"3F*"	"3"	"3s.7d"	"3D"	"2"	7	5		""	"L3471"	
Al	2	"527.768"	"527.7632"	"4"	""		"15.302546"	"17.651132"	"3s.4f"	"3F*"	"4"	"3s.7d"	"3D"	"3"	9	7		""	"L3471"	
Al	2	"527.862"	"527.868"	"6"	"1.11e+06"	D	"15.585203"	"17.93332"	"3s.5p"	"3P*"	"0"	"3s.8d"	"3D"	"1"	1	3		"T6298c4,LS"	"L3471"	
Al	2	"528.0214"	"528.0216"	"8"	"1.49e+06"	D	"15.5859083"	"17.933345"	"3s.5p"	"3P*"	"1"	"3s.8d"	"3D"	"2"	3	5		"T6298c4,LS"	"L4575"	
Al	2	""	"528.027"	""	"8.32e+05"	D	"15.5859083"	"17.93332"	"3s.5p"	"3P*"	"1"	"3s.8d"	"3D"	"1"	3	3		"T6298c4,LS"	""	
Al	2	"528.3735"	"528.3733"	"100"	"2.00e+06"	C	"15.5875046"	"17.933378"	"3s.5p"	"3P*"	"2"	"3s.8d"	"3D"	"3"	5	7		"T6298c4,LS"	"L4575"	
Al	2	""	"528.3809"	""	"4.99e+05"	D	"15.5875046"	"17.933345"	"3s.5p"	"3P*"	"2"	"3s.8d"	"3D"	"2"	5	5		"T6298c4,LS"	""	
Al	2	""	"528.386"	""	"5.53e+04"	E	"15.5875046"	"17.93332"	"3s.5p"	"3P*"	"2"	"3s.8d"	"3D"	"1"	5	3		"T6298c4,LS"	""	
Al	2	"528.5842"	"528.5838"	"30"	"3.28e+06"	C	"15.6057689"	"17.950709"	"3s.5p"	"1P*"	"1"	"3s.8d"	"1D"	"2"	3	5		"T6298c4"	"L4575"	
Al	2	"531.076"	"531.0830"	"4"	""		"15.585203"	"17.919108"	"3s.5p"	"3P*"	"0"	"3s.9s"	"3S"	"1"	1	3		""	"L3471"	
Al	2	"531.232"	"531.2436"	"10"	""		"15.5859083"	"17.919108"	"3s.5p"	"3P*"	"1"	"3s.9s"	"3S"	"1"	3	3		""	"L3471"	
Al	2	"531.6075"	"531.6073"	"15"	""		"15.5875046"	"17.919108"	"3s.5p"	"3P*"	"2"	"3s.9s"	"3S"	"1"	5	3		""	"L4575"	
Al	2	"532.461"	"532.4715"	"8"	""		"15.6057689"	"17.933588"	"3s.5p"	"1P*"	"1"	"3s.9s"	"1S"	"0"	3	1		""	"L3471"	
Al	2	"537.184"	"537.133"	"12*"	""		"15.062034"	"17.36965"	"3s.4d"	"3D"	"3"	"3s.7p"	"3P*"	"2"	7	5		""	"L3471"	
Al	2	"537.184"	"537.254"	"12*"	""		"15.062086"	"17.36918"	"3s.4d"	"3D"	"2"	"3s.7p"	"3P*"	"1"	5	3		""	"L3471"	
Al	2	"538.848"	"538.8682"	"2"	"1.43e+06"	C+	"15.0475561"	"17.347743"	"3s.5s"	"1S"	"0"	"3s.7p"	"1P*"	"1"	1	3		"T6533"	"L3471"	
Al	3	""	"551.853"	""	"1.26e+06"	A	"24.254002"	"26.500065"	"2p6.6p"	"2P*"	"1/2"	"2p6.8d"	"2D"	"3/2"	2	4		"c32"	""	
Al	3	""	"552.464"	""	"2.44e+05"	B+	"24.256484"	"26.500065"	"2p6.6p"	"2P*"	"3/2"	"2p6.8d"	"2D"	"3/2"	4	4		"c32"	""	
Al	3	""	"552.464"	""	"1.47e+06"	A	"24.256484"	"26.500065"	"2p6.6p"	"2P*"	"3/2"	"2p6.8d"	"2D"	"5/2"	4	6		"c32"	""	
Al	1	"555.7063"	"555.7059"	"10"	"2.30e+05"	C	"3.1427212"	"5.3732134"	"3s2.4s"	"2S"	"1/2"	"3s2.6p"	"2P*"	"3/2"	2	4		"u36,LS"	"L4737"	
Al	1	"555.7948"	"555.7944"	"8"	"2.29e+05"	C	"3.1427212"	"5.3728582"	"3s2.4s"	"2S"	"1/2"	"3s2.6p"	"2P*"	"1/2"	2	2		"u36,LS"	"L4737"	
Al	2	"559.3302"	"559.330"	"800"	"9.26e+07"	A	"13.256460"	"15.472500"	"3s.4p"	"1P*"	"1"	"3s.4d"	"1D"	"2"	3	5		"T6533"	"L4575"	
Al	2	"561.3291"	"561.329"	"100"	"3.43e+06"	C+	"15.472500"	"17.680649"	"3s.4d"	"1D"	"2"	"3s.7f"	"1F*"	"3"	5	7		"T6533"	"L4575"	
Al	3	"569.6603"	"569.660"	"17"	"8.77e+07"	A+	"15.642349"	"17.818203"	"2p6.4s"	"2S"	"1/2"	"2p6.4p"	"2P*"	"3/2"	2	4		"c32"	"L277"	
Al	3	"572.2728"	"572.273"	"16"	"8.65e+07"	A+	"15.642349"	"17.808269"	"2p6.4s"	"2S"	"1/2"	"2p6.4p"	"2P*"	"1/2"	2	2		"c32"	"L277"	
Al	2	"585.362"	"585.376"	"100"	"1.28e+07"	B	"15.062034"	"17.17947"	"3s.4d"	"3D"	"3"	"3s.6f"	"3F*"	"4"	7	9		"T6298c4,LS"	"L3471"	
Al	2	"586.153"	"586.177"	"80"	"1.14e+07"	B	"15.062086"	"17.17663"	"3s.4d"	"3D"	"2"	"3s.6f"	"3F*"	"3"	5	7		"T6298c4,LS"	"L3471"	
Al	2	""	"586.162"	""	"1.43e+06"	C+	"15.062034"	"17.17663"	"3s.4d"	"3D"	"3"	"3s.6f"	"3F*"	"3"	7	7		"T6298c4,LS"	""	
Al	2	""	"586.764"	""	"5.61e+04"	D	"15.062034"	"17.17446"	"3s.4d"	"3D"	"3"	"3s.6f"	"3F*"	"2"	7	5		"T6298c4,LS"	""	
Al	2	""	"586.779"	""	"1.99e+06"	C+	"15.062086"	"17.17446"	"3s.4d"	"3D"	"2"	"3s.6f"	"3F*"	"2"	5	5		"T6298c4,LS"	""	
Al	2	"586.781"	"586.790"	"50"	"1.07e+07"	B	"15.0621276"	"17.17446"	"3s.4d"	"3D"	"1"	"3s.6f"	"3F*"	"2"	3	5		"T6298c4,LS"	"L3471"	
Al	2	"597.1980"	"597.197"	"80"	"5.81e+06"	C+	"15.6057689"	"17.681296"	"3s.5p"	"1P*"	"1"	"3s.7d"	"1D"	"2"	3	5		"T6298c4"	"L4575"	
Al	2	"599.970"	"599.987+"	"3"	""		"15.585203"	"17.651077"	"3s.5p"	"3P*"	"0"	"3s.7d"	"3D"	"1"	1	3		""	"L3515c14"	
Al	2	"599.975"	"599.987"	"5hfs"	"2.07e+06"	C	"15.585203"	"17.651077"	"3s.5p"	"3P*"	"0"	"3s.7d"	"3D"	"1"	1	3		"T6298c4,LS"	"L3515c150"	
Al	2	"599.983"	"599.987+"	"2"	""		"15.585203"	"17.651077"	"3s.5p"	"3P*"	"0"	"3s.7d"	"3D"	"1"	1	3		""	"L3515c14"	
Al	2	"600.118"	"600.127"	"2"	""		"16.4624524"	"18.527848"	"3s.6s"	"1S"	"0"	"3s.15p"	"1P*"	"1"	1	3		""	"L3471"	
Al	2	"600.176"	"600.187"	"60"	"2.79e+06"	C	"15.5859083"	"17.651096"	"3s.5p"	"3P*"	"1"	"3s.7d"	"3D"	"2"	3	5		"T6298c4,LS"	"L3515"	
Al	2	"600.188"	"600.192"	"40"	"1.55e+06"	D	"15.5859083"	"17.651077"	"3s.5p"	"3P*"	"1"	"3s.7d"	"3D"	"1"	3	3		"T6298c4,LS"	"L3515"	
Al	2	"600.6410"	"600.641"	"200"	"3.71e+06"	C+	"15.5875046"	"17.651132"	"3s.5p"	"3P*"	"2"	"3s.7d"	"3D"	"3"	5	7		"T6298c4,LS"	"L4575"	
Al	2	""	"600.651"	""	"9.28e+05"	D	"15.5875046"	"17.651096"	"3s.5p"	"3P*"	"2"	"3s.7d"	"3D"	"2"	5	5		"T6298c4,LS"	""	
Al	2	""	"600.657"	""	"1.03e+05"	E	"15.5875046"	"17.651077"	"3s.5p"	"3P*"	"2"	"3s.7d"	"3D"	"1"	5	3		"T6298c4,LS"	""	
Al	3	"605.521"	"605.519"	"5"	"8.59e+06"	A	"23.417834"	"25.464838"	"2p6.5d"	"2D"	"5/2"	"2p6.7p"	"2P*"	"3/2"	6	4		"c32"	"L277"	
Al	3	""	"605.542"	""	"9.54e+05"	A	"23.417915"	"25.464838"	"2p6.5d"	"2D"	"3/2"	"2p6.7p"	"2P*"	"3/2"	4	4		"c32"	""	
Al	3	"605.984"	"605.984"	"4"	"9.46e+06"	A	"23.417915"	"25.463347"	"2p6.5d"	"2D"	"3/2"	"2p6.7p"	"2P*"	"1/2"	4	2		"c32"	"L277"	
Al	2	"606.1124"	"606.112"	"30"	"8.38e+06"	C	"15.6057689"	"17.650770"	"3s.5p"	"1P*"	"1"	"3s.8s"	"1S"	"0"	3	1		"T6298c4"	"L4575"	
Al	2	"606.632"	"606.636+"	"15"	""		"15.585203"	"17.628438"	"3s.5p"	"3P*"	"0"	"3s.8s"	"3S"	"1"	1	3		""	"L3515c14"	
Al	2	"606.637"	"606.636"	"25hfs"	"8.88e+05"	D	"15.585203"	"17.628438"	"3s.5p"	"3P*"	"0"	"3s.8s"	"3S"	"1"	1	3		"T6298c4,LS"	"L3515c150"	
Al	2	"606.644"	"606.636+"	"10"	""		"15.585203"	"17.628438"	"3s.5p"	"3P*"	"0"	"3s.8s"	"3S"	"1"	1	3		""	"L3515c14"	
Al	2	"606.843"	"606.845+"	"40"	""		"15.5859083"	"17.628438"	"3s.5p"	"3P*"	"1"	"3s.8s"	"3S"	"1"	3	3		""	"L3515c14"	
Al	2	"606.847"	"606.845"	"65hfs"	"2.66e+06"	C	"15.5859083"	"17.628438"	"3s.5p"	"3P*"	"1"	"3s.8s"	"3S"	"1"	3	3		"T6298c4,LS"	"L3515c150"	
Al	2	"606.853"	"606.845+"	"25"	""		"15.5859083"	"17.628438"	"3s.5p"	"3P*"	"1"	"3s.8s"	"3S"	"1"	3	3		""	"L3515c14"	
Al	2	"607.3198"	"607.320"	"50"	"4.43e+06"	C	"15.5875046"	"17.628438"	"3s.5p"	"3P*"	"2"	"3s.8s"	"3S"	"1"	5	3		"T6298c4,LS"	"L4575"	
Al	2	"618.157"	"618.16+"	"50"	""		"15.301941"	"17.30709"	"3s.4f"	"3F*"	"2"	"3s.6g"	"3G"	"3"	5	7		""	"L3515c14"	
Al	2	"618.163"	"618.158"	"110hfs"	"2.41e+07"	B+	"15.301941"	"17.30709"	"3s.4f"	"3F*"	"2"	"3s.6g"	"3G"	"3"	5	7		"T6298c4,LS"	"L3515c150"	
Al	2	"618.168"	"618.16+"	"60"	""		"15.301941"	"17.30709"	"3s.4f"	"3F*"	"2"	"3s.6g"	"3G"	"3"	5	7		""	"L3515c14"	
Al	2	""	"618.233"	""	"2.09e+06"	C+	"15.302186"	"17.30709"	"3s.4f"	"3F*"	"3"	"3s.6g"	"3G"	"3"	7	7		"T6298c4,LS"	""	
Al	2	""	"618.233"	""	"2.44e+07"	B+	"15.302186"	"17.30709"	"3s.4f"	"3F*"	"3"	"3s.6g"	"3G"	"4"	7	9		"T6298c4,LS"	""	
Al	2	""	"618.345"	""	"3.21e+04"	D	"15.302546"	"17.30709"	"3s.4f"	"3F*"	"4"	"3s.6g"	"3G"	"3"	9	7		"T6298c4,LS"	""	
Al	2	""	"618.345"	""	"1.63e+06"	C+	"15.302546"	"17.30709"	"3s.4f"	"3F*"	"4"	"3s.6g"	"3G"	"4"	9	9		"T6298c4,LS"	""	
Al	2	""	"618.345"	""	"2.61e+07"	B+	"15.302546"	"17.30709"	"3s.4f"	"3F*"	"4"	"3s.6g"	"3G"	"5"	9	11		"T6298c4,LS"	""	
Al	2	""	"620.153"	""	"2.59e+07"	B+	"15.30839"	"17.30709"	"3s.4f"	"1F*"	"3"	"3s.6g"	"1G"	"4"	7	9		"T6298c4"	""	
Al	2	"622.618"	"622.619"	"50"	"6.25e+07"	B+	"13.071347"	"15.0621276"	"3s.4p"	"3P*"	"0"	"3s.4d"	"3D"	"1"	1	3		"T6298c4,LS"	"L4575"	
Al	2	""	"623.162"	""	"4.67e+07"	B+	"13.073080"	"15.0621276"	"3s.4p"	"3P*"	"1"	"3s.4d"	"3D"	"1"	3	3		"T6298c4,LS"	""	
Al	2	"623.1745"	"623.175"	"75"	"8.40e+07"	A	"13.073080"	"15.062086"	"3s.4p"	"3P*"	"1"	"3s.4d"	"3D"	"2"	3	5		"T6298c4,LS"	"L4575"	
Al	2	""	"624.307"	""	"3.11e+06"	C+	"13.076729"	"15.0621276"	"3s.4p"	"3P*"	"2"	"3s.4d"	"3D"	"1"	5	3		"T6298c4,LS"	""	
Al	2	""	"624.320"	""	"2.79e+07"	B+	"13.076729"	"15.062086"	"3s.4p"	"3P*"	"2"	"3s.4d"	"3D"	"2"	5	5		"T6298c4,LS"	""	
Al	2	"624.336"	"624.337"	"100"	"1.11e+08"	A	"13.076729"	"15.062034"	"3s.4p"	"3P*"	"2"	"3s.4d"	"3D"	"3"	5	7		"T6298c4,LS"	"L3515"	
Al	3	""	"630.179"	""	"6.28e+05"	B+	"24.967343"	"26.934242"	"2p6.6d"	"2D"	"5/2"	"2p6.9f"	"2F*"	"5/2"	6	6		"c32"	""	
Al	3	"630.185"	"630.179"	"2d*"	"9.42e+06"	A	"24.967343"	"26.934242"	"2p6.6d"	"2D"	"5/2"	"2p6.9f"	"2F*"	"7/2"	6	8		"c32"	"L277"	
Al	3	"630.185"	"630.194"	"2d*"	"8.79e+06"	A	"24.967387"	"26.934242"	"2p6.6d"	"2D"	"3/2"	"2p6.9f"	"2F*"	"5/2"	4	6		"c32"	"L277"	
Al	2	""	"631.990"	""	"2.16e+05"	C+	"15.30839"	"17.269654"	"3s.4f"	"1F*"	"3"	"3s.6d"	"1D"	"2"	7	5		"T6533"	""	
Al	2	"633.5701"	"633.571"	"30"	"1.53e+07"	B	"13.649399"	"15.6057689"	"3s.3d"	"1D"	"2"	"3s.5p"	"1P*"	"1"	5	3		"T6533"	"L4575"	
Al	2	""	"649.313"	""	"2.16e+03"	E	"15.301941"	"17.210881"	"3s.4f"	"3F*"	"2"	"3s.6d"	"3D"	"3"	5	7		"T6298c4,LS"	""	
Al	2	""	"649.323"	""	"1.07e+05"	C	"15.301941"	"17.210850"	"3s.4f"	"3F*"	"2"	"3s.6d"	"3D"	"2"	5	5		"T6298c4,LS"	""	
Al	2	""	"649.323"	""	"9.59e+05"	C+	"15.301941"	"17.210850"	"3s.4f"	"3F*"	"2"	"3s.6d"	"3D"	"1"	5	3		"T6298c4,LS"	""	
Al	2	""	"649.396"	""	"7.64e+04"	C	"15.302186"	"17.210881"	"3s.4f"	"3F*"	"3"	"3s.6d"	"3D"	"3"	7	7		"T6298c4,LS"	""	
Al	2	""	"649.407"	""	"8.52e+05"	C+	"15.302186"	"17.210850"	"3s.4f"	"3F*"	"3"	"3s.6d"	"3D"	"2"	7	5		"T6298c4,LS"	""	
Al	2	"649.545"	"649.519"	""	"8.80e+05"	C+	"15.302546"	"17.210881"	"3s.4f"	"3F*"	"4"	"3s.6d"	"3D"	"3"	9	7		"T6298c4,LS"	"L3471"	
Al	3	"654.312"	"654.312"	"2d*"	""		"25.041232"	"26.935588"	"2p6.6f"	"2F*"	"7/2"	"2p6.9g"	"2G"	"9/2"	8	10		""	"L277"	
Al	3	"654.312"	"654.312"	"2d*"	""		"25.041232"	"26.935588"	"2p6.6f"	"2F*"	"7/2"	"2p6.9g"	"2G"	"7/2"	8	8		""	"L277"	
Al	3	"654.312"	"654.312"	"2d*"	""		"25.041232"	"26.935588"	"2p6.6f"	"2F*"	"5/2"	"2p6.9g"	"2G"	"7/2"	6	8		""	"L277"	
Al	3	"655.618"	"655.618"	"2d*"	""		"25.045252"	"26.935834"	"2p6.6g"	"2G"	"7/2"	"2p6.9h"	"2H*"	"9/2"	8	10		""	"L277"	
Al	3	"655.618"	"655.618"	"2d*"	""		"25.045252"	"26.935834"	"2p6.6g"	"2G"	"9/2"	"2p6.9h"	"2H*"	"9/2"	10	10		""	"L277"	
Al	3	"655.618"	"655.618"	"2d*"	""		"25.045252"	"26.935834"	"2p6.6g"	"2G"	"9/2"	"2p6.9h"	"2H*"	"11/2"	10	12		""	"L277"	
Al	2	"660.964"	"660.981"	""	"2.20e+06"	C+	"15.472500"	"17.347743"	"3s.4d"	"1D"	"2"	"3s.7p"	"1P*"	"1"	5	3		"T6533"	"L3515"	
Al	1	"669.6015"	"669.6018"	"13"	"1.00e+06"	C+	"3.1427212"	"4.9938210"	"3s2.4s"	"2S"	"1/2"	"3s2.5p"	"2P*"	"3/2"	2	4		"u36,LS"	"L4737"	
Al	2	"669.639"	"669.64302"	"2"	"2.74e+05"	C+	"14.8896243"	"16.7406102"	"3s.5s"	"3S"	"1"	"3s.6p"	"3P*"	"2"	3	5		"T6298c4,LS"	"L3471"	
Al	1	"669.8673"	"669.8667"	"11"	"1.00e+06"	C+	"3.1427212"	"4.9930889"	"3s2.4s"	"2S"	"1/2"	"3s2.5p"	"2P*"	"1/2"	2	2		"u36,LS"	"L4737"	
Al	2	"669.946"	"669.93138"	"1"	"2.73e+05"	C	"14.8896243"	"16.7398135"	"3s.5s"	"3S"	"1"	"3s.6p"	"3P*"	"1"	3	3		"T6298c4,LS"	"L3471"	
Al	2	""	"670.08477"	""	"2.74e+05"	C	"14.8896243"	"16.7393899"	"3s.5s"	"3S"	"1"	"3s.6p"	"3P*"	"0"	3	1		"T6298c4,LS"	""	
Al	2	""	"677.710"	""	""		"16.467940"	"18.29689"	"3s.5d"	"3D"	"3"	"3s.11p"	"3P*"	"2"	7	5		""	""	
Al	1	"678.52"	"678.4242"	"1"	""		"4.0216502"	"[5.848678]"	"3s2.3d"	"2D"	"5/2"	"3s2.10f"	"2F*"	"7/2"	6	8		""	"L7415"	
Al	2	"681.669"	"681.689"	"10"	"1.20e+07"	B	"13.071347"	"14.8896243"	"3s.4p"	"3P*"	"0"	"3s.5s"	"3S"	"1"	1	3		"T6298c4,LS"	"L3515"	
Al	2	"682.348"	"682.339"	"50"	"3.59e+07"	B+	"13.073080"	"14.8896243"	"3s.4p"	"3P*"	"1"	"3s.5s"	"3S"	"1"	3	3		"T6298c4,LS"	"L3515"	
Al	2	"683.714"	"683.713"	"80"	"5.94e+07"	B+	"13.076729"	"14.8896243"	"3s.4p"	"3P*"	"2"	"3s.5s"	"3S"	"1"	5	3		"T6298c4,LS"	"L3515"	
Al	1	""	"690.5638"	""	"1.08e+06"	D	"4.0214836"	"[5.816394]"	"3s2.3d"	"2D"	"3/2"	"3s2.9f"	"2F*"	"5/2"	4	6		"u36,LS"	""	
Al	1	""	"690.6279"	""	"7.69e+04"	E	"4.0216502"	"[5.816394]"	"3s2.3d"	"2D"	"5/2"	"3s2.9f"	"2F*"	"5/2"	6	6		"u36,LS"	""	
Al	1	"690.64"	"690.6279"	"3"	"1.15e+06"	C	"4.0216502"	"[5.816394]"	"3s2.3d"	"2D"	"5/2"	"3s2.9f"	"2F*"	"7/2"	6	8		"u36,LS"	"L7415"	
Al	2	"691.793"	"691.793"	"10"	"9.90e+06"	B+	"15.472500"	"17.2642222"	"3s.4d"	"1D"	"2"	"3s.6f"	"1F*"	"3"	5	7		"T6533"	"L3515"	
Al	2	"691.996"	"692.034"	"1"	"1.00e+08"	A	"13.256460"	"15.0475561"	"3s.4p"	"1P*"	"1"	"3s.5s"	"1S"	"0"	3	1		"T6533"	"L3471"	
Al	3	""	"701.651"	""	"7.72e+06"	A	"24.254002"	"26.020550"	"2p6.6p"	"2P*"	"1/2"	"2p6.8s"	"2S"	"1/2"	2	2		"c32"	""	
Al	2	""	"702.464"	""	"2.15e+05"	C+	"13.841265"	"15.6057689"	"3p2"	"1S"	"0"	"3s.5p"	"1P*"	"1"	1	3		"T6533"	""	
Al	3	""	"702.638"	""	"1.54e+07"	A+	"24.256484"	"26.020550"	"2p6.6p"	"2P*"	"3/2"	"2p6.8s"	"2S"	"1/2"	4	2		"c32"	""	
Al	2	"704.206"	"704.208"	"100"	"5.78e+07"	A+	"11.316596"	"13.076729"	"3s.4s"	"3S"	"1"	"3s.4p"	"3P*"	"2"	3	5		"c47"	"L3515"	
Al	2	"705.660"	"705.671"	"50"	"5.74e+07"	A	"11.316596"	"13.073080"	"3s.4s"	"3S"	"1"	"3s.4p"	"3P*"	"1"	3	3		"c47"	"L3515"	
Al	2	"706.364"	"706.368"	"10"	"5.73e+07"	A	"11.316596"	"13.071347"	"3s.4s"	"3S"	"1"	"3s.4p"	"3P*"	"0"	3	1		"c47"	"L3515"	
Al	1	"708.3968"	"708.3969"	"5"	"1.54e+06"	C+	"4.0214836"	"5.7712093"	"3s2.3d"	"2D"	"3/2"	"3s2.8f"	"2F*"	"5/2"	4	6		"u36,LS"	"L4737"	
Al	1	""	"708.4643"	""	"1.10e+05"	E	"4.0216502"	"5.7712093"	"3s2.3d"	"2D"	"5/2"	"3s2.8f"	"2F*"	"5/2"	6	6		"u36,LS"	""	
Al	1	"708.4644"	"708.4643"	"6"	"1.65e+06"	C+	"4.0216502"	"5.7712093"	"3s2.3d"	"2D"	"5/2"	"3s2.8f"	"2F*"	"7/2"	6	8		"u36,LS"	"L4737"	
Al	2	""	"713.289"	""	"2.59e+06"	C	"16.544168"	"18.28189"	"3s.5f"	"3F*"	"2"	"3s.10g"	"3G"	"3"	5	7		"T6298c4,LS"	""	
Al	2	""	"713.563"	""	"2.27e+05"	E	"16.544833"	"18.28189"	"3s.5f"	"3F*"	"3"	"3s.10g"	"3G"	"3"	7	7		"T6298c4,LS"	""	
Al	2	""	"713.563"	""	"2.64e+06"	C	"16.544833"	"18.28189"	"3s.5f"	"3F*"	"3"	"3s.10g"	"3G"	"4"	7	9		"T6298c4,LS"	""	
Al	2	""	"713.919"	""	"3.45e+03"	E	"16.545700"	"18.28189"	"3s.5f"	"3F*"	"4"	"3s.10g"	"3G"	"3"	9	7		"T6298c4,LS"	""	
Al	2	""	"713.919"	""	"1.75e+05"	E	"16.545700"	"18.28189"	"3s.5f"	"3F*"	"4"	"3s.10g"	"3G"	"4"	9	9		"T6298c4,LS"	""	
Al	2	""	"713.919"	""	"2.81e+06"	C	"16.545700"	"18.28189"	"3s.5f"	"3F*"	"4"	"3s.10g"	"3G"	"5"	9	11		"T6298c4,LS"	""	
Al	3	""	"719.043"	""	"3.40e+04"	B+	"23.741019"	"25.464838"	"2p6.6s"	"2S"	"1/2"	"2p6.7p"	"2P*"	"3/2"	2	4		"c32"	""	
Al	3	""	"719.666"	""	"4.38e+04"	B+	"23.741019"	"25.463347"	"2p6.6s"	"2S"	"1/2"	"2p6.7p"	"2P*"	"1/2"	2	2		"c32"	""	
Al	2	""	"725.931"	""	"2.68e+06"	C	"16.574428"	"18.28189"	"3s.5f"	"1F*"	"3"	"3s.10g"	"1G"	"4"	7	9		"T6298c4"	""	
Al	2	""	"727.283"	""	"1.50e+05"	C	"16.3926349"	"18.096925"	"3s.6s"	"3S"	"1"	"3p.4s"	"3P*"	"2"	3	5		"T6298c4,LS"	""	
Al	2	""	"730.815"	""	"2.56e+06"	C	"16.467940"	"18.163991"	"3s.5d"	"3D"	"3"	"3s.9f"	"3F*"	"4"	7	9		"T6298c4,LS"	""	
Al	2	""	"730.890"	""	"2.27e+06"	C	"16.467928"	"18.163808"	"3s.5d"	"3D"	"2"	"3s.9f"	"3F*"	"3"	5	7		"T6298c4,LS"	""	
Al	2	""	"730.894"	""	"2.85e+05"	E	"16.467940"	"18.163808"	"3s.5d"	"3D"	"3"	"3s.9f"	"3F*"	"3"	7	7		"T6298c4,LS"	""	
Al	2	""	"730.948"	""	"3.99e+05"	E	"16.467928"	"18.163673"	"3s.5d"	"3D"	"2"	"3s.9f"	"3F*"	"2"	5	5		"T6298c4,LS"	""	
Al	2	""	"730.953"	""	"1.12e+04"	E	"16.467940"	"18.163673"	"3s.5d"	"3D"	"3"	"3s.9f"	"3F*"	"2"	7	5		"T6298c4,LS"	""	
Al	2	""	"730.956"	""	"2.15e+06"	C	"16.467947"	"18.163673"	"3s.5d"	"3D"	"1"	"3s.9f"	"3F*"	"2"	3	5		"T6298c4,LS"	""	
Al	1	""	"732.7472"	""	"3.66e+05"	D	"4.0852554"	"5.776835"	"3s2.4p"	"2P*"	"1/2"	"3s2.8d"	"2D"	"3/2"	2	4		"u36,LS"	""	
Al	1	""	"733.5645"	""	"4.37e+05"	C	"4.0872183"	"5.776914"	"3s2.4p"	"2P*"	"3/2"	"3s2.8d"	"2D"	"5/2"	4	6		"u36,LS"	""	
Al	1	""	"733.5985"	""	"7.28e+04"	E	"4.0872183"	"5.776835"	"3s2.4p"	"2P*"	"3/2"	"3s2.8d"	"2D"	"3/2"	4	4		"u36,LS"	""	
Al	2	""	"734.056"	""	"1.46e+05"	C	"16.3926349"	"18.081198"	"3s.6s"	"3S"	"1"	"3p.4s"	"3P*"	"1"	3	3		"T6298c4,LS"	""	
Al	1	"736.1568"	"736.1568"	"8"	"2.32e+06"	C+	"4.0214836"	"5.7052289"	"3s2.3d"	"2D"	"3/2"	"3s2.7f"	"2F*"	"5/2"	4	6		"u36,LS"	"L4737"	
Al	1	""	"736.2296"	""	"1.66e+05"	D	"4.0216502"	"5.7052289"	"3s2.3d"	"2D"	"5/2"	"3s2.7f"	"2F*"	"5/2"	6	6		"u36,LS"	""	
Al	1	"736.2297"	"736.2296"	"9"	"2.49e+06"	C+	"4.0216502"	"5.7052289"	"3s2.3d"	"2D"	"5/2"	"3s2.7f"	"2F*"	"7/2"	6	8		"u36,LS"	"L4737"	
Al	2	""	"737.226"	""	"1.44e+05"	D	"16.3926349"	"18.073939"	"3s.6s"	"3S"	"1"	"3p.4s"	"3P*"	"0"	3	1		"T6298c4,LS"	""	
Al	2	""	"737.659"	""	"4.80e+05"	C+	"15.0475561"	"16.727874"	"3s.5s"	"1S"	"0"	"3s.6p"	"1P*"	"1"	1	3		"T6533"	""	
Al	2	""	"738.424"	""	"1.06e+06"	C+	"15.062034"	"16.7406102"	"3s.4d"	"3D"	"3"	"3s.6p"	"3P*"	"2"	7	5		"T6298c4,LS"	""	
Al	2	""	"738.447"	""	"1.88e+05"	C+	"15.062086"	"16.7406102"	"3s.4d"	"3D"	"2"	"3s.6p"	"3P*"	"2"	5	5		"T6298c4,LS"	""	
Al	2	""	"738.46495"	""	"1.25e+04"	D	"15.0621276"	"16.7406102"	"3s.4d"	"3D"	"1"	"3s.6p"	"3P*"	"2"	3	5		"T6298c4,LS"	""	
Al	2	""	"738.798"	""	"9.40e+05"	C+	"15.062086"	"16.7398135"	"3s.4d"	"3D"	"2"	"3s.6p"	"3P*"	"1"	5	3		"T6298c4,LS"	""	
Al	2	""	"738.81564"	""	"3.14e+05"	C+	"15.0621276"	"16.7398135"	"3s.4d"	"3D"	"1"	"3s.6p"	"3P*"	"1"	3	3		"T6298c4,LS"	""	
Al	2	""	"739.00220"	""	"1.25e+06"	C+	"15.0621276"	"16.7393899"	"3s.4d"	"3D"	"1"	"3s.6p"	"3P*"	"0"	3	1		"T6298c4,LS"	""	
Al	2	"744.942"	"744.944"	"50"	"1.16e+07"	A	"15.6057689"	"17.269654"	"3s.5p"	"1P*"	"1"	"3s.6d"	"1D"	"2"	3	5		"T6533"	"L3515"	
Al	2	"747.141"	"747.141"	"90"	"5.57e+07"	B+	"13.649399"	"15.30839"	"3s.3d"	"1D"	"2"	"3s.4f"	"1F*"	"3"	5	7		"T6298c4"	"L3515"	
Al	3	""	"753.934"	""	"3.63e+06"	A	"24.254002"	"25.898046"	"2p6.6p"	"2P*"	"1/2"	"2p6.7d"	"2D"	"3/2"	2	4		"c32"	""	
Al	3	""	"755.074"	""	"7.10e+05"	A	"24.256484"	"25.898046"	"2p6.6p"	"2P*"	"3/2"	"2p6.7d"	"2D"	"3/2"	4	4		"c32"	""	
Al	3	""	"755.074"	""	"4.26e+06"	A+	"24.256484"	"25.898046"	"2p6.6p"	"2P*"	"3/2"	"2p6.7d"	"2D"	"5/2"	4	6		"c32"	""	
Al	1	"755.4162"	"755.4164"	"1"	""		"4.0852554"	"5.7260732"	"3s2.4p"	"2P*"	"1/2"	"3s2.9s"	"2S"	"1/2"	2	2		""	"L4737"	
Al	1	"756.3214"	"756.3212"	"3"	""		"4.0872183"	"5.7260732"	"3s2.4p"	"2P*"	"3/2"	"3s2.9s"	"2S"	"1/2"	4	2		""	"L4737"	
Al	1	"760.6159"	"760.6162"	"5"	"4.36e+05"	D	"4.0852554"	"5.7148562"	"3s2.4p"	"2P*"	"1/2"	"3s2.7d"	"2D"	"3/2"	2	4		"u36,LS"	"L4737"	
Al	2	""	"760.899"	""	"3.09e+04"	D	"16.467928"	"18.096925"	"3s.5d"	"3D"	"2"	"3p.4s"	"3P*"	"2"	5	5		"T6298c4,LS"	""	
Al	2	""	"760.904"	""	"1.72e+05"	C+	"16.467940"	"18.096925"	"3s.5d"	"3D"	"3"	"3p.4s"	"3P*"	"2"	7	5		"T6298c4,LS"	""	
Al	2	""	"760.907"	""	"2.05e+03"	E	"16.467947"	"18.096925"	"3s.5d"	"3D"	"1"	"3p.4s"	"3P*"	"2"	3	5		"T6298c4,LS"	""	
Al	1	"761.4820"	"761.4820"	"7"	"5.20e+05"	C	"4.0872183"	"5.7149663"	"3s2.4p"	"2P*"	"3/2"	"3s2.7d"	"2D"	"5/2"	4	6		"u36,LS"	"L4737"	
Al	1	"761.5339"	"761.5335"	"1"	"8.68e+04"	E	"4.0872183"	"5.7148562"	"3s2.4p"	"2P*"	"3/2"	"3s2.7d"	"2D"	"3/2"	4	4		"u36,LS"	"L4737"	
Al	2	"762.448"	"762.466"	"5"	"4.59e+06"	B	"15.585203"	"17.210850"	"3s.5p"	"3P*"	"0"	"3s.6d"	"3D"	"1"	1	3		"T6298c4,LS"	"L3515"	
Al	2	"762.785"	"762.797"	"10"	"6.20e+06"	B	"15.5859083"	"17.210850"	"3s.5p"	"3P*"	"1"	"3s.6d"	"3D"	"2"	3	5		"T6298c4,LS"	"L3515"	
Al	2	""	"762.797"	""	"3.45e+06"	C+	"15.5859083"	"17.210850"	"3s.5p"	"3P*"	"1"	"3s.6d"	"3D"	"1"	3	3		"T6298c4,LS"	""	
Al	3	""	"763.522"	""	"3.55e+06"	A+	"23.417834"	"25.041232"	"2p6.5d"	"2D"	"5/2"	"2p6.6f"	"2F*"	"5/2"	6	6		"c32"	""	
Al	2	"763.533"	"763.532"	"20"	"8.25e+06"	B+	"15.5875046"	"17.210881"	"3s.5p"	"3P*"	"2"	"3s.6d"	"3D"	"3"	5	7		"T6298c4,LS"	"L3515"	
Al	3	"763.537"	"763.522"	"7d*"	"5.33e+07"	A+	"23.417834"	"25.041232"	"2p6.5d"	"2D"	"5/2"	"2p6.6f"	"2F*"	"7/2"	6	8		"c32"	"L277"	
Al	3	"763.537"	"763.560"	"7d*"	"4.97e+07"	A+	"23.417915"	"25.041232"	"2p6.5d"	"2D"	"3/2"	"2p6.6f"	"2F*"	"5/2"	4	6		"c32"	"L277"	
Al	2	""	"763.547"	""	"2.29e+05"	C	"15.5875046"	"17.210850"	"3s.5p"	"3P*"	"2"	"3s.6d"	"3D"	"1"	5	3		"T6298c4,LS"	""	
Al	2	""	"763.547"	""	"2.06e+06"	C+	"15.5875046"	"17.210850"	"3s.5p"	"3P*"	"2"	"3s.6d"	"3D"	"2"	5	5		"T6298c4,LS"	""	
Al	3	"766.0259"	"766.026"	"6"	"3.80e+07"	A+	"22.122926"	"23.741019"	"2p6.5p"	"2P*"	"1/2"	"2p6.6s"	"2S"	"1/2"	2	2		"c32"	"L277"	
Al	3	"768.1971"	"768.197"	"7"	"7.60e+07"	A+	"22.127500"	"23.741019"	"2p6.5p"	"2P*"	"3/2"	"2p6.6s"	"2S"	"1/2"	4	2		"c32"	"L277"	
Al	2	""	"768.316"	""	"1.50e+05"	C	"16.467928"	"18.081198"	"3s.5d"	"3D"	"2"	"3p.4s"	"3P*"	"1"	5	3		"T6298c4,LS"	""	
Al	2	""	"768.325"	""	"4.99e+04"	D	"16.467947"	"18.081198"	"3s.5d"	"3D"	"1"	"3p.4s"	"3P*"	"1"	3	3		"T6298c4,LS"	""	
Al	2	""	"770.252"	""	"3.68e+06"	C+	"16.544168"	"18.15338"	"3s.5f"	"3F*"	"2"	"3s.9g"	"3G"	"3"	5	7		"T6298c4,LS"	""	
Al	2	""	"770.571"	""	"3.22e+05"	E	"16.544833"	"18.15338"	"3s.5f"	"3F*"	"3"	"3s.9g"	"3G"	"3"	7	7		"T6298c4,LS"	""	
Al	2	""	"770.571"	""	"3.75e+06"	C+	"16.544833"	"18.15338"	"3s.5f"	"3F*"	"3"	"3s.9g"	"3G"	"4"	7	9		"T6298c4,LS"	""	
Al	2	""	"770.986"	""	"4.90e+03"	E	"16.545700"	"18.15338"	"3s.5f"	"3F*"	"4"	"3s.9g"	"3G"	"3"	9	7		"T6298c4,LS"	""	
Al	2	""	"770.986"	""	"2.50e+05"	E	"16.545700"	"18.15338"	"3s.5f"	"3F*"	"4"	"3s.9g"	"3G"	"4"	9	9		"T6298c4,LS"	""	
Al	2	""	"770.986"	""	"4.00e+06"	C+	"16.545700"	"18.15338"	"3s.5f"	"3F*"	"4"	"3s.9g"	"3G"	"5"	9	11		"T6298c4,LS"	""	
Al	2	""	"771.798"	""	"1.97e+05"	C	"16.467947"	"18.073939"	"3s.5d"	"3D"	"1"	"3p.4s"	"3P*"	"0"	3	1		"T6298c4,LS"	""	
Al	2	""	"773.088"	""	"1.43e+07"	C+	"15.6057689"	"17.209081"	"3s.5p"	"1P*"	"1"	"3s.7s"	"1S"	"0"	3	1		"T6298c4"	""	
Al	2	"781.231"	"781.233"	"5"	"1.55e+06"	C	"15.585203"	"17.171798"	"3s.5p"	"3P*"	"0"	"3s.7s"	"3S"	"1"	1	3		"T6298c4,LS"	"L3515"	
Al	2	"781.583"	"781.581"	"10"	"4.64e+06"	C+	"15.5859083"	"17.171798"	"3s.5p"	"3P*"	"1"	"3s.7s"	"3S"	"1"	3	3		"T6298c4,LS"	"L3515"	
Al	2	"782.372"	"782.368"	"20"	"7.70e+06"	C+	"15.5875046"	"17.171798"	"3s.5p"	"3P*"	"2"	"3s.7s"	"3S"	"1"	5	3		"T6298c4,LS"	"L3515"	
Al	1	"783.5309"	"783.5309"	"11"	"3.71e+06"	B	"4.0214836"	"5.6034263"	"3s2.3d"	"2D"	"3/2"	"3s2.6f"	"2F*"	"5/2"	4	6		"u36,LS"	"L4737"	
Al	1	"783.6134"	"783.6134"	"12*"	"2.65e+05"	C+	"4.0216502"	"5.6034263"	"3s2.3d"	"2D"	"5/2"	"3s2.6f"	"2F*"	"5/2"	6	6		"u36,LS"	"L4737"	
Al	1	"783.6134"	"783.6134"	"12*"	"3.97e+06"	B+	"4.0216502"	"5.6034263"	"3s2.3d"	"2D"	"5/2"	"3s2.6f"	"2F*"	"7/2"	6	8		"u36,LS"	"L4737"	
Al	3	"788.1790"	"788.178"	"9"	"5.53e+07"	A+	"20.554884"	"22.127500"	"2p6.4d"	"2D"	"5/2"	"2p6.5p"	"2P*"	"3/2"	6	4		"c32"	"L277"	
Al	3	"788.2516"	"788.252"	"6"	"6.14e+06"	A+	"20.555032"	"22.127500"	"2p6.4d"	"2D"	"3/2"	"2p6.5p"	"2P*"	"3/2"	4	4		"c32"	"L277"	
Al	3	"790.5513"	"790.551"	"8"	"6.12e+07"	A+	"20.555032"	"22.122926"	"2p6.4d"	"2D"	"3/2"	"2p6.5p"	"2P*"	"1/2"	4	2		"c32"	"L277"	
Al	3	""	"792.158"	""	"8.82e+05"	A	"24.967343"	"26.532058"	"2p6.6d"	"2D"	"5/2"	"2p6.8f"	"2F*"	"5/2"	6	6		"c32"	""	
Al	3	"792.166"	"792.158"	"2d*"	"1.32e+07"	A+	"24.967343"	"26.532058"	"2p6.6d"	"2D"	"5/2"	"2p6.8f"	"2F*"	"7/2"	6	8		"c32"	"L277"	
Al	3	"792.166"	"792.180"	"2d*"	"1.23e+07"	A+	"24.967387"	"26.532058"	"2p6.6d"	"2D"	"3/2"	"2p6.8f"	"2F*"	"5/2"	4	6		"c32"	"L277"	
Al	1	"799.3048"	"799.3045"	"5"	""		"4.0852554"	"5.6359800"	"3s2.4p"	"2P*"	"1/2"	"3s2.8s"	"2S"	"1/2"	2	2		""	"L4737"	
Al	1	"800.3186"	"800.3175"	"7"	""		"4.0872183"	"5.6359800"	"3s2.4p"	"2P*"	"3/2"	"3s2.8s"	"2S"	"1/2"	4	2		""	"L4737"	
Al	1	"806.5968"	"806.5969"	"6"	"4.42e+05"	C+	"4.0852554"	"5.6219600"	"3s2.4p"	"2P*"	"1/2"	"3s2.6d"	"2D"	"3/2"	2	4		"u36,LS"	"L4737"	
Al	1	"807.5353"	"807.5353"	"8"	"5.28e+05"	C+	"4.0872183"	"5.6221371"	"3s2.4p"	"2P*"	"3/2"	"3s2.6d"	"2D"	"5/2"	4	6		"u36,LS"	"L4737"	
Al	1	"807.6289"	"807.6285"	"2"	"8.81e+04"	C	"4.0872183"	"5.6219600"	"3s2.4p"	"2P*"	"3/2"	"3s2.6d"	"2D"	"3/2"	4	4		"u36,LS"	"L4737"	
Al	2	"808.691"	"808.686"	"5"	"2.02e+06"	C	"16.6035135"	"18.136247"	"3s.5d"	"1D"	"2"	"3s.9f"	"1F*"	"3"	5	7		"T6298c4"	"L3515"	
Al	2	"811.972"	"811.965"	"15"	"2.91e+06"	C+	"16.467940"	"17.994485"	"3s.5d"	"3D"	"3"	"3s.8f"	"3F*"	"4"	7	9		"T6298c4,LS"	"L3515"	
Al	2	""	"812.188"	""	"3.24e+05"	C	"16.467940"	"17.994066"	"3s.5d"	"3D"	"3"	"3s.8f"	"3F*"	"3"	7	7		"T6298c4,LS"	""	
Al	2	"812.189"	"812.182+"	"2"	""		"16.467928"	"17.994066"	"3s.5d"	"3D"	"2"	"3s.8f"	"3F*"	"3"	5	7		""	"L3515c14"	
Al	2	"812.203"	"812.182"	"7hfs"	"2.58e+06"	C+	"16.467928"	"17.994066"	"3s.5d"	"3D"	"2"	"3s.8f"	"3F*"	"3"	5	7		"T6298c4,LS"	"L3515c150"	
Al	2	"812.208"	"812.182+"	"5"	""		"16.467928"	"17.994066"	"3s.5d"	"3D"	"2"	"3s.8f"	"3F*"	"3"	5	7		""	"L3515c14"	
Al	2	"812.352"	"812.341"	"1*"	"4.54e+05"	C	"16.467928"	"17.993766"	"3s.5d"	"3D"	"2"	"3s.8f"	"3F*"	"2"	5	5		"T6298c4,LS"	"L3515"	
Al	2	"812.352"	"812.347"	"1*"	"1.28e+04"	E	"16.467940"	"17.993766"	"3s.5d"	"3D"	"3"	"3s.8f"	"3F*"	"2"	7	5		"T6298c4,LS"	"L3515"	
Al	2	"812.352"	"812.351"	"1*"	"2.44e+06"	C+	"16.467947"	"17.993766"	"3s.5d"	"3D"	"1"	"3s.8f"	"3F*"	"2"	3	5		"T6298c4,LS"	"L3515"	
Al	3	"824.359"	"824.347"	"8d*"	""		"23.541636"	"25.045252"	"2p6.5f"	"2F*"	"5/2"	"2p6.6g"	"2G"	"7/2"	6	8		""	"L277"	
Al	3	"824.359"	"824.369"	"8d*"	""		"23.541676"	"25.045252"	"2p6.5f"	"2F*"	"7/2"	"2p6.6g"	"2G"	"9/2"	8	10		""	"L277"	
Al	3	"827.511"	"827.504"	"9d*"	""		"23.548132"	"25.046012"	"2p6.5g"	"2G"	"7/2"	"2p6.6h"	"2H*"	"9/2"	8	10		""	"L277"	
Al	3	"827.511"	"827.517"	"9d*"	""		"23.548155"	"25.046012"	"2p6.5g"	"2G"	"9/2"	"2p6.6h"	"2H*"	"11/2"	10	12		""	"L277"	
Al	3	"830.162"	"830.166"	"3d"	""		"23.548155"	"25.041232"	"2p6.5g"	"2G"	"9/2"	"2p6.6f"	"2F*"	"7/2"	10	8		""	"L277"	
Al	3	"830.402"	"830.401"	"2d*"	""		"25.041232"	"26.533886"	"2p6.6f"	"2F*"	"5/2"	"2p6.8g"	"2G"	"7/2"	6	8		""	"L277"	
Al	3	"830.402"	"830.401"	"2d*"	""		"25.041232"	"26.533886"	"2p6.6f"	"2F*"	"7/2"	"2p6.8g"	"2G"	"7/2"	8	8		""	"L277"	
Al	3	"830.402"	"830.401"	"2d*"	""		"25.041232"	"26.533886"	"2p6.6f"	"2F*"	"7/2"	"2p6.8g"	"2G"	"9/2"	8	10		""	"L277"	
Al	3	"832.456"	"832.456"	"2d*"	""		"25.045252"	"26.534222"	"2p6.6g"	"2G"	"9/2"	"2p6.8h"	"2H*"	"11/2"	10	12		""	"L277"	
Al	3	"832.456"	"832.456"	"2d*"	""		"25.045252"	"26.534222"	"2p6.6g"	"2G"	"7/2"	"2p6.8h"	"2H*"	"9/2"	8	10		""	"L277"	
Al	3	"832.456"	"832.456"	"2d*"	""		"25.045252"	"26.534222"	"2p6.6g"	"2G"	"9/2"	"2p6.8h"	"2H*"	"9/2"	10	10		""	"L277"	
Al	2	"835.4318"	"835.432"	"100"	"4.27e+07"	A	"15.062034"	"16.545700"	"3s.4d"	"3D"	"3"	"3s.5f"	"3F*"	"4"	7	9		"T6298c4,LS"	"L4575"	
Al	2	"835.923"	"835.920"	"5"	"4.75e+06"	B+	"15.062034"	"16.544833"	"3s.4d"	"3D"	"3"	"3s.5f"	"3F*"	"3"	7	7		"T6298c4,LS"	"L3515"	
Al	2	"835.9492"	"835.949"	"50"	"3.79e+07"	A	"15.062086"	"16.544833"	"3s.4d"	"3D"	"2"	"3s.5f"	"3F*"	"3"	5	7		"T6298c4,LS"	"L4575"	
Al	2	""	"836.296"	""	"1.87e+05"	C+	"15.062034"	"16.544168"	"3s.4d"	"3D"	"3"	"3s.5f"	"3F*"	"2"	7	5		"T6298c4,LS"	""	
Al	2	"836.3251"	"836.325"	"5"	"6.64e+06"	B+	"15.062086"	"16.544168"	"3s.4d"	"3D"	"2"	"3s.5f"	"3F*"	"2"	5	5		"T6298c4,LS"	"L4575"	
Al	2	"836.3469"	"836.348"	"50"	"3.58e+07"	A	"15.0621276"	"16.544168"	"3s.4d"	"3D"	"1"	"3s.5f"	"3F*"	"2"	3	5		"T6298c4,LS"	"L4575"	
Al	3	""	"849.653"	""	"1.80e+06"	A	"25.041232"	"26.500065"	"2p6.6f"	"2F*"	"7/2"	"2p6.8d"	"2D"	"5/2"	8	6		"c32"	""	
Al	3	""	"849.653"	""	"1.89e+06"	A	"25.041232"	"26.500065"	"2p6.6f"	"2F*"	"5/2"	"2p6.8d"	"2D"	"3/2"	6	4		"c32"	""	
Al	3	""	"849.653"	""	"8.99e+04"	A	"25.041232"	"26.500065"	"2p6.6f"	"2F*"	"5/2"	"2p6.8d"	"2D"	"5/2"	6	6		"c32"	""	
Al	2	"864.0705"	"864.070"	"100"	"3.00e+07"	A+	"11.821968"	"13.256460"	"3s.4s"	"1S"	"0"	"3s.4p"	"1P*"	"1"	1	3		"c47,u24"	"L4575"	
Al	2	"867.106"	"867.11+"	"5"	""		"16.544168"	"17.97363"	"3s.5f"	"3F*"	"2"	"3s.8g"	"3G"	"3"	5	7		""	"L3515c14"	
Al	2	"867.121"	"867.110"	"15hfs"	"5.52e+06"	C+	"16.544168"	"17.97363"	"3s.5f"	"3F*"	"2"	"3s.8g"	"3G"	"3"	5	7		"T6298c4,LS"	"L3515c150"	
Al	2	"867.128"	"867.11+"	"10"	""		"16.544168"	"17.97363"	"3s.5f"	"3F*"	"2"	"3s.8g"	"3G"	"3"	5	7		""	"L3515c14"	
Al	2	""	"867.514"	""	"4.83e+05"	C	"16.544833"	"17.97363"	"3s.5f"	"3F*"	"3"	"3s.8g"	"3G"	"3"	7	7		"T6298c4,LS"	""	
Al	2	""	"867.514"	""	"5.62e+06"	C+	"16.544833"	"17.97363"	"3s.5f"	"3F*"	"3"	"3s.8g"	"3G"	"4"	7	9		"T6298c4,LS"	""	
Al	2	""	"868.041"	""	"7.34e+03"	E	"16.545700"	"17.97363"	"3s.5f"	"3F*"	"4"	"3s.8g"	"3G"	"3"	9	7		"T6298c4,LS"	""	
Al	2	""	"868.041"	""	"3.75e+05"	C	"16.545700"	"17.97363"	"3s.5f"	"3F*"	"4"	"3s.8g"	"3G"	"4"	9	9		"T6298c4,LS"	""	
Al	2	""	"868.041"	""	"5.99e+06"	B	"16.545700"	"17.97363"	"3s.5f"	"3F*"	"4"	"3s.8g"	"3G"	"5"	9	11		"T6298c4,LS"	""	
Al	3	""	"869.367"	""	"5.66e+06"	A+	"23.541636"	"24.967387"	"2p6.5f"	"2F*"	"5/2"	"2p6.6d"	"2D"	"3/2"	6	4		"c32"	""	
Al	3	"869.398"	"869.394"	"4d*"	"2.69e+05"	A	"23.541636"	"24.967343"	"2p6.5f"	"2F*"	"5/2"	"2p6.6d"	"2D"	"5/2"	6	6		"c32"	"L277"	
Al	3	"869.398"	"869.419"	"4d*"	"5.39e+06"	A+	"23.541676"	"24.967343"	"2p6.5f"	"2F*"	"7/2"	"2p6.6d"	"2D"	"5/2"	8	6		"c32"	"L277"	
