shard,row_start,row_end,rows,bytes,sha256
sld_perevent_01.csv,0,14000,14001,879984,5771ab562e2bb043b58af8c4cf4ae81da533f0a783c4f49e036f0c6f878f937b
sld_perevent_02.csv,14001,27759,13759,879948,b5a377d254db750b8b672db7da33e6d11836e950539a945dd035a8631bbb7cca
sld_perevent_03.csv,27760,41511,13752,879951,556d4e17a931296822c4e87a024ca6589be30792526ae0e5ff66844335d4d6ed
sld_perevent_04.csv,41512,55356,13845,879997,65cd3ebe29b91b5d016f93b4da24870dd6b350e5d0d87ded3eb77387792e3514
sld_perevent_05.csv,55357,69183,13827,879966,92a5f4753c508d806ac56d547a1bf1b530d73f09d5cb8db26771e7e5f79f6221
sld_perevent_06.csv,69184,82857,13674,879993,331b1b79479c0cbc920eea8b38847cbd62e44d62443a871850f41a18daf9f305
sld_perevent_07.csv,82858,96511,13654,879942,519b60c1a1da3c9acf2f50d6a42bc4aedf3d75e2d536f61da5f14f375bd72e6a
sld_perevent_08.csv,96512,109977,13466,879942,ffbb69808d6d196e4a9034f48086433f35cc9cfabae0b3c73d596b84e7c757ef
sld_perevent_09.csv,109978,123418,13441,879988,bf4dc1eb4cd7dc044a887cd5b3ed08c87afdbf67f920c4604b509690be837561
sld_perevent_10.csv,123419,136887,13469,879950,a12cd1a79a84cab4327d1747c41c30d8115ca359142472cee3e926a517d96b8e
sld_perevent_11.csv,136888,150538,13651,879944,896c36407b9d2247227d875dd6d98230a91c6acd1323e0e56e2d479106dac5e0
sld_perevent_12.csv,150539,164112,13574,879969,e752e268f7660f84a5a49af611a6ca3f3fcfdf6b59b3230fe3d8593c6e07afb5
sld_perevent_13.csv,164113,177738,13626,879984,0fdb8eb5cc263e743a6211b10c80a90d6ff201bc11b229a5e326220ee91c0fc5
sld_perevent_14.csv,177739,191360,13622,879974,287c73721251d5b1c6dac8d3bef0a87f700e90c911eef34bb044a0552bb3a7db
sld_perevent_15.csv,191361,204968,13608,879969,ef3d551d11490128b05d58905f107e199a746fd2a698e1b45b38261b65a134df
sld_perevent_16.csv,204969,218572,13604,879970,ebc78adb13cf802f36ab2f4848899e82b060e170bb18ff399be2af0e36ecbfbf
sld_perevent_17.csv,218573,232139,13567,879982,a0f2857c5027078087ac8a4dd1ac7b759d31f0d0b307372e05b9ed3fe79f956c
sld_perevent_18.csv,232140,245686,13547,879978,4d87b04a8fe5feac375d7e43a3b2c30a14969befb952e753abc5ae0985ed6a30
sld_perevent_19.csv,245687,259212,13526,879989,0d7b3cac8d83615891c12ff55c5ef9cc57cbc8eba24a87d1e5747567816a9198
sld_perevent_20.csv,259213,272651,13439,879957,a871d689a432ec6466d2e77c7ea93366a4ca69a8211ffc1aed478ab23f4e1f7f
sld_perevent_21.csv,272652,279504,6853,449339,ff4d3197d4f54cbc571cc7a356da2c519745d13ebf39af6cae066db203316574
